"파일","줄","원문","대사"
"src/data/npcTalk.js","6","낯선 사이","낯선 사이"
"src/data/npcTalk.js","6","아는 사이","아는 사이"
"src/data/npcTalk.js","6","친구","친구"
"src/data/npcTalk.js","6","절친","절친"
"src/data/npcTalk.js","13","{name}(이)구나. 용건이 있느냐?","{name}(이)구나. 용건이 있느냐?"
"src/data/npcTalk.js","14","{name}(이)구나. 용건이 있느냐?","{name}(이)구나. 용건이 있느냐?"
"src/data/npcTalk.js","15","앉거라. 무릎이 쑤시던 참이구나...","앉거라. 무릎이 쑤시던 참이구나..."
"src/data/npcTalk.js","16","네 발소리는 이제 멀리서도 알아차리겠구나.","네 발소리는 이제 멀리서도 알아차리겠구나."
"src/data/npcTalk.js","20","이 마을에 드래곤들이 모여 산 지 삼백 년. 많은 일들이 있었고, 마침내 평화로워졌단다.","이 마을에 드래곤들이 모여 산 지 삼백 년. 많은 일들이 있었고, 마침내 평화로워졌단다."
"src/data/npcTalk.js","21","숲 깊은 곳은 조심하려무나. 훗날 강해진다면 멀리 나가도 괜찮을 테지만...","숲 깊은 곳은 조심하려무나. 훗날 강해진다면 멀리 나가도 괜찮을 테지만..."
"src/data/npcTalk.js","22","배가 고프면 물가에서 물고기를 잡거나 덤불 열매를 먹어도 된단다.","배가 고프면 물가에서 물고기를 잡거나 덤불 열매를 먹어도 된단다."
"src/data/npcTalk.js","23","드래곤들은 불, 얼음, 번개 중 하나의 속성을 가지고 태어난단다. 각자의 몸에 맞는 속성이 있는 게야.","드래곤들은 불, 얼음, 번개 중 하나의 속성을 가지고 태어난단다. 각자의 몸에 맞는 속성이 있는 게야."
"src/data/npcTalk.js","24","나라는 수련을 간 게냐. 어쩜 제 어미와 똑 닮았는지...... 정신이 하나도 없구나. (웃는다.)","나라는 수련을 간 게냐. 어쩜 제 어미와 똑 닮았는지...... 정신이 하나도 없구나. (웃는다.)"
"src/data/npcTalk.js","25","나라와 모쪼록 잘 지내면 좋겠구나. 아직 어리기도 하고, 하나뿐인 내 딸이란다.","나라와 모쪼록 잘 지내면 좋겠구나. 아직 어리기도 하고, 하나뿐인 내 딸이란다."
"src/data/npcTalk.js","28","스켈레곤이 되어버린 모르가스는 이 마을을 지키던 드래곤이었단다. 억울한 죽음을 당했지...","스켈레곤이 되어버린 모르가스는 이 마을을 지키던 드래곤이었단다. 억울한 죽음을 당했지..."
"src/data/npcTalk.js","29","날씨에 따라 속성 공격이 영향을 받기도 한단다. 비가 오는 날이면 불 속성 드래곤들은 쉬곤 하지.","날씨에 따라 속성 공격이 영향을 받기도 한단다. 비가 오는 날이면 불 속성 드래곤들은 쉬곤 하지."
"src/data/npcTalk.js","32","잘고라는 머리가 둘인데, 두 머리가 사이가 영 좋지 않아. 서로가 왕이라고 주장하지. 그 꼴로 백 년째란다.","잘고라는 머리가 둘인데, 두 머리가 사이가 영 좋지 않아. 서로가 왕이라고 주장하지. 그 꼴로 백 년째란다."
"src/data/npcTalk.js","33","젊을 때는 내 포효에 새들이 전부 도망가곤 했지. 지금은 기침이나 안 하면 다행이련만...","젊을 때는 내 포효에 새들이 전부 도망가곤 했지. 지금은 기침이나 안 하면 다행이련만..."
"src/data/npcTalk.js","36","이그나르는...... 한때는 사이가 좋았지.","이그나르는...... 한때는 사이가 좋았지."
"src/data/npcTalk.js","37","다음 촌장은 너에게 맡기고 싶구나. 아니, 농담이 아니란다. 이젠 쉴 때도 되었지...","다음 촌장은 너에게 맡기고 싶구나. 아니, 농담이 아니란다. 이젠 쉴 때도 되었지..."
"src/data/npcTalk.js","40","마을을 지킨다.","마을을 지킨다."
"src/data/npcTalk.js","40","얼어붙어라!","얼어붙어라!"
"src/data/npcTalk.js","41","잠깐만 쉬마...","잠깐만 쉬마..."
"src/data/npcTalk.js","46","어어, 그 하늘에서 떨어졌다는 애로구먼. 앉어, 앉어. 고기는 안 물지만 얘기는 물지.","어어, 그 하늘에서 떨어졌다는 애로구먼. 앉어, 앉어. 고기는 안 물지만 얘기는 물지."
"src/data/npcTalk.js","47","왔는가. 오늘은 세 마리여. 어제는 다섯이었는디, 뭐 그런 날도 있는 거지.","왔는가. 오늘은 세 마리여. 어제는 다섯이었는디, 뭐 그런 날도 있는 거지."
"src/data/npcTalk.js","48","자네 왔구먼. 미루가 자네 얘기를 자꾸 물어싸서 내가 다 아는 척을 했지.","자네 왔구먼. 미루가 자네 얘기를 자꾸 물어싸서 내가 다 아는 척을 했지."
"src/data/npcTalk.js","49","어이, 낚싯대 하나 더 있는디 같이 앉을랑가. 말 없이 앉아 있어도 되는 게 낚시의 좋은 점이여.","어이, 낚싯대 하나 더 있는디 같이 앉을랑가. 말 없이 앉아 있어도 되는 게 낚시의 좋은 점이여."
"src/data/npcTalk.js","52","낚시는 말이여, 고기를 잡는 게 아니라 기다리는 거여. 기다리다 보면 고기가 지가 알아서 오는 날이 있지.","낚시는 말이여, 고기를 잡는 게 아니라 기다리는 거여. 기다리다 보면 고기가 지가 알아서 오는 날이 있지."
"src/data/npcTalk.js","53","미루랑은 스무 해를 살았는디 아직도 밥때마다 잔소리를 들어. 근디 그게 없으면 밥맛이 없더라고.","미루랑은 스무 해를 살았는디 아직도 밥때마다 잔소리를 들어. 근디 그게 없으면 밥맛이 없더라고."
"src/data/npcTalk.js","53","습격이 있던 날은 미루가 밤새 안 자. 그럴 땐 내가 낚시 얘기를 한없이 늘어놓지. 그러면 지루해서 잠들거든.","습격이 있던 날은 미루가 밤새 안 자. 그럴 땐 내가 낚시 얘기를 한없이 늘어놓지. 그러면 지루해서 잠들거든."
"src/data/npcTalk.js","54","우리도 알을 하나 품은 적이 있었어. 깨지는 않았지. 그 뒤로 미루는 남의 아이를 유독 예뻐해.","우리도 알을 하나 품은 적이 있었어. 깨지는 않았지. 그 뒤로 미루는 남의 아이를 유독 예뻐해."
"src/data/npcTalk.js","55","자네 둥지에 알이 생기면 나한테 말해. 알은 낚시랑 같아서 서두르면 안 되거든. 내가 기다리는 법 하나는 잘 알지.","자네 둥지에 알이 생기면 나한테 말해. 알은 낚시랑 같아서 서두르면 안 되거든. 내가 기다리는 법 하나는 잘 알지."
"src/data/npcTalk.js","57","어이쿠, 이거 낚싯대로도 되나.","어이쿠, 이거 낚싯대로도 되나."
"src/data/npcTalk.js","57","미루 뒤로 가 있어!","미루 뒤로 가 있어!"
"src/data/npcTalk.js","58","허리야…","허리야…"
"src/data/npcTalk.js","63","어머, 네가 그 아이구나! 밥은 먹었어? 안 먹었으면 앉아. 우리 집 고기는 도란이 잡은 거라 못생겼어도 맛은 있어.","어머, 네가 그 아이구나! 밥은 먹었어? 안 먹었으면 앉아. 우리 집 고기는 도란이 잡은 거라 못생겼어도 맛은 있어."
"src/data/npcTalk.js","64","왔니? 도란은 또 호수야. 낚시가 아니라 낮잠을 하러 가는 거라니까.","왔니? 도란은 또 호수야. 낚시가 아니라 낮잠을 하러 가는 거라니까."
"src/data/npcTalk.js","65","어서 와. 요즘 얼굴이 좀 폈네. 잘 먹고 다니는구나.","어서 와. 요즘 얼굴이 좀 폈네. 잘 먹고 다니는구나."
"src/data/npcTalk.js","66","우리 집 문은 늘 열려 있으니까 배고프면 그냥 들어와. 도란한테는 말 안 해도 돼, 어차피 몰라.","우리 집 문은 늘 열려 있으니까 배고프면 그냥 들어와. 도란한테는 말 안 해도 돼, 어차피 몰라."
"src/data/npcTalk.js","69","고기 말리는 건 해 뜰 때 널고 해 질 때 걷는 거야. 그 사이에 비가 오면… 그냥 우는 거지 뭐.","고기 말리는 건 해 뜰 때 널고 해 질 때 걷는 거야. 그 사이에 비가 오면… 그냥 우는 거지 뭐."
"src/data/npcTalk.js","70","도란은 스무 해 동안 나한테 한 번도 예쁘다는 말을 안 했어. 대신 제일 큰 고기는 늘 내 그릇에 올려 놔. 그걸로 됐지 뭐.","도란은 스무 해 동안 나한테 한 번도 예쁘다는 말을 안 했어. 대신 제일 큰 고기는 늘 내 그릇에 올려 놔. 그걸로 됐지 뭐."
"src/data/npcTalk.js","70","습격 있던 밤에 도란이 내 앞을 막고 섰는데, 손이 덜덜 떨리더라. 그런데도 안 비켰어. 그날 저녁에 내가 처음으로 잔소리를 안 했어.","습격 있던 밤에 도란이 내 앞을 막고 섰는데, 손이 덜덜 떨리더라. 그런데도 안 비켰어. 그날 저녁에 내가 처음으로 잔소리를 안 했어."
"src/data/npcTalk.js","71","우리한테도 알이 하나 있었어. 깨지 않았지만, 그래도 그때 둥지를 만들어 둔 게 남아 있어. 포코가 가끔 거기서 낮잠을 자.","우리한테도 알이 하나 있었어. 깨지 않았지만, 그래도 그때 둥지를 만들어 둔 게 남아 있어. 포코가 가끔 거기서 낮잠을 자."
"src/data/npcTalk.js","72","너 짝이 생기면 나한테 데려와. 내가 밥을 먹여 봐야 알아. 밥 먹는 걸 보면 그 용이 어떤 용인지 다 보이거든.","너 짝이 생기면 나한테 데려와. 내가 밥을 먹여 봐야 알아. 밥 먹는 걸 보면 그 용이 어떤 용인지 다 보이거든."
"src/data/npcTalk.js","74","저리 가! 돌 던진다!","저리 가! 돌 던진다!"
"src/data/npcTalk.js","74","도란, 앞에 서지 말라니까!","도란, 앞에 서지 말라니까!"
"src/data/npcTalk.js","75","아이고…","아이고…"
"src/data/npcTalk.js","80","…어. 하늘에서 온 애. 나무 하러 가는 길이니까 볼일 있으면 빨리 말해.","…어. 하늘에서 온 애. 나무 하러 가는 길이니까 볼일 있으면 빨리 말해."
"src/data/npcTalk.js","81","왔냐. 누리 못 봤어? 또 포코 뒤를 따라간 모양인데.","왔냐. 누리 못 봤어? 또 포코 뒤를 따라간 모양인데."
"src/data/npcTalk.js","82","어, 왔어. 장작 필요하면 가져가. 돈은 됐고, 누리한테 놀아 준 값이야.","어, 왔어. 장작 필요하면 가져가. 돈은 됐고, 누리한테 놀아 준 값이야."
"src/data/npcTalk.js","83","자네가 오면 누리가 하루 종일 자네 얘기야. 나도 좀 궁금해서 기다렸어.","자네가 오면 누리가 하루 종일 자네 얘기야. 나도 좀 궁금해서 기다렸어."
"src/data/npcTalk.js","86","나무는 마른 걸 베는 거야. 산 나무를 베면 숲이 기억해. 우리 아버지가 그랬어.","나무는 마른 걸 베는 거야. 산 나무를 베면 숲이 기억해. 우리 아버지가 그랬어."
"src/data/npcTalk.js","87","누리가 알에서 나온 날 습격이 있었어. 소이가 알을 안고 굴 안에 있었고 나는 문 앞에 서 있었지. 그날 이후로 도끼를 내려놓은 적이 없어.","누리가 알에서 나온 날 습격이 있었어. 소이가 알을 안고 굴 안에 있었고 나는 문 앞에 서 있었지. 그날 이후로 도끼를 내려놓은 적이 없어."
"src/data/npcTalk.js","88","누리가 자꾸 숲에 따라가겠다고 해. 아직 멀었다고 하면 울고. …자네도 어릴 때 그랬어?","누리가 자꾸 숲에 따라가겠다고 해. 아직 멀었다고 하면 울고. …자네도 어릴 때 그랬어?"
"src/data/npcTalk.js","89","나는 말을 잘 못 해. 그런데 누리가 자네를 형이라고, 누나라고 부르는 걸 들으니까 뭔가 말을 해야 할 것 같아서. …고마워. 그게 다야.","나는 말을 잘 못 해. 그런데 누리가 자네를 형이라고, 누나라고 부르는 걸 들으니까 뭔가 말을 해야 할 것 같아서. …고마워. 그게 다야."
"src/data/npcTalk.js","91","집 근처로는 못 온다!","집 근처로는 못 온다!"
"src/data/npcTalk.js","91","누리, 들어가 있어!","누리, 들어가 있어!"
"src/data/npcTalk.js","92","…소이, 누리는…","…소이, 누리는…"
"src/data/npcTalk.js","97","어머, 네가 하늘에서 왔다는 아이구나. 누리가 네 얘기를 얼마나 하는지 몰라.","어머, 네가 하늘에서 왔다는 아이구나. 누리가 네 얘기를 얼마나 하는지 몰라."
"src/data/npcTalk.js","98","왔니? 누리 좀 봐 줄래? 아니야, 농담이야. …반은 농담이야.","왔니? 누리 좀 봐 줄래? 아니야, 농담이야. …반은 농담이야."
"src/data/npcTalk.js","99","어서 와. 오늘 누리가 널 보면 또 태워 달라고 할 텐데, 힘들면 안 된다고 해도 돼.","어서 와. 오늘 누리가 널 보면 또 태워 달라고 할 텐데, 힘들면 안 된다고 해도 돼."
"src/data/npcTalk.js","100","네가 오면 마음이 놓여. 누리가 너 옆에 있으면 아무 데도 안 가거든.","네가 오면 마음이 놓여. 누리가 너 옆에 있으면 아무 데도 안 가거든."
"src/data/npcTalk.js","103","아이는 하루에 세 번 비늘을 닦아 줘야 해. 안 그러면 사흘 만에 재투성이가 되더라.","아이는 하루에 세 번 비늘을 닦아 줘야 해. 안 그러면 사흘 만에 재투성이가 되더라."
"src/data/npcTalk.js","104","누리가 태어난 날 밤에 나팔이 울렸어. 알을 안고 굴 안에서 숨을 죽이고 있었는데, 그 안에서 누리가 껍데기를 깼어. 무서웠는데 그 소리가 나니까 이상하게 안 무섭더라.","누리가 태어난 날 밤에 나팔이 울렸어. 알을 안고 굴 안에서 숨을 죽이고 있었는데, 그 안에서 누리가 껍데기를 깼어. 무서웠는데 그 소리가 나니까 이상하게 안 무섭더라."
"src/data/npcTalk.js","105","누리는 포코를 제일 좋아해. 포코가 겁이 많은 게 누리 눈에는 '조심성'으로 보이나 봐. 둘이 숨는 자리를 서로 알려 주더라.","누리는 포코를 제일 좋아해. 포코가 겁이 많은 게 누리 눈에는 '조심성'으로 보이나 봐. 둘이 숨는 자리를 서로 알려 주더라."
"src/data/npcTalk.js","106","나중에 네가 알을 품게 되면 나한테 물어. 단은 아무것도 몰라. 알 옆에서 코 골고 잔 것밖에.","나중에 네가 알을 품게 되면 나한테 물어. 단은 아무것도 몰라. 알 옆에서 코 골고 잔 것밖에."
"src/data/npcTalk.js","108","누리! 엄마한테 와!","누리! 엄마한테 와!"
"src/data/npcTalk.js","108","여기 오지 마!","여기 오지 마!"
"src/data/npcTalk.js","109","누리… 누리 어디 있어…","누리… 누리 어디 있어…"
"src/data/npcTalk.js","114","우와, 큰 날개! 나 태워 줘! 안 돼? 그럼 반만!","우와, 큰 날개! 나 태워 줘! 안 돼? 그럼 반만!"
"src/data/npcTalk.js","115","형아! 누나! …뭐라고 불러야 돼? 아 몰라, 그냥 큰 용!","형아! 누나! …뭐라고 불러야 돼? 아 몰라, 그냥 큰 용!"
"src/data/npcTalk.js","116","나 오늘 포코 형이랑 숨는 데 세 군데 찾았다! 알려 줄까? 비밀인데.","나 오늘 포코 형이랑 숨는 데 세 군데 찾았다! 알려 줄까? 비밀인데."
"src/data/npcTalk.js","117","왔다! 나 기다렸어! 엄마가 기다리는 거 아니라고 했는데 기다린 거 맞아!","왔다! 나 기다렸어! 엄마가 기다리는 거 아니라고 했는데 기다린 거 맞아!"
"src/data/npcTalk.js","120","엄마가 나 비늘 닦을 때 간지러워서 도망가면 아빠가 잡아. 아빠는 힘이 세.","엄마가 나 비늘 닦을 때 간지러워서 도망가면 아빠가 잡아. 아빠는 힘이 세."
"src/data/npcTalk.js","120","포코 형은 나팔 소리 나면 대장간에 숨어. 나는 엄마한테 숨어. 엄마가 더 안전해.","포코 형은 나팔 소리 나면 대장간에 숨어. 나는 엄마한테 숨어. 엄마가 더 안전해."
"src/data/npcTalk.js","121","나도 숲에 가고 싶은데 아빠가 안 된대. 아직 멀었대. 얼마나 멀어? 나 어제보다 이만큼 컸는데.","나도 숲에 가고 싶은데 아빠가 안 된대. 아직 멀었대. 얼마나 멀어? 나 어제보다 이만큼 컸는데."
"src/data/npcTalk.js","122","나 어제 밤에 하늘에서 별 떨어지는 거 봤어! 너도 그렇게 떨어졌어? 아팠어? 나도 떨어져 볼래!","나 어제 밤에 하늘에서 별 떨어지는 거 봤어! 너도 그렇게 떨어졌어? 아팠어? 나도 떨어져 볼래!"
"src/data/npcTalk.js","123","나 크면 큰 용처럼 될 거야. 그때는 내가 태워 줄게. 약속!","나 크면 큰 용처럼 될 거야. 그때는 내가 태워 줄게. 약속!"
"src/data/npcTalk.js","125","엄마!","엄마!"
"src/data/npcTalk.js","125","으앙!","으앙!"
"src/data/npcTalk.js","126","…엄마…","…엄마…"
"src/data/npcTalk.js","131","…? (이슬이 고개를 갸웃하더니 네 발톱을 입에 넣어 보려고 한다.)","…? (이슬이 고개를 갸웃하더니 네 발톱을 입에 넣어 보려고 한다.)"
"src/data/npcTalk.js","132","아! 너! (이슬이 꼬리를 흔들며 달려와 다리에 부딪힌다.)","아! 너! (이슬이 꼬리를 흔들며 달려와 다리에 부딪힌다.)"
"src/data/npcTalk.js","133","왔다! 왔다! 엄마, 큰 용 왔어! …엄마 없네. 그럼 나랑 놀아.","왔다! 왔다! 엄마, 큰 용 왔어! …엄마 없네. 그럼 나랑 놀아."
"src/data/npcTalk.js","134","이름 지어 준 용! 나 내 이름 알아. 엄마가 하루에 백 번 불러.","이름 지어 준 용! 나 내 이름 알아. 엄마가 하루에 백 번 불러."
"src/data/npcTalk.js","137","(이슬이 도란이 놓고 간 고기를 가리키며 '맘마'라고 한다. 아직 씹지는 못하는 것 같다.)","(이슬이 도란이 놓고 간 고기를 가리키며 '맘마'라고 한다. 아직 씹지는 못하는 것 같다.)"
"src/data/npcTalk.js","138","누리 형아 뒤에 따라가면 재밌는 데를 알아. 근데 걷다가 넘어져. 다리가 아직 짧아.","누리 형아 뒤에 따라가면 재밌는 데를 알아. 근데 걷다가 넘어져. 다리가 아직 짧아."
"src/data/npcTalk.js","138","아빠는 물에서 고기를 꺼내 와. 나도 물에 가고 싶은데 엄마가 안 된대.","아빠는 물에서 고기를 꺼내 와. 나도 물에 가고 싶은데 엄마가 안 된대."
"src/data/npcTalk.js","139","엄마가 밤에 나를 안고 자꾸 뭐라고 말해. '이번에는'이라고. 그게 뭐야?","엄마가 밤에 나를 안고 자꾸 뭐라고 말해. '이번에는'이라고. 그게 뭐야?"
"src/data/npcTalk.js","140","나 크면 하늘 날 거야. 아빠는 물, 엄마는 집, 나는 하늘. 그러면 다 있는 거잖아.","나 크면 하늘 날 거야. 아빠는 물, 엄마는 집, 나는 하늘. 그러면 다 있는 거잖아."
"src/data/npcTalk.js","142","엄마!","엄마!"
"src/data/npcTalk.js","142","(이슬이 미루 뒤로 숨는다.)","(이슬이 미루 뒤로 숨는다.)"
"src/data/npcTalk.js","148","웨스턴에서 온 것이군. 베스나가 들여보냈으니 들어와라. 다만 눈은 그분 쪽으로 돌리지 마라.","웨스턴에서 온 것이군. 베스나가 들여보냈으니 들어와라. 다만 눈은 그분 쪽으로 돌리지 마라."
"src/data/npcTalk.js","149","또 왔군. 여기서는 아무도 너를 건드리지 않는다. 그건 예의가 아니라 규율이다.","또 왔군. 여기서는 아무도 너를 건드리지 않는다. 그건 예의가 아니라 규율이다."
"src/data/npcTalk.js","150","너구나. 잿별이 네 얘기를 자꾸 물어서 곤란하다. 하늘 얘기는 여기서 함부로 하는 게 아닌데.","너구나. 잿별이 네 얘기를 자꾸 물어서 곤란하다. 하늘 얘기는 여기서 함부로 하는 게 아닌데."
"src/data/npcTalk.js","151","…앉아라. 나도 웨스턴에서 났다. 스무 해 전에 넘어왔지. 그 얘기는 아무한테도 하지 마라.","…앉아라. 나도 웨스턴에서 났다. 스무 해 전에 넘어왔지. 그 얘기는 아무한테도 하지 마라."
"src/data/npcTalk.js","154","여기서는 나팔이 없다. 나팔이 필요 없는 마을을 만드는 데 예순 해가 걸렸다.","여기서는 나팔이 없다. 나팔이 필요 없는 마을을 만드는 데 예순 해가 걸렸다."
"src/data/npcTalk.js","155","인간들이 얼씬도 하지 않는 건 우리가 세서가 아니라, 여기 누가 사는지 알기 때문이다. 그분 이름 하나가 망루 열 개보다 낫다.","인간들이 얼씬도 하지 않는 건 우리가 세서가 아니라, 여기 누가 사는지 알기 때문이다. 그분 이름 하나가 망루 열 개보다 낫다."
"src/data/npcTalk.js","156","나는 스무 해 전 전쟁이 끝난 날 밤에 폭포 아래에서 여기까지 걸어왔다. 웨스턴에서는 제자들이 서로 죽이는 걸 봤고, 여기서는 아무도 죽지 않는 걸 봤다. 어느 쪽을 고르겠나.","나는 스무 해 전 전쟁이 끝난 날 밤에 폭포 아래에서 여기까지 걸어왔다. 웨스턴에서는 제자들이 서로 죽이는 걸 봤고, 여기서는 아무도 죽지 않는 걸 봤다. 어느 쪽을 고르겠나."
"src/data/npcTalk.js","157","…그런데 가끔은 웨스턴의 시끄러운 밥때가 그립다. 여기 밥때는 조용해. 다들 정해진 자리에서 정해진 만큼 먹지.","…그런데 가끔은 웨스턴의 시끄러운 밥때가 그립다. 여기 밥때는 조용해. 다들 정해진 자리에서 정해진 만큼 먹지."
"src/data/npcTalk.js","159","규율이다. 물러서라.","규율이다. 물러서라."
"src/data/npcTalk.js","159","여기서 싸움은 없다.","여기서 싸움은 없다."
"src/data/npcTalk.js","160","…규율을 어겼군.","…규율을 어겼군."
"src/data/npcTalk.js","165","너 하늘에서 떨어진 용이지? 진짜야? 하늘에서 떨어지면 안 아파?","너 하늘에서 떨어진 용이지? 진짜야? 하늘에서 떨어지면 안 아파?"
"src/data/npcTalk.js","166","또 왔다! 흑단 아저씨가 너한테 말 걸지 말랬는데 나는 안 들은 척할래.","또 왔다! 흑단 아저씨가 너한테 말 걸지 말랬는데 나는 안 들은 척할래."
"src/data/npcTalk.js","167","있잖아, 웨스턴 마을에는 나팔이 있다며? 그게 무슨 소리야? 무서운 소리야, 좋은 소리야?","있잖아, 웨스턴 마을에는 나팔이 있다며? 그게 무슨 소리야? 무서운 소리야, 좋은 소리야?"
"src/data/npcTalk.js","168","나 너 기다렸어. 여기는 새로 오는 용이 없어서 심심하단 말이야.","나 너 기다렸어. 여기는 새로 오는 용이 없어서 심심하단 말이야."
"src/data/npcTalk.js","171","여기 애들은 다 같은 시간에 자고 같은 시간에 일어나. 그래서 밤에 몰래 나오면 아무도 없어. 별이 다 내 거야.","여기 애들은 다 같은 시간에 자고 같은 시간에 일어나. 그래서 밤에 몰래 나오면 아무도 없어. 별이 다 내 거야."
"src/data/npcTalk.js","172","그분은 산 위에 계셔. 나는 한 번도 못 봤어. 흑단 아저씨는 봤대. 무섭냐고 물으니까 대답을 안 하더라.","그분은 산 위에 계셔. 나는 한 번도 못 봤어. 흑단 아저씨는 봤대. 무섭냐고 물으니까 대답을 안 하더라."
"src/data/npcTalk.js","173","엄마 아빠는 웨스턴 얘기를 안 해. 그런데 가끔 밤에 둘이 '나팔'이라는 말을 해. 그게 뭔지 알면 나 좀 알려 줘.","엄마 아빠는 웨스턴 얘기를 안 해. 그런데 가끔 밤에 둘이 '나팔'이라는 말을 해. 그게 뭔지 알면 나 좀 알려 줘."
"src/data/npcTalk.js","174","나 크면 하늘까지 날아가 볼 거야. 네가 떨어진 데가 어딘지 보러. 거기에 나 같은 애가 또 있을지도 모르잖아.","나 크면 하늘까지 날아가 볼 거야. 네가 떨어진 데가 어딘지 보러. 거기에 나 같은 애가 또 있을지도 모르잖아."
"src/data/npcTalk.js","176","으악!","으악!"
"src/data/npcTalk.js","176","아저씨!","아저씨!"
"src/data/npcTalk.js","182","밀림 바깥에서 온 아이로구나. 배고프지? 열매 하나 먹고 얘기하렴.","밀림 바깥에서 온 아이로구나. 배고프지? 열매 하나 먹고 얘기하렴."
"src/data/npcTalk.js","183","또 왔니. 펀이 아침부터 문 앞을 서성이더니 네가 온다고 그런 거였구나.","또 왔니. 펀이 아침부터 문 앞을 서성이더니 네가 온다고 그런 거였구나."
"src/data/npcTalk.js","184","어서 오렴. 손 좀 보자. …가시에 긁혔네. 이거 발라.","어서 오렴. 손 좀 보자. …가시에 긁혔네. 이거 발라."
"src/data/npcTalk.js","185","왔구나. 너 올 때마다 모스 어른이 한 살은 젊어지신다니까.","왔구나. 너 올 때마다 모스 어른이 한 살은 젊어지신다니까."
"src/data/npcTalk.js","188","약초는 뿌리째 뽑으면 안 된단다. 잎만 따야 내년에 또 나지. 사람들은 그걸 몰라서 뽑아 가더구나.","약초는 뿌리째 뽑으면 안 된단다. 잎만 따야 내년에 또 나지. 사람들은 그걸 몰라서 뽑아 가더구나."
"src/data/npcTalk.js","189","펀이 날개 큰 용만 보면 저렇게 좋아하는 건, 제 아버지가 날개가 컸기 때문이란다. 쌍두룡한테 사냥터를 빼앗기던 해에 떠났어.","펀이 날개 큰 용만 보면 저렇게 좋아하는 건, 제 아버지가 날개가 컸기 때문이란다. 쌍두룡한테 사냥터를 빼앗기던 해에 떠났어."
"src/data/npcTalk.js","190","굶던 해에 웨스턴에서 아무도 안 왔지. 그런데 너희도 굶고 있었다는 걸 나중에 알았어. 서로 몰랐던 게 제일 슬픈 일이더구나.","굶던 해에 웨스턴에서 아무도 안 왔지. 그런데 너희도 굶고 있었다는 걸 나중에 알았어. 서로 몰랐던 게 제일 슬픈 일이더구나."
"src/data/npcTalk.js","191","펀이 너를 따라 바깥으로 나가겠다고 하면… 말리지는 않을 거야. 다만 돌아오는 길은 꼭 알려 주렴.","펀이 너를 따라 바깥으로 나가겠다고 하면… 말리지는 않을 거야. 다만 돌아오는 길은 꼭 알려 주렴."
"src/data/npcTalk.js","193","펀, 뒤로!","펀, 뒤로!"
"src/data/npcTalk.js","193","이 아이들 건드리지 마라!","이 아이들 건드리지 마라!"
"src/data/npcTalk.js","194","펀…","펀…"
"src/data/npcTalk.js","199","어이구, 바깥 용이 여기까지? 앉어, 앉어. 돌이 그놈이 또 한판 붙자고 안 하디?","어이구, 바깥 용이 여기까지? 앉어, 앉어. 돌이 그놈이 또 한판 붙자고 안 하디?"
"src/data/npcTalk.js","200","또 왔구먼. 예순 해 만에 손님이 오더니 이제 단골이 됐네.","또 왔구먼. 예순 해 만에 손님이 오더니 이제 단골이 됐네."
"src/data/npcTalk.js","201","어서 와. 가람 그놈은 말이 없어서 답답했지? 내가 대신 다 해 줄게.","어서 와. 가람 그놈은 말이 없어서 답답했지? 내가 대신 다 해 줄게."
"src/data/npcTalk.js","202","왔어? 내가 오늘은 이야기 열 개쯤 준비해 놨어. 도망가지 마.","왔어? 내가 오늘은 이야기 열 개쯤 준비해 놨어. 도망가지 마."
"src/data/npcTalk.js","205","바윗골은 말이여, 바위 위에 지은 마을이라 굴을 못 파. 그래서 집이 다 돌로 쌓은 거지. 무너진 적은 한 번도 없어.","바윗골은 말이여, 바위 위에 지은 마을이라 굴을 못 파. 그래서 집이 다 돌로 쌓은 거지. 무너진 적은 한 번도 없어."
"src/data/npcTalk.js","206","검은 용이 왔던 날 나는 어렸어. 가람이 아버지가 숨결을 내놓았지. 안 내놓으면 마을을 태우겠다는데 어쩔 거여. 그 뒤로 가람이는 웃지를 않아.","검은 용이 왔던 날 나는 어렸어. 가람이 아버지가 숨결을 내놓았지. 안 내놓으면 마을을 태우겠다는데 어쩔 거여. 그 뒤로 가람이는 웃지를 않아."
"src/data/npcTalk.js","207","돌이 그놈이 자꾸 너랑 붙자고 하는 건 널 좋아해서여. 우리 마을 애들은 좋아하면 들이받아. 나도 그랬고.","돌이 그놈이 자꾸 너랑 붙자고 하는 건 널 좋아해서여. 우리 마을 애들은 좋아하면 들이받아. 나도 그랬고."
"src/data/npcTalk.js","208","네가 가람이한테서 숨결을 받아 갔다며. 예순 해 만에 우리 마을 숨결이 바깥으로 나갔어. 이번에는 빼앗긴 게 아니라 준 거여. 그게 얼마나 다른 건지 너는 모를 거여.","네가 가람이한테서 숨결을 받아 갔다며. 예순 해 만에 우리 마을 숨결이 바깥으로 나갔어. 이번에는 빼앗긴 게 아니라 준 거여. 그게 얼마나 다른 건지 너는 모를 거여."
"src/data/npcTalk.js","210","이 늙은이가 무섭냐!","이 늙은이가 무섭냐!"
"src/data/npcTalk.js","210","돌아, 할미 뒤로!","돌아, 할미 뒤로!"
"src/data/npcTalk.js","211","아이고 허리…","아이고 허리…"
"src/data/npcTalk.js","216","아랫마을 아이구나. 가까이 와 봐, 눈이 어두워서. …흠, 나쁜 얼굴은 아니네.","아랫마을 아이구나. 가까이 와 봐, 눈이 어두워서. …흠, 나쁜 얼굴은 아니네."
"src/data/npcTalk.js","217","또 왔니. 리운이 너를 들여보냈다는 건 물이 너를 나쁘게 안 봤다는 뜻이야.","또 왔니. 리운이 너를 들여보냈다는 건 물이 너를 나쁘게 안 봤다는 뜻이야."
"src/data/npcTalk.js","218","어서 오렴. 유안 그 애가 너한테 으르렁대도 마음에 두지 마라. 그 애는 나한테도 으르렁댄다.","어서 오렴. 유안 그 애가 너한테 으르렁대도 마음에 두지 마라. 그 애는 나한테도 으르렁댄다."
"src/data/npcTalk.js","219","왔구나. 앉아라. 스무 해 만에 아랫마을 용이랑 얘기를 하는데 서서 할 수는 없지.","왔구나. 앉아라. 스무 해 만에 아랫마을 용이랑 얘기를 하는데 서서 할 수는 없지."
"src/data/npcTalk.js","222","구름마루는 물을 타는 용들이야. 날개보다 꼬리를 믿지. 폭포를 거슬러 오르는 건 어릴 때 다 배운단다.","구름마루는 물을 타는 용들이야. 날개보다 꼬리를 믿지. 폭포를 거슬러 오르는 건 어릴 때 다 배운단다."
"src/data/npcTalk.js","223","스무 해 전에 나는 폭포 위에서 다 봤어. 아래에서 용들이 서로 물어뜯는 걸. 누가 어느 마을인지도 안 보이더라. 다 똑같이 생겼거든.","스무 해 전에 나는 폭포 위에서 다 봤어. 아래에서 용들이 서로 물어뜯는 걸. 누가 어느 마을인지도 안 보이더라. 다 똑같이 생겼거든."
"src/data/npcTalk.js","224","유안이 누이가 그날 죽었어. 그런데 그 애를 살려 보낸 것도 아랫마을 용이었다는 얘기는 아무도 안 하지. 나는 알아. 나만 알아.","유안이 누이가 그날 죽었어. 그런데 그 애를 살려 보낸 것도 아랫마을 용이었다는 얘기는 아무도 안 하지. 나는 알아. 나만 알아."
"src/data/npcTalk.js","225","네가 두 마을 사이를 오가는 걸 보니, 물이 다시 흐르는 것 같구나. 스무 해 동안 얼어 있던 게 녹는 소리가 나.","네가 두 마을 사이를 오가는 걸 보니, 물이 다시 흐르는 것 같구나. 스무 해 동안 얼어 있던 게 녹는 소리가 나."
"src/data/npcTalk.js","227","물러서라!","물러서라!"
"src/data/npcTalk.js","227","리운, 아이들부터!","리운, 아이들부터!"
"src/data/npcTalk.js","228","…물이 흐려지는구나.","…물이 흐려지는구나."
"src/data/npcTalk.js","233","네가 하루가 말하던 아랫마을 용이지? 나 비류. 폭포에서 제일 빠른 용이야. 하루는 두 번째고.","네가 하루가 말하던 아랫마을 용이지? 나 비류. 폭포에서 제일 빠른 용이야. 하루는 두 번째고."
"src/data/npcTalk.js","234","왔네. 하루 찾아? 아까 폭포 쪽으로 갔어. …유안 아저씨한텐 말하지 마.","왔네. 하루 찾아? 아까 폭포 쪽으로 갔어. …유안 아저씨한텐 말하지 마."
"src/data/npcTalk.js","235","어, 왔다. 나랑 물길 한번 달려 볼래? 날개 접고. 못 하지? 그럼 구경만 해.","어, 왔다. 나랑 물길 한번 달려 볼래? 날개 접고. 못 하지? 그럼 구경만 해."
"src/data/npcTalk.js","236","왔구나. 하루가 요즘 딴 데 정신이 팔려 있어서 나 혼자 달려. 네 탓인 것 같은데?","왔구나. 하루가 요즘 딴 데 정신이 팔려 있어서 나 혼자 달려. 네 탓인 것 같은데?"
"src/data/npcTalk.js","239","물길을 탈 때는 눈을 감아야 해. 물이 알아서 데려가거든. 눈을 뜨면 바위에 부딪혀.","물길을 탈 때는 눈을 감아야 해. 물이 알아서 데려가거든. 눈을 뜨면 바위에 부딪혀."
"src/data/npcTalk.js","240","하루랑은 알에서 나온 날부터 같이 컸어. 걔가 바깥 얘기를 하도 해서 나도 언젠가 아래로 내려가 보고 싶어졌어.","하루랑은 알에서 나온 날부터 같이 컸어. 걔가 바깥 얘기를 하도 해서 나도 언젠가 아래로 내려가 보고 싶어졌어."
"src/data/npcTalk.js","241","유안 아저씨는 나한테도 무서운데, 딱 한 번 폭포에서 미끄러진 나를 건져 준 적이 있어. 그때 아저씨 얼굴이 더 무서웠어. 걱정하는 얼굴이.","유안 아저씨는 나한테도 무서운데, 딱 한 번 폭포에서 미끄러진 나를 건져 준 적이 있어. 그때 아저씨 얼굴이 더 무서웠어. 걱정하는 얼굴이."
"src/data/npcTalk.js","242","하루가 아랫마을 용이랑 만나는 거 나는 알아. 걔가 좋으면 됐지 뭐. 다만 걔 울리면 내가 폭포 아래까지 내려간다.","하루가 아랫마을 용이랑 만나는 거 나는 알아. 걔가 좋으면 됐지 뭐. 다만 걔 울리면 내가 폭포 아래까지 내려간다."
"src/data/npcTalk.js","244","물길로 밀어 버린다!","물길로 밀어 버린다!"
"src/data/npcTalk.js","244","하루, 뒤에 있어!","하루, 뒤에 있어!"
"src/data/npcTalk.js","245","물이… 미끄러워…","물이… 미끄러워…"
"src/data/npcTalk.js","249","어, 너구나! 하늘에서 떨어진 애. 나 엠버. 대장간에서 제일 잘생긴 조수야. 조수가 나 하나긴 한데.","어, 너구나! 하늘에서 떨어진 애. 나 엠버. 대장간에서 제일 잘생긴 조수야. 조수가 나 하나긴 한데."
"src/data/npcTalk.js","250","왔어? 잠깐만, 이것만 두드리고. …아 또 휘었네. 못 본 걸로 해 줘.","왔어? 잠깐만, 이것만 두드리고. …아 또 휘었네. 못 본 걸로 해 줘."
"src/data/npcTalk.js","251","오, 마침 잘 왔다. 아저씨 지금 기분 안 좋거든? 나 대신 말 좀 걸어 줘.","오, 마침 잘 왔다. 아저씨 지금 기분 안 좋거든? 나 대신 말 좀 걸어 줘."
"src/data/npcTalk.js","252","야, 네가 오면 아저씨 망치질이 부드러워져. 진짜야. 자주 좀 와라.","야, 네가 오면 아저씨 망치질이 부드러워져. 진짜야. 자주 좀 와라."
"src/data/npcTalk.js","255","나 원래 여기 용 아니야. 떠돌다가 고기 굽는 냄새에 끌려서 들어왔는데, 알고 보니 아저씨가 쇠 달구는 냄새였어. 속았지 뭐.","나 원래 여기 용 아니야. 떠돌다가 고기 굽는 냄새에 끌려서 들어왔는데, 알고 보니 아저씨가 쇠 달구는 냄새였어. 속았지 뭐."
"src/data/npcTalk.js","255","숲에서 쇳조각이나 단단한 껍데기 주우면 가져와. 아저씨가 비늘에 덧대 줘. 나? 나는 옆에서 풀무질.","숲에서 쇳조각이나 단단한 껍데기 주우면 가져와. 아저씨가 비늘에 덧대 줘. 나? 나는 옆에서 풀무질."
"src/data/npcTalk.js","255","아저씨가 '가라' 그러는 건 가라는 뜻이 아니야. 나 그거 알아듣는 데 한 달 걸렸다.","아저씨가 '가라' 그러는 건 가라는 뜻이 아니야. 나 그거 알아듣는 데 한 달 걸렸다."
"src/data/npcTalk.js","256","아저씨 무릎 얘기는 꺼내지 마. 나 한 번 물어봤다가 사흘 동안 풀무만 밟았어.","아저씨 무릎 얘기는 꺼내지 마. 나 한 번 물어봤다가 사흘 동안 풀무만 밟았어."
"src/data/npcTalk.js","256","포코 걔는 나팔만 불면 우리 대장간으로 튀어 와. 아저씨가 모루 밑에 걔 자리까지 만들어 놨다니까. 본인은 아니라고 하지만.","포코 걔는 나팔만 불면 우리 대장간으로 튀어 와. 아저씨가 모루 밑에 걔 자리까지 만들어 놨다니까. 본인은 아니라고 하지만."
"src/data/npcTalk.js","257","나 떠돌 때는 말이야, 어디서 자도 한쪽 눈은 뜨고 잤거든. 여기 와서 처음으로 두 눈 다 감고 자 봤어. 대장간 구석이 그렇게 따뜻해.","나 떠돌 때는 말이야, 어디서 자도 한쪽 눈은 뜨고 잤거든. 여기 와서 처음으로 두 눈 다 감고 자 봤어. 대장간 구석이 그렇게 따뜻해."
"src/data/npcTalk.js","257","아저씨가 요새 밤에 혼자 뭘 만들어. 물어보면 '네 알 바 아니다' 그러는데, 치수 재는 거 보니까 딱 네 몸집이던데?","아저씨가 요새 밤에 혼자 뭘 만들어. 물어보면 '네 알 바 아니다' 그러는데, 치수 재는 거 보니까 딱 네 몸집이던데?"
"src/data/npcTalk.js","258","나 언젠가 아저씨보다 잘 만들 거야. 비밀도 아니야, 맨날 대놓고 말하거든. 그럼 아저씨가 '백 년은 이르다' 그래.","나 언젠가 아저씨보다 잘 만들 거야. 비밀도 아니야, 맨날 대놓고 말하거든. 그럼 아저씨가 '백 년은 이르다' 그래."
"src/data/npcTalk.js","258","네가 크는 거 보면 좀 신기해. 어디 눌러앉아서 뭐가 자라는 걸 지켜보는 게 나는 처음이라.","네가 크는 거 보면 좀 신기해. 어디 눌러앉아서 뭐가 자라는 걸 지켜보는 게 나는 처음이라."
"src/data/npcTalk.js","260","대장간은 못 지나간다!","대장간은 못 지나간다!"
"src/data/npcTalk.js","260","아저씨 뒤는 내가 본다!","아저씨 뒤는 내가 본다!"
"src/data/npcTalk.js","260","뜨거운 맛 좀 봐라!","뜨거운 맛 좀 봐라!"
"src/data/npcTalk.js","261","아야야… 잠깐, 잠깐만 타임.","아야야… 잠깐, 잠깐만 타임."
"src/data/npcTalk.js","265","안녕. 네가 그 아이구나. 어디 아픈 데는 없고? 떨어진 데 말이야.","안녕. 네가 그 아이구나. 어디 아픈 데는 없고? 떨어진 데 말이야."
"src/data/npcTalk.js","266","어서 와. 손 좀 줘 봐, 발톱 갈라졌네. 이거 발라.","어서 와. 손 좀 줘 봐, 발톱 갈라졌네. 이거 발라."
"src/data/npcTalk.js","267","아, 너였구나. 깜짝이야. …아니야, 딴생각 좀 하고 있었어.","아, 너였구나. 깜짝이야. …아니야, 딴생각 좀 하고 있었어."
"src/data/npcTalk.js","268","왔어? 마침 차 끓였는데. 쓴 거 아니야, 이번엔 진짜.","왔어? 마침 차 끓였는데. 쓴 거 아니야, 이번엔 진짜."
"src/data/npcTalk.js","271","나는 미라. 약초 캐고, 다친 애들 돌보고, 그래. 이 마을은 다치는 애가 많아서 심심할 틈이 없어.","나는 미라. 약초 캐고, 다친 애들 돌보고, 그래. 이 마을은 다치는 애가 많아서 심심할 틈이 없어."
"src/data/npcTalk.js","271","덤불 열매는 붉은 것만 먹어. 파란 건 배탈 나. 포코가 몸소 증명했어.","덤불 열매는 붉은 것만 먹어. 파란 건 배탈 나. 포코가 몸소 증명했어."
"src/data/npcTalk.js","271","습격 끝나면 다친 데 없나 꼭 보여 줘. 티아맷은 맨날 괜찮다면서 피 흘리고 다녀.","습격 끝나면 다친 데 없나 꼭 보여 줘. 티아맷은 맨날 괜찮다면서 피 흘리고 다녀."
"src/data/npcTalk.js","272","좋은 약초는 물가에서 자라. 그래서 호수랑 폭포 쪽에 자주 가. …폭포는 좀 멀긴 한데, 거기 게 제일 좋아서.","좋은 약초는 물가에서 자라. 그래서 호수랑 폭포 쪽에 자주 가. …폭포는 좀 멀긴 한데, 거기 게 제일 좋아서."
"src/data/npcTalk.js","272","엘더 촌장님 무릎약은 내가 지어 드려. 쓰다고 몰래 버리시는 거 다 알아.","엘더 촌장님 무릎약은 내가 지어 드려. 쓰다고 몰래 버리시는 거 다 알아."
"src/data/npcTalk.js","273","폭포 위 용들 본 적 있어? 몸이 길고, 물 위를 미끄러지듯 다녀. …그냥, 멀리서 봤어. 멀리서.","폭포 위 용들 본 적 있어? 몸이 길고, 물 위를 미끄러지듯 다녀. …그냥, 멀리서 봤어. 멀리서."
"src/data/npcTalk.js","273","스무 해 전 싸움 때 나는 어렸어. 다친 용들이 줄줄이 실려 오는데 아무것도 못 했지. 그래서 약초를 배웠어.","스무 해 전 싸움 때 나는 어렸어. 다친 용들이 줄줄이 실려 오는데 아무것도 못 했지. 그래서 약초를 배웠어."
"src/data/npcTalk.js","274","너한테만 하는 말인데… 아니다. 나중에. 나중에 말할게.","너한테만 하는 말인데… 아니다. 나중에. 나중에 말할게."
"src/data/npcTalk.js","274","마을끼리 미워하는 거, 난 잘 모르겠어. 다쳐서 누워 있으면 어느 마을 용이든 똑같이 아파하던데.","마을끼리 미워하는 거, 난 잘 모르겠어. 다쳐서 누워 있으면 어느 마을 용이든 똑같이 아파하던데."
"src/data/npcTalk.js","276","다친 애들은 내 뒤로!","다친 애들은 내 뒤로!"
"src/data/npcTalk.js","276","나도 싸울 줄은 알아!","나도 싸울 줄은 알아!"
"src/data/npcTalk.js","277","괜찮아… 내 약은 내가 챙길게.","괜찮아… 내 약은 내가 챙길게."
"src/data/npcTalk.js","281","왔나. 여기서는 아무도 너를 해치지 않는다. 너도 아무도 해치지 마라.","왔나. 여기서는 아무도 너를 해치지 않는다. 너도 아무도 해치지 마라."
"src/data/npcTalk.js","282","또 왔군. 아랫마을보다 여기가 조용하지.","또 왔군. 아랫마을보다 여기가 조용하지."
"src/data/npcTalk.js","283","앉아라. 여기는 밤에도 불을 안 끈다. 끌 이유가 없으니까.","앉아라. 여기는 밤에도 불을 안 끈다. 끌 이유가 없으니까."
"src/data/npcTalk.js","284","여기 올 때마다 네 얼굴이 조금씩 풀리는 건 너도 알고 있나.","여기 올 때마다 네 얼굴이 조금씩 풀리는 건 너도 알고 있나."
"src/data/npcTalk.js","287","잿마루에는 나팔이 없다. 예순 해 동안 불 일이 없었으니까.","잿마루에는 나팔이 없다. 예순 해 동안 불 일이 없었으니까."
"src/data/npcTalk.js","287","굴이 다 같은 크기라서 이상한가? 여기서는 그분 말고는 아무도 남보다 큰 굴을 갖지 않는다.","굴이 다 같은 크기라서 이상한가? 여기서는 그분 말고는 아무도 남보다 큰 굴을 갖지 않는다."
"src/data/npcTalk.js","288","나도 웨스턴에서 났다. 엘더가 아직 촌장인가. 그 영감은 늘 '아직 이르다'고 했지. 그러다 늦는 거다.","나도 웨스턴에서 났다. 엘더가 아직 촌장인가. 그 영감은 늘 '아직 이르다'고 했지. 그러다 늦는 거다."
"src/data/npcTalk.js","289","그분을 괴물이라 부르는 건 쉽다. 근데 그분이 도시를 태우지 않았으면 웨스턴은 예순 해 전에 없어졌다. 그 얘기는 아무도 안 하지.","그분을 괴물이라 부르는 건 쉽다. 근데 그분이 도시를 태우지 않았으면 웨스턴은 예순 해 전에 없어졌다. 그 얘기는 아무도 안 하지."
"src/data/npcTalk.js","290","가끔은 나도 돌아가고 싶다. 호숫가 바위에서 낚시하던 게 생각나. …이건 그분한테는 말하지 마라.","가끔은 나도 돌아가고 싶다. 호숫가 바위에서 낚시하던 게 생각나. …이건 그분한테는 말하지 마라."
"src/data/npcTalk.js","292","물러서라.","물러서라."
"src/data/npcTalk.js","292","여기는 못 지나간다.","여기는 못 지나간다."
"src/data/npcTalk.js","293","…아직, 아직이다.","…아직, 아직이다."
"src/data/npcTalk.js","298","너구나. …마을 용들이 나를 보면 길을 돌아서 가는데, 너만은 똑바로 걸어오는군.","너구나. …마을 용들이 나를 보면 길을 돌아서 가는데, 너만은 똑바로 걸어오는군."
"src/data/npcTalk.js","299","왔나. 앉고 싶으면 앉아라. 나는 누가 옆에 앉는 게 아직 좀 어색하다만.","왔나. 앉고 싶으면 앉아라. 나는 누가 옆에 앉는 게 아직 좀 어색하다만."
"src/data/npcTalk.js","300","기다리고 있었다고 하면 이상하게 들리겠지. 그래도 사실이 그렇다.","기다리고 있었다고 하면 이상하게 들리겠지. 그래도 사실이 그렇다."
"src/data/npcTalk.js","301","네 발소리는 멀리서도 안다. 같은 데서 떨어진 것들은 걷는 소리도 닮는 모양이다.","네 발소리는 멀리서도 안다. 같은 데서 떨어진 것들은 걷는 소리도 닮는 모양이다."
"src/data/npcTalk.js","304","삼백 년 전에 내가 떨어졌을 때도 누가 고기를 내밀었었다. 그때 그걸 받아먹던 마음을 나는 어디에 두고 왔는지 모르겠다.","삼백 년 전에 내가 떨어졌을 때도 누가 고기를 내밀었었다. 그때 그걸 받아먹던 마음을 나는 어디에 두고 왔는지 모르겠다."
"src/data/npcTalk.js","304","포코라는 아이가 나를 볼 때마다 고기를 하나씩 놓고 도망간다. 무서워하면서 왜 그러는지 물어봐도 대답을 안 하더구나.","포코라는 아이가 나를 볼 때마다 고기를 하나씩 놓고 도망간다. 무서워하면서 왜 그러는지 물어봐도 대답을 안 하더구나."
"src/data/npcTalk.js","305","카이론은 아직도 나한테 존대를 한다. 예순 해를 원망했을 텐데 입에서 나오는 건 잔소리뿐이더군. 그게 그 녀석 나름의 용서라는 걸 아는 데 며칠이 걸렸다.","카이론은 아직도 나한테 존대를 한다. 예순 해를 원망했을 텐데 입에서 나오는 건 잔소리뿐이더군. 그게 그 녀석 나름의 용서라는 걸 아는 데 며칠이 걸렸다."
"src/data/npcTalk.js","306","빼앗은 숨결들은 아직 내 안에 있다. 돌려줄 주인은 거의 다 죽었으니, 나는 남은 날 동안 이걸 지고 사는 수밖에 없다.","빼앗은 숨결들은 아직 내 안에 있다. 돌려줄 주인은 거의 다 죽었으니, 나는 남은 날 동안 이걸 지고 사는 수밖에 없다."
"src/data/npcTalk.js","307","구름 위의 빈 둥지를 나는 예순 해 전에 가 봤다. 아무도 없더구나. 우리가 어디서 왔는지는 나도 끝내 알아내지 못했다. 다만 이제는 어디서 왔는지보다 어디로 돌아가는지가 더 중요하다는 건 알겠다.","구름 위의 빈 둥지를 나는 예순 해 전에 가 봤다. 아무도 없더구나. 우리가 어디서 왔는지는 나도 끝내 알아내지 못했다. 다만 이제는 어디서 왔는지보다 어디로 돌아가는지가 더 중요하다는 건 알겠다."
"src/data/npcTalk.js","309","물러서 있어라.","물러서 있어라."
"src/data/npcTalk.js","309","이 정도는 혼자서도 된다.","이 정도는 혼자서도 된다."
"src/data/npcTalk.js","310","…허, 늙었구나, 나도.","…허, 늙었구나, 나도."
"src/data/npcTalk.js","314","밀림 바깥에서 온 아이로구나. 발소리가 가벼운 걸 보니 뿌리를 밟지 않고 왔겠지.","밀림 바깥에서 온 아이로구나. 발소리가 가벼운 걸 보니 뿌리를 밟지 않고 왔겠지."
"src/data/npcTalk.js","315","또 왔구나. 네가 다녀가면 이상하게 새순이 빨리 올라온단다.","또 왔구나. 네가 다녀가면 이상하게 새순이 빨리 올라온단다."
"src/data/npcTalk.js","316","어서 오렴. 마침 열매가 익어서 나눠 먹으려던 참이었어.","어서 오렴. 마침 열매가 익어서 나눠 먹으려던 참이었어."
"src/data/npcTalk.js","317","왔니. 펀이 아침부터 네가 언제 오느냐고 몇 번을 묻더구나.","왔니. 펀이 아침부터 네가 언제 오느냐고 몇 번을 묻더구나."
"src/data/npcTalk.js","320","우리는 풀의 숨결을 쓰는 용들이란다. 불처럼 한 번에 태우지는 못해도, 오래 남아서 천천히 이기는 법을 알지.","우리는 풀의 숨결을 쓰는 용들이란다. 불처럼 한 번에 태우지는 못해도, 오래 남아서 천천히 이기는 법을 알지."
"src/data/npcTalk.js","320","쌍두룡이 사냥터를 차지한 동안에는 우리도 너희 마을만큼이나 굶었단다.","쌍두룡이 사냥터를 차지한 동안에는 우리도 너희 마을만큼이나 굶었단다."
"src/data/npcTalk.js","321","풀의 가시에 묻은 독에 불이 닿으면 번져 나간단다. 혼자서는 약한 숨결이라도 다른 숨결과 만나면 달라지는 법이지.","풀의 가시에 묻은 독에 불이 닿으면 번져 나간단다. 혼자서는 약한 숨결이라도 다른 숨결과 만나면 달라지는 법이지."
"src/data/npcTalk.js","322","예순 해 전에 검은 용이 찾아와서 우리 숨결을 내놓으라고 했었지. 우리 어른이 거절하자 그대로 빼앗아 갔고, 그 어른은 그해 겨울을 넘기지 못했단다.","예순 해 전에 검은 용이 찾아와서 우리 숨결을 내놓으라고 했었지. 우리 어른이 거절하자 그대로 빼앗아 갔고, 그 어른은 그해 겨울을 넘기지 못했단다."
"src/data/npcTalk.js","323","너는 달라고 한 적이 없는데도 우리가 먼저 주고 싶어졌으니, 숨결도 제 주인을 알아보는 모양이야.","너는 달라고 한 적이 없는데도 우리가 먼저 주고 싶어졌으니, 숨결도 제 주인을 알아보는 모양이야."
"src/data/npcTalk.js","325","뿌리골을 건드리지 마라!","뿌리골을 건드리지 마라!"
"src/data/npcTalk.js","325","가시 맛을 보여 주마!","가시 맛을 보여 주마!"
"src/data/npcTalk.js","326","괜찮다, 뿌리는 다시 자라니까…","괜찮다, 뿌리는 다시 자라니까…"
"src/data/npcTalk.js","330","우와, 날개가 엄청 크다! 너 밀림 밖에서 왔지?","우와, 날개가 엄청 크다! 너 밀림 밖에서 왔지?"
"src/data/npcTalk.js","331","또 왔다! 오늘은 바깥 얘기 뭐 해 줄 거야?","또 왔다! 오늘은 바깥 얘기 뭐 해 줄 거야?"
"src/data/npcTalk.js","332","기다렸잖아! 나 어제 덩굴 타고 제일 높은 나무까지 올라갔다?","기다렸잖아! 나 어제 덩굴 타고 제일 높은 나무까지 올라갔다?"
"src/data/npcTalk.js","333","왔구나! 모스 할머니가 너 오면 주라고 열매 남겨 놨어.","왔구나! 모스 할머니가 너 오면 주라고 열매 남겨 놨어."
"src/data/npcTalk.js","336","나는 아직 가시를 두 개밖에 못 쏴. 모스 할머니는 한 번에 열 개도 쏘는데.","나는 아직 가시를 두 개밖에 못 쏴. 모스 할머니는 한 번에 열 개도 쏘는데."
"src/data/npcTalk.js","336","밀림 밖에는 나무가 없는 데도 있다며? 그럼 다들 어디에 숨어?","밀림 밖에는 나무가 없는 데도 있다며? 그럼 다들 어디에 숨어?"
"src/data/npcTalk.js","337","머리 둘 달린 용이 있을 때는 밤마다 무서워서 나무 위에서 잤어. 네가 쫓아냈다며? 진짜 고마워.","머리 둘 달린 용이 있을 때는 밤마다 무서워서 나무 위에서 잤어. 네가 쫓아냈다며? 진짜 고마워."
"src/data/npcTalk.js","338","나도 크면 너처럼 여기저기 돌아다녀 보고 싶은데, 할머니는 뿌리가 깊어야 멀리 간다고만 하셔.","나도 크면 너처럼 여기저기 돌아다녀 보고 싶은데, 할머니는 뿌리가 깊어야 멀리 간다고만 하셔."
"src/data/npcTalk.js","339","다음에 올 때는 나도 데리고 나가 주면 안 돼? 밀림 끝까지만이라도.","다음에 올 때는 나도 데리고 나가 주면 안 돼? 밀림 끝까지만이라도."
"src/data/npcTalk.js","341","나도 쏠 수 있어!","나도 쏠 수 있어!"
"src/data/npcTalk.js","341","에잇, 따끔해져라!","에잇, 따끔해져라!"
"src/data/npcTalk.js","342","아야… 나 잠깐만 앉을게.","아야… 나 잠깐만 앉을게."
"src/data/npcTalk.js","346","바깥 용이 여기까지 올라온 건 예순 해 만이군. 모래 폭군을 네가 잡았다고 들었다.","바깥 용이 여기까지 올라온 건 예순 해 만이군. 모래 폭군을 네가 잡았다고 들었다."
"src/data/npcTalk.js","347","또 왔나. 바위는 어제와 같고 나도 어제와 같다.","또 왔나. 바위는 어제와 같고 나도 어제와 같다."
"src/data/npcTalk.js","348","앉아라. 바윗골에서는 서서 하는 얘기를 믿지 않는다.","앉아라. 바윗골에서는 서서 하는 얘기를 믿지 않는다."
"src/data/npcTalk.js","349","왔군. 돌이 아침부터 네가 올 것 같다며 길목에 나가 있더라.","왔군. 돌이 아침부터 네가 올 것 같다며 길목에 나가 있더라."
"src/data/npcTalk.js","352","우리는 땅의 숨결을 쓴다. 느리고 무겁지만 한 번 맞으면 일어나지 못하지. 얼거나 굳은 상대라면 아예 부서진다.","우리는 땅의 숨결을 쓴다. 느리고 무겁지만 한 번 맞으면 일어나지 못하지. 얼거나 굳은 상대라면 아예 부서진다."
"src/data/npcTalk.js","352","모래 폭군이 길을 막은 뒤로 우리는 예순 해 동안 고원 위에서만 살았다.","모래 폭군이 길을 막은 뒤로 우리는 예순 해 동안 고원 위에서만 살았다."
"src/data/npcTalk.js","353","바윗골 용들은 말을 아낀다. 말이 많은 놈치고 바위를 제대로 굴리는 놈을 못 봤다.","바윗골 용들은 말을 아낀다. 말이 많은 놈치고 바위를 제대로 굴리는 놈을 못 봤다."
"src/data/npcTalk.js","354","예순 해 전에 검은 용이 여기에도 왔었다. 우리 숨결을 내놓으라더군. 나는 싸웠고, 졌고, 이 뿔이 그때 부러졌다.","예순 해 전에 검은 용이 여기에도 왔었다. 우리 숨결을 내놓으라더군. 나는 싸웠고, 졌고, 이 뿔이 그때 부러졌다."
"src/data/npcTalk.js","355","너도 같은 데서 떨어진 용이라고 들었다. 그런데 너는 빼앗으러 오지 않고 길을 열어 주러 왔더군. 그 차이면 충분하다.","너도 같은 데서 떨어진 용이라고 들었다. 그런데 너는 빼앗으러 오지 않고 길을 열어 주러 왔더군. 그 차이면 충분하다."
"src/data/npcTalk.js","357","바윗골은 물러서지 않는다!","바윗골은 물러서지 않는다!"
"src/data/npcTalk.js","357","깔려 봐라!","깔려 봐라!"
"src/data/npcTalk.js","358","…바위도 가끔은 금이 가는 법이지.","…바위도 가끔은 금이 가는 법이지."
"src/data/npcTalk.js","362","너구나, 모래 폭군 잡았다는 용! 나랑 한판 붙자!","너구나, 모래 폭군 잡았다는 용! 나랑 한판 붙자!"
"src/data/npcTalk.js","363","또 왔네. 오늘은 내가 바위를 어제보다 멀리 굴렸다?","또 왔네. 오늘은 내가 바위를 어제보다 멀리 굴렸다?"
"src/data/npcTalk.js","364","기다리고 있었어. 가람 어른은 너를 인정하면서도 절대 티를 안 내.","기다리고 있었어. 가람 어른은 너를 인정하면서도 절대 티를 안 내."
"src/data/npcTalk.js","365","왔다! 나 어제 네 흉내 내다가 절벽에서 굴렀어. 그래도 안 울었다.","왔다! 나 어제 네 흉내 내다가 절벽에서 굴렀어. 그래도 안 울었다."
"src/data/npcTalk.js","368","나는 바윗골에서 제일 어린데 제일 세질 거야. 가람 어른은 백 년은 이르다고 하지만.","나는 바윗골에서 제일 어린데 제일 세질 거야. 가람 어른은 백 년은 이르다고 하지만."
"src/data/npcTalk.js","368","사막은 발이 뜨겁지? 우리는 발바닥이 두꺼워서 괜찮아.","사막은 발이 뜨겁지? 우리는 발바닥이 두꺼워서 괜찮아."
"src/data/npcTalk.js","369","폭군이 있을 때는 고원 밖으로 한 번도 못 나가 봤어. 나는 모래 밖에 뭐가 있는지도 몰랐다니까.","폭군이 있을 때는 고원 밖으로 한 번도 못 나가 봤어. 나는 모래 밖에 뭐가 있는지도 몰랐다니까."
"src/data/npcTalk.js","370","너희 마을에는 나 같은 또래가 있어? 나라라는 애가 세다고 들었는데 나보다 세?","너희 마을에는 나 같은 또래가 있어? 나라라는 애가 세다고 들었는데 나보다 세?"
"src/data/npcTalk.js","371","언젠가 너희 마을에 놀러 가도 돼? 가람 어른 몰래는 아니고… 허락받고.","언젠가 너희 마을에 놀러 가도 돼? 가람 어른 몰래는 아니고… 허락받고."
"src/data/npcTalk.js","373","간다아!","간다아!"
"src/data/npcTalk.js","373","이게 바윗골의 힘이다!","이게 바윗골의 힘이다!"
"src/data/npcTalk.js","374","으… 분하다. 한 번만 더.","으… 분하다. 한 번만 더."
"src/data/npcTalk.js","378","무슨 일이야. 순찰 시간이니까 용건만 말해.","무슨 일이야. 순찰 시간이니까 용건만 말해."
"src/data/npcTalk.js","379","…또 너야? 어제보다 덜 흔들리는 걸 보니 좀 굴렀나 보네. 됐어, 빨리 말해.","…또 너야? 어제보다 덜 흔들리는 걸 보니 좀 굴렀나 보네. 됐어, 빨리 말해."
"src/data/npcTalk.js","380","왔어. …아니, 기다린 건 아니고, 망루에서는 뭐든 다 보이니까 그런 거야.","왔어. …아니, 기다린 건 아니고, 망루에서는 뭐든 다 보이니까 그런 거야."
"src/data/npcTalk.js","381","늦었잖아. 걱정한 거 아니야. 그냥 오늘따라 동쪽이 유난히 조용해서 보고 있었을 뿐이야.","늦었잖아. 걱정한 거 아니야. 그냥 오늘따라 동쪽이 유난히 조용해서 보고 있었을 뿐이야."
"src/data/npcTalk.js","384","사냥꾼이 서쪽에서만 온다고 생각하면 죽어. 어디서든 온다고 생각하고 서 있어. 말로 배울 수 있는 건 여기까지고, 나머지는 맞아 가면서 배워.","사냥꾼이 서쪽에서만 온다고 생각하면 죽어. 어디서든 온다고 생각하고 서 있어. 말로 배울 수 있는 건 여기까지고, 나머지는 맞아 가면서 배워."
"src/data/npcTalk.js","384","습격 때 뒤에서 불덩이 던지는 놈부터 잡아. 그것도 못 하면 앞에 나서지 말고 포코나 지켜.","습격 때 뒤에서 불덩이 던지는 놈부터 잡아. 그것도 못 하면 앞에 나서지 말고 포코나 지켜."
"src/data/npcTalk.js","385","대련은 받아 줄게. 지고 나서 우는 건 안 봐줘. 나는 위로 같은 거 할 줄 몰라.","대련은 받아 줄게. 지고 나서 우는 건 안 봐줘. 나는 위로 같은 거 할 줄 몰라."
"src/data/npcTalk.js","385","번개는 뭉친 놈들한테 써. 하나씩 쏘고 있는 거 망루에서 다 봤어. 아까워서 보기가 싫더라.","번개는 뭉친 놈들한테 써. 하나씩 쏘고 있는 거 망루에서 다 봤어. 아까워서 보기가 싫더라."
"src/data/npcTalk.js","386","…우리 가족 얘기는 남한테 안 해. 안 하는데, 네가 자꾸 묻는 얼굴을 하니까. 여섯이었어. 내가 제일 어렸고. 그 뒤로 위에서 살아. 위에 있으면 누가 오는지 제일 먼저 보이니까.","…우리 가족 얘기는 남한테 안 해. 안 하는데, 네가 자꾸 묻는 얼굴을 하니까. 여섯이었어. 내가 제일 어렸고. 그 뒤로 위에서 살아. 위에 있으면 누가 오는지 제일 먼저 보이니까."
"src/data/npcTalk.js","386","포코가 시끄러운 건 알아. 그런데 그 애가 조용한 날은 마을이 너무 가라앉아서… 아니다. 그런 거 신경 쓰는 거 아니야.","포코가 시끄러운 건 알아. 그런데 그 애가 조용한 날은 마을이 너무 가라앉아서… 아니다. 그런 거 신경 쓰는 거 아니야."
"src/data/npcTalk.js","387","너랑 순찰 도는 날은 아무 일도 안 생겨. 심심하다고 말하려다가… 됐어, 그냥 좋다고 하자. 나도 그런 말 할 줄 알아.","너랑 순찰 도는 날은 아무 일도 안 생겨. 심심하다고 말하려다가… 됐어, 그냥 좋다고 하자. 나도 그런 말 할 줄 알아."
"src/data/npcTalk.js","387","언제 한번 같이 하늘 끝까지 가 보자. 어디까지 이어져 있는지 아는 용이 없대. 나는 늘 여기 서 있기만 했으니까, 네가 앞장서.","언제 한번 같이 하늘 끝까지 가 보자. 어디까지 이어져 있는지 아는 용이 없대. 나는 늘 여기 서 있기만 했으니까, 네가 앞장서."
"src/data/npcTalk.js","389","비켜. 내 뒤로.","비켜. 내 뒤로."
"src/data/npcTalk.js","389","하나도 못 지나간다.","하나도 못 지나간다."
"src/data/npcTalk.js","389","거기 서. 도망칠 생각 하지 마.","거기 서. 도망칠 생각 하지 마."
"src/data/npcTalk.js","390","…방심했어. 웃지 마.","…방심했어. 웃지 마."
"src/data/npcTalk.js","394","어? 어어? 새 친구다! 안녕, 안녕!","어? 어어? 새 친구다! 안녕, 안녕!"
"src/data/npcTalk.js","395","왔다! 있잖아, 오늘은 뭐 하고 놀 거야?","왔다! 있잖아, 오늘은 뭐 하고 놀 거야?"
"src/data/npcTalk.js","396","야호, 내 단짝 왔다! 나 아까부터 기다리고 있었어.","야호, 내 단짝 왔다! 나 아까부터 기다리고 있었어."
"src/data/npcTalk.js","397","나 이제 네 발소리만 들어도 너인 줄 안다? 에헤헤.","나 이제 네 발소리만 들어도 너인 줄 안다? 에헤헤."
"src/data/npcTalk.js","400","있잖아, 구름은 먹으면 달 것 같지 않아? 나는 솜 같은 맛이 날 것 같은데.","있잖아, 구름은 먹으면 달 것 같지 않아? 나는 솜 같은 맛이 날 것 같은데."
"src/data/npcTalk.js","400","나 술래잡기는 진짜 잘해! 도망치는 건 내가 마을에서 제일이거든. 한번 해 볼래?","나 술래잡기는 진짜 잘해! 도망치는 건 내가 마을에서 제일이거든. 한번 해 볼래?"
"src/data/npcTalk.js","400","들쥐는 나처럼 도망만 다니는데, 그래도 잡으면 고기가 나온대.","들쥐는 나처럼 도망만 다니는데, 그래도 잡으면 고기가 나온대."
"src/data/npcTalk.js","401","숲에 보물상자가 숨어 있다던데, 나는 무서워서 못 가니까 네가 찾으면 나한테도 보여 줘.","숲에 보물상자가 숨어 있다던데, 나는 무서워서 못 가니까 네가 찾으면 나한테도 보여 줘."
"src/data/npcTalk.js","401","그론 아저씨는 맨날 화난 척하면서도 내가 가면 간식을 나눠 줘. 아저씨한테는 내가 말했다고 하지 마.","그론 아저씨는 맨날 화난 척하면서도 내가 가면 간식을 나눠 줘. 아저씨한테는 내가 말했다고 하지 마."
"src/data/npcTalk.js","401","별똥별이 쏟아지는 밤에는 별이 땅에도 떨어진대. 주우면 부자 된다던데, 밤이라서 나는 못 나가 봤어.","별똥별이 쏟아지는 밤에는 별이 땅에도 떨어진대. 주우면 부자 된다던데, 밤이라서 나는 못 나가 봤어."
"src/data/npcTalk.js","402","비 오는 날은 나팔이 잘 안 울려서 좋아. 물웅덩이에서 첨벙거려도 아무도 안 혼내고.","비 오는 날은 나팔이 잘 안 울려서 좋아. 물웅덩이에서 첨벙거려도 아무도 안 혼내고."
"src/data/npcTalk.js","402","아기 용은 쓰다듬어 주면 더 씩씩해진대. 나도 누가 쓰다듬어 주면 좀 씩씩해지려나.","아기 용은 쓰다듬어 주면 더 씩씩해진대. 나도 누가 쓰다듬어 주면 좀 씩씩해지려나."
"src/data/npcTalk.js","403","나 사실 겁이 엄청 많아. 근데 너랑 같이 있으면 그게 좀 덜해져서 신기해.","나 사실 겁이 엄청 많아. 근데 너랑 같이 있으면 그게 좀 덜해져서 신기해."
"src/data/npcTalk.js","403","우리 할아버지가 될 때까지 친구 하자! 약속한 거다?","우리 할아버지가 될 때까지 친구 하자! 약속한 거다?"
"src/data/npcTalk.js","405","나, 나도 싸울 수 있어!","나, 나도 싸울 수 있어!"
"src/data/npcTalk.js","405","우리 마을 괴롭히지 마!","우리 마을 괴롭히지 마!"
"src/data/npcTalk.js","405","으아아, 불이다아!","으아아, 불이다아!"
"src/data/npcTalk.js","406","아야야… 나 잠깐만 누워 있을게.","아야야… 나 잠깐만 누워 있을게."
"src/data/npcTalk.js","410","뭐냐. 살 거 없으면 일하는 데 방해하지 말고 가라.","뭐냐. 살 거 없으면 일하는 데 방해하지 말고 가라."
"src/data/npcTalk.js","411","또 너냐. 볼 게 있으면 저기 걸어 놨으니까 알아서 봐라.","또 너냐. 볼 게 있으면 저기 걸어 놨으니까 알아서 봐라."
"src/data/npcTalk.js","412","왔냐. 마침 좋은 비늘이 들어왔으니까 구경이나 해라.","왔냐. 마침 좋은 비늘이 들어왔으니까 구경이나 해라."
"src/data/npcTalk.js","413","거기 앉아 있어라. 단골한테는 덤을 좀 얹어 주는 법이니까.","거기 앉아 있어라. 단골한테는 덤을 좀 얹어 주는 법이니까."
"src/data/npcTalk.js","416","쇠가 식으니까 두드릴 때는 말 걸지 마라.","쇠가 식으니까 두드릴 때는 말 걸지 마라."
"src/data/npcTalk.js","416","골드는 몬스터를 잡거나 상자를 열면 나오는 거지, 나한테 달라고 해서 나오는 게 아니다.","골드는 몬스터를 잡거나 상자를 열면 나오는 거지, 나한테 달라고 해서 나오는 게 아니다."
"src/data/npcTalk.js","417","비늘은 두드릴수록 재료가 더 많이 든다. 세상에 공짜로 단단해지는 건 없다.","비늘은 두드릴수록 재료가 더 많이 든다. 세상에 공짜로 단단해지는 건 없다."
"src/data/npcTalk.js","417","남서쪽 사막에 바실이라는 놈이 사는데, 내 무릎이 이 모양인 게 그놈 때문이다.","남서쪽 사막에 바실이라는 놈이 사는데, 내 무릎이 이 모양인 게 그놈 때문이다."
"src/data/npcTalk.js","417","유물은 보이는 대로 모아 둬라. 끼우고 다니면 다 제 몫을 한다.","유물은 보이는 대로 모아 둬라. 끼우고 다니면 다 제 몫을 한다."
"src/data/npcTalk.js","418","나도 젊을 때는 꽤 돌아다녔다. 무릎이 나가고 나서 이 앞에 주저앉은 거지.","나도 젊을 때는 꽤 돌아다녔다. 무릎이 나가고 나서 이 앞에 주저앉은 거지."
"src/data/npcTalk.js","418","엘더 영감 기침이 부쩍 늘었더라. 나는 그런 말을 잘 못 하니까 네가 좀 들여다봐라.","엘더 영감 기침이 부쩍 늘었더라. 나는 그런 말을 잘 못 하니까 네가 좀 들여다봐라."
"src/data/npcTalk.js","419","너는 뭐, 나쁘지 않은 용이다. 내 입에서 그 이상은 기대하지 마라.","너는 뭐, 나쁘지 않은 용이다. 내 입에서 그 이상은 기대하지 마라."
"src/data/npcTalk.js","419","엠버 저놈이 손은 빠른데 끈기가 없다. 나 없을 때 네가 가끔 들여다봐 줘라. …뭘 그렇게 봐. 늙으면 이런 소리도 하는 거다.","엠버 저놈이 손은 빠른데 끈기가 없다. 나 없을 때 네가 가끔 들여다봐 줘라. …뭘 그렇게 봐. 늙으면 이런 소리도 하는 거다."
"src/data/npcTalk.js","421","가게 앞에서 소란 피우지 마라!","가게 앞에서 소란 피우지 마라!"
"src/data/npcTalk.js","421","귀찮게 하는군!","귀찮게 하는군!"
"src/data/npcTalk.js","421","썩 비켜라!","썩 비켜라!"
"src/data/npcTalk.js","422","에잇, 또 무릎이…","에잇, 또 무릎이…"
"src/data/npcTalk.js","428","아랫마을에서 온 용이로구나. 여기까지 올라올 줄은 몰랐소.","아랫마을에서 온 용이로구나. 여기까지 올라올 줄은 몰랐소."
"src/data/npcTalk.js","429","또 왔구려. 유안이 또 성을 냈겠군.","또 왔구려. 유안이 또 성을 냈겠군."
"src/data/npcTalk.js","430","어서 오시오. 오늘은 물이 잔잔해서 이야기하기 좋은 날이오.","어서 오시오. 오늘은 물이 잔잔해서 이야기하기 좋은 날이오."
"src/data/npcTalk.js","431","왔는가. 하루가 아침부터 그대를 기다리고 있었소.","왔는가. 하루가 아침부터 그대를 기다리고 있었소."
"src/data/npcTalk.js","434","우리는 날개보다 물을 타고 다니는 용들이라 높은 데서 떨어지는 걸 겁내지 않소.","우리는 날개보다 물을 타고 다니는 용들이라 높은 데서 떨어지는 걸 겁내지 않소."
"src/data/npcTalk.js","434","아랫마을은 불을 많이 쓴다고 들었소. 여기서는 불을 크게 피우면 물이 마르니 조심해 주시오.","아랫마을은 불을 많이 쓴다고 들었소. 여기서는 불을 크게 피우면 물이 마르니 조심해 주시오."
"src/data/npcTalk.js","434","이 폭포가 두 마을의 경계가 된 건 누가 정해서가 아니라, 서로 발길을 끊다 보니 그리 된 것이오.","이 폭포가 두 마을의 경계가 된 건 누가 정해서가 아니라, 서로 발길을 끊다 보니 그리 된 것이오."
"src/data/npcTalk.js","435","스무 해 전에 두 마을이 크게 다투었고, 그 뒤로는 서로 없는 셈 치고 살아왔소.","스무 해 전에 두 마을이 크게 다투었고, 그 뒤로는 서로 없는 셈 치고 살아왔소."
"src/data/npcTalk.js","435","예전에는 달이 가장 밝은 밤마다 폭포 아래에서 두 마을이 만났소. 그날만은 아무도 다투지 않기로 했었지.","예전에는 달이 가장 밝은 밤마다 폭포 아래에서 두 마을이 만났소. 그날만은 아무도 다투지 않기로 했었지."
"src/data/npcTalk.js","435","그대의 스승은 잘 지내는가. …아니, 내가 물었다는 말은 전하지 마시오.","그대의 스승은 잘 지내는가. …아니, 내가 물었다는 말은 전하지 마시오."
"src/data/npcTalk.js","436","그 싸움이 끝난 건 어느 쪽이 이겨서가 아니라 양쪽이 다 지쳤기 때문이오.","그 싸움이 끝난 건 어느 쪽이 이겨서가 아니라 양쪽이 다 지쳤기 때문이오."
"src/data/npcTalk.js","436","유안이 사납게 굴어도 너무 나무라지는 마시오. 저 아이는 마을을 지키는 것 말고는 배울 틈이 없었소.","유안이 사납게 굴어도 너무 나무라지는 마시오. 저 아이는 마을을 지키는 것 말고는 배울 틈이 없었소."
"src/data/npcTalk.js","437","지금 두 마을을 오가는 용은 그대 하나뿐이오.","지금 두 마을을 오가는 용은 그대 하나뿐이오."
"src/data/npcTalk.js","437","언젠가 이 폭포가 경계가 아니라 길이 되면 좋겠소. 내 대에는 어렵겠다고 여겼는데, 요즘은 생각이 조금 달라지는구려.","언젠가 이 폭포가 경계가 아니라 길이 되면 좋겠소. 내 대에는 어렵겠다고 여겼는데, 요즘은 생각이 조금 달라지는구려."
"src/data/npcTalk.js","439","구름마루를 건드리지 마라!","구름마루를 건드리지 마라!"
"src/data/npcTalk.js","439","물러가라!","물러가라!"
"src/data/npcTalk.js","439","얼어붙어라.","얼어붙어라."
"src/data/npcTalk.js","440","아직 물소리가 들리는구나…","아직 물소리가 들리는구나…"
"src/data/npcTalk.js","444","물이 흔들리면서 낯선 그림자가 비치길래 누군가 했더니 너였구나.","물이 흔들리면서 낯선 그림자가 비치길래 누군가 했더니 너였구나."
"src/data/npcTalk.js","445","또 왔네. 오늘은 물이 잔잔해서 잘 보일 거야.","또 왔네. 오늘은 물이 잔잔해서 잘 보일 거야."
"src/data/npcTalk.js","446","아침에 물에 네 모습이 비치길래 올 줄 알고 있었어.","아침에 물에 네 모습이 비치길래 올 줄 알고 있었어."
"src/data/npcTalk.js","447","앉아 있어. 이끼를 말리는 중이라 손을 놓을 수가 없네.","앉아 있어. 이끼를 말리는 중이라 손을 놓을 수가 없네."
"src/data/npcTalk.js","450","나는 물에 비친 걸 읽는데, 그걸 믿고 말고는 네 마음이야.","나는 물에 비친 걸 읽는데, 그걸 믿고 말고는 네 마음이야."
"src/data/npcTalk.js","450","하늘에서 용이 떨어졌다는 얘기는 여기까지 들렸어. 그게 너였구나.","하늘에서 용이 떨어졌다는 얘기는 여기까지 들렸어. 그게 너였구나."
"src/data/npcTalk.js","450","다친 용이 있으면 데려와. 폭포 이끼는 웬만한 상처에는 다 잘 들어.","다친 용이 있으면 데려와. 폭포 이끼는 웬만한 상처에는 다 잘 들어."
"src/data/npcTalk.js","451","떨어지는 물에는 지난 일이 비치고, 고여 있는 물에는 앞으로의 일이 비쳐.","떨어지는 물에는 지난 일이 비치고, 고여 있는 물에는 앞으로의 일이 비쳐."
"src/data/npcTalk.js","451","네가 떨어지던 날부터 사흘 동안 물이 흐렸는데, 그때는 아무도 이유를 몰랐어.","네가 떨어지던 날부터 사흘 동안 물이 흐렸는데, 그때는 아무도 이유를 몰랐어."
"src/data/npcTalk.js","452","밤에 물에 비치는 별은 먼저 떠난 용들이라고 해서, 우리는 그걸 별비늘이라고 불러.","밤에 물에 비치는 별은 먼저 떠난 용들이라고 해서, 우리는 그걸 별비늘이라고 불러."
"src/data/npcTalk.js","452","네 앞에 갈림길이 하나 보여. 어느 쪽을 고르든 혼자서만 가지는 마.","네 앞에 갈림길이 하나 보여. 어느 쪽을 고르든 혼자서만 가지는 마."
"src/data/npcTalk.js","453","언젠가 네가 두 마을 사이에 서게 될 거라고, 물은 볼 때마다 같은 걸 보여 줘.","언젠가 네가 두 마을 사이에 서게 될 거라고, 물은 볼 때마다 같은 걸 보여 줘."
"src/data/npcTalk.js","453","무서우면 나한테는 무섭다고 말해도 괜찮아.","무서우면 나한테는 무섭다고 말해도 괜찮아."
"src/data/npcTalk.js","455","물이 너를 밀어낼 거야.","물이 너를 밀어낼 거야."
"src/data/npcTalk.js","455","비켜, 다친다!","비켜, 다친다!"
"src/data/npcTalk.js","455","얼어라.","얼어라."
"src/data/npcTalk.js","456","물이 흐려졌어…","물이 흐려졌어…"
"src/data/npcTalk.js","460","우와, 진짜 아래에서 올라온 용이다! 그 폭포를 어떻게 넘어온 거야?","우와, 진짜 아래에서 올라온 용이다! 그 폭포를 어떻게 넘어온 거야?"
"src/data/npcTalk.js","461","또 왔네! 오늘도 바깥 얘기 좀 해 줘, 응?","또 왔네! 오늘도 바깥 얘기 좀 해 줘, 응?"
"src/data/npcTalk.js","462","야, 나 아까부터 기다리고 있었잖아. 오늘은 어디 갔다 왔어?","야, 나 아까부터 기다리고 있었잖아. 오늘은 어디 갔다 왔어?"
"src/data/npcTalk.js","463","왔다! 나 오늘 물속에서 숨을 백 번이나 참았다? 진짜라니까.","왔다! 나 오늘 물속에서 숨을 백 번이나 참았다? 진짜라니까."
"src/data/npcTalk.js","466","나도 언젠가는 폭포 아래로 내려가 볼 거야. 유안 아저씨한테는 비밀이다?","나도 언젠가는 폭포 아래로 내려가 볼 거야. 유안 아저씨한테는 비밀이다?"
"src/data/npcTalk.js","466","아랫마을에도 나 같은 또래가 있어? 어떤 애인지 궁금하다.","아랫마을에도 나 같은 또래가 있어? 어떤 애인지 궁금하다."
"src/data/npcTalk.js","466","우리는 물속에서도 숨을 쉬는데 너희는 못 한다며? 그게 더 신기하다.","우리는 물속에서도 숨을 쉬는데 너희는 못 한다며? 그게 더 신기하다."
"src/data/npcTalk.js","467","리운 어른은 하나도 안 무서워. 잔소리가 좀 길어서 그렇지.","리운 어른은 하나도 안 무서워. 잔소리가 좀 길어서 그렇지."
"src/data/npcTalk.js","467","달 밝은 밤 모임에 네가 오면 좋겠다. 그날은 아무도 싸우면 안 되는 날이거든.","달 밝은 밤 모임에 네가 오면 좋겠다. 그날은 아무도 싸우면 안 되는 날이거든."
"src/data/npcTalk.js","467","세이란 누나가 물 읽는 걸 옆에서 맨날 보는데도 나는 아직 하나도 못 읽겠어.","세이란 누나가 물 읽는 걸 옆에서 맨날 보는데도 나는 아직 하나도 못 읽겠어."
"src/data/npcTalk.js","468","솔직히 나는 경계 같은 게 왜 있어야 하는지 모르겠어. 물은 그런 거 안 가리고 그냥 흐르잖아.","솔직히 나는 경계 같은 게 왜 있어야 하는지 모르겠어. 물은 그런 거 안 가리고 그냥 흐르잖아."
"src/data/npcTalk.js","468","우리 둘이 먼저 친구가 되면 마을도 언젠가는 따라오지 않을까?","우리 둘이 먼저 친구가 되면 마을도 언젠가는 따라오지 않을까?"
"src/data/npcTalk.js","469","너는 내 첫 번째 바깥 친구야. 그건 앞으로도 안 바뀌어.","너는 내 첫 번째 바깥 친구야. 그건 앞으로도 안 바뀌어."
"src/data/npcTalk.js","469","나 나중에 어른이 되면 진짜로 폭포에 다리를 놓을 거야.","나 나중에 어른이 되면 진짜로 폭포에 다리를 놓을 거야."
"src/data/npcTalk.js","471","내가 먼저 간다!","내가 먼저 간다!"
"src/data/npcTalk.js","471","이래 봬도 나 빠르다고!","이래 봬도 나 빠르다고!"
"src/data/npcTalk.js","471","번개 조심해!","번개 조심해!"
"src/data/npcTalk.js","472","아야야… 잠깐만.","아야야… 잠깐만."
"src/data/npcTalk.js","476","여기서 뭘 하는 거냐. 볼일이 없으면 폭포 아래로 돌아가라.","여기서 뭘 하는 거냐. 볼일이 없으면 폭포 아래로 돌아가라."
"src/data/npcTalk.js","477","또 너로군. 말썽만 부리지 마라.","또 너로군. 말썽만 부리지 마라."
"src/data/npcTalk.js","478","네가 올라오는 날에는 내가 경계를 두 번씩 돌아야 한다는 건 알고 있나.","네가 올라오는 날에는 내가 경계를 두 번씩 돌아야 한다는 건 알고 있나."
"src/data/npcTalk.js","479","문 앞에 서 있지 말고 들어와라.","문 앞에 서 있지 말고 들어와라."
"src/data/npcTalk.js","482","이 위는 우리 땅이고, 거기에 더 설명할 건 없다.","이 위는 우리 땅이고, 거기에 더 설명할 건 없다."
"src/data/npcTalk.js","482","나는 경계를 넘어오는 발자국을 하나도 빠짐없이 세고 있다.","나는 경계를 넘어오는 발자국을 하나도 빠짐없이 세고 있다."
"src/data/npcTalk.js","482","네가 무슨 생각을 하는지는 관심 없다. 나는 네가 어디에 서 있는지만 본다.","네가 무슨 생각을 하는지는 관심 없다. 나는 네가 어디에 서 있는지만 본다."
"src/data/npcTalk.js","483","아랫마을 용이 마지막으로 여기 올라온 게 스무 해 전이다. 그때 일은 묻지 않는 게 좋을 거다.","아랫마을 용이 마지막으로 여기 올라온 게 스무 해 전이다. 그때 일은 묻지 않는 게 좋을 거다."
"src/data/npcTalk.js","483","리운 어른이 너를 들이셨으니 막지는 않겠다만, 그게 너를 좋아한다는 뜻은 아니다.","리운 어른이 너를 들이셨으니 막지는 않겠다만, 그게 너를 좋아한다는 뜻은 아니다."
"src/data/npcTalk.js","484","내가 경계를 도는 건 누굴 미워해서가 아니라 잃어 본 적이 있어서다.","내가 경계를 도는 건 누굴 미워해서가 아니라 잃어 본 적이 있어서다."
"src/data/npcTalk.js","484","하루를 좀 잘 봐 줘라. 저 녀석은 겁이 없어서 보고 있으면 불안하다.","하루를 좀 잘 봐 줘라. 저 녀석은 겁이 없어서 보고 있으면 불안하다."
"src/data/npcTalk.js","485","네가 오는 날은 이상하게 경계가 조용해서, 요즘은 그걸로 됐다고 생각한다.","네가 오는 날은 이상하게 경계가 조용해서, 요즘은 그걸로 됐다고 생각한다."
"src/data/npcTalk.js","485","나도 한 번쯤은 아래로 내려가 보고 싶다. 하루한테는 말하지 마라, 들으면 당장 따라나설 녀석이니까.","나도 한 번쯤은 아래로 내려가 보고 싶다. 하루한테는 말하지 마라, 들으면 당장 따라나설 녀석이니까."
"src/data/npcTalk.js","487","경계를 넘지 마라!","경계를 넘지 마라!"
"src/data/npcTalk.js","487","거기서 멈춰!","거기서 멈춰!"
"src/data/npcTalk.js","487","물러서라!","물러서라!"
"src/data/npcTalk.js","488","경계가… 뚫렸나.","경계가… 뚫렸나."
"src/data/npcTalk.js","506","왔느냐. 마을은 네가 말한 대로 조용하단다. 나팔 소리가 없으니 밤이 전보다 길게 느껴지는구나.","왔느냐. 마을은 네가 말한 대로 조용하단다. 나팔 소리가 없으니 밤이 전보다 길게 느껴지는구나."
"src/data/npcTalk.js","506","나라한테서는 아직 소식이 없단다. 그 아이가 어디서든 밥이나 잘 챙겨 먹고 있으면 좋겠구나.","나라한테서는 아직 소식이 없단다. 그 아이가 어디서든 밥이나 잘 챙겨 먹고 있으면 좋겠구나."
"src/data/npcTalk.js","507","수련장은 그대로 열어 두고 있다. 가르칠 녀석이 하나도 안 남았는데도 아침이 되면 발이 저절로 그리로 가더구나.","수련장은 그대로 열어 두고 있다. 가르칠 녀석이 하나도 안 남았는데도 아침이 되면 발이 저절로 그리로 가더구나."
"src/data/npcTalk.js","507","형 옆에 서 있던 네 얼굴이 예순 해 전의 형하고 똑같더라. 나는 그때도 말리지 못했고 이번에도 말리지 못했다.","형 옆에 서 있던 네 얼굴이 예순 해 전의 형하고 똑같더라. 나는 그때도 말리지 못했고 이번에도 말리지 못했다."
"src/data/npcTalk.js","508","순찰은 이제 잿마루 용들이 돈대. 나는 할 일이 없어져서 하루 종일 발톱만 갈고 있어.","순찰은 이제 잿마루 용들이 돈대. 나는 할 일이 없어져서 하루 종일 발톱만 갈고 있어."
"src/data/npcTalk.js","508","나라가 떠나던 날 나한테만 인사를 하고 갔어. 너한테 전할 말은 없느냐고 물어봤는데 없다고 하더라.","나라가 떠나던 날 나한테만 인사를 하고 갔어. 너한테 전할 말은 없느냐고 물어봤는데 없다고 하더라."
"src/data/npcTalk.js","509","(포코가 티아맷의 꼬리 뒤에 숨어서 눈만 내놓고 이쪽을 보고 있다.)","(포코가 티아맷의 꼬리 뒤에 숨어서 눈만 내놓고 이쪽을 보고 있다.)"
"src/data/npcTalk.js","509","…술래잡기는 이제 안 할래. 네가 술래가 되면 진짜로 잡혀갈 것 같아서 무서워.","…술래잡기는 이제 안 할래. 네가 술래가 되면 진짜로 잡혀갈 것 같아서 무서워."
"src/data/npcTalk.js","510","잿마루에서 주문이 밀려들어서 대장간은 전보다 바빠졌어. 그런데 아저씨가 계셨으면 이런 주문은 안 받으셨을 것 같아서 망치가 자꾸 무거워져.","잿마루에서 주문이 밀려들어서 대장간은 전보다 바빠졌어. 그런데 아저씨가 계셨으면 이런 주문은 안 받으셨을 것 같아서 망치가 자꾸 무거워져."
"src/data/npcTalk.js","511","다치는 용이 없으니까 약초가 남아돌아. 분명히 좋은 일인데 이상하게 마음이 편하지가 않네.","다치는 용이 없으니까 약초가 남아돌아. 분명히 좋은 일인데 이상하게 마음이 편하지가 않네."
"src/data/npcTalk.js","512","…여기까지는 왜 왔어. 나는 그 마을에 돌아갈 생각이 없으니까 데리러 온 거라면 그냥 가.","…여기까지는 왜 왔어. 나는 그 마을에 돌아갈 생각이 없으니까 데리러 온 거라면 그냥 가."
"src/data/npcTalk.js","512","아빠는 잘 계셔? …아니다, 대답하지 마. 그 얘기를 네 입으로 듣고 싶지는 않아.","아빠는 잘 계셔? …아니다, 대답하지 마. 그 얘기를 네 입으로 듣고 싶지는 않아."
"src/data/npcTalk.js","513","웨스턴 마을은 조용하다. 네가 문을 열어 준 덕분에 피 한 방울 흘리지 않고 끝났지. 그분께서도 네 얘기를 자주 하신다.","웨스턴 마을은 조용하다. 네가 문을 열어 준 덕분에 피 한 방울 흘리지 않고 끝났지. 그분께서도 네 얘기를 자주 하신다."
"src/data/npcTalk.js","516","…대장간이 조용하니 마을이 다 조용하구나. 그 망치 소리가 시끄럽다고 타박한 게 엊그제 같은데.","…대장간이 조용하니 마을이 다 조용하구나. 그 망치 소리가 시끄럽다고 타박한 게 엊그제 같은데."
"src/data/npcTalk.js","517","내가 폭포에 안 갔으면. …아니, 나는 다쳐서 못 갔지. 그래서 더 열받아. 마을에 있었는데도 못 막았어.","내가 폭포에 안 갔으면. …아니, 나는 다쳐서 못 갔지. 그래서 더 열받아. 마을에 있었는데도 못 막았어."
"src/data/npcTalk.js","518","…나 티아맷 누나한테 싸우는 법 알려 달라고 했어. 누나가 아무 말도 안 하고 고개만 끄덕였어.","…나 티아맷 누나한테 싸우는 법 알려 달라고 했어. 누나가 아무 말도 안 하고 고개만 끄덕였어."
"src/data/npcTalk.js","519","풀무를 밟으면 뒤에서 '세게 밟아라' 소리가 날 것 같아. 안 나니까 자꾸 돌아보게 돼.","풀무를 밟으면 뒤에서 '세게 밟아라' 소리가 날 것 같아. 안 나니까 자꾸 돌아보게 돼."
"src/data/npcTalk.js","520","그론 그놈이랑은 말을 섞은 날보다 안 섞은 날이 많았다. 그래도 이백 년을 옆에 있었지. …술이나 한잔 부어 주고 와야겠다.","그론 그놈이랑은 말을 섞은 날보다 안 섞은 날이 많았다. 그래도 이백 년을 옆에 있었지. …술이나 한잔 부어 주고 와야겠다."
"src/data/npcTalk.js","521","아빠가 밤에 혼자 대장간 앞에 앉아 있더라. 나 그런 거 처음 봤어. 옆에 가서 앉았는데 아무 말도 못 했어.","아빠가 밤에 혼자 대장간 앞에 앉아 있더라. 나 그런 거 처음 봤어. 옆에 가서 앉았는데 아무 말도 못 했어."
"src/data/npcTalk.js","522","등에 맞은 화살이 열한 대였어. 열한 대를 맞고도 포코 위에서 안 비켰어. 나 그거 뽑으면서… 아니야. 됐어.","등에 맞은 화살이 열한 대였어. 열한 대를 맞고도 포코 위에서 안 비켰어. 나 그거 뽑으면서… 아니야. 됐어."
"src/data/npcTalk.js","525","나 이제 나팔 불어도 안 숨어. 다리는 아직 떨리는데, 그래도 안 숨어.","나 이제 나팔 불어도 안 숨어. 다리는 아직 떨리는데, 그래도 안 숨어."
"src/data/npcTalk.js","526","오늘 못 하나도 안 휘었다? 아저씨가 봤으면 '당연한 걸 자랑하냐' 그랬겠지만.","오늘 못 하나도 안 휘었다? 아저씨가 봤으면 '당연한 걸 자랑하냐' 그랬겠지만."
"src/data/npcTalk.js","528","비가 오는구나. 무릎이 쑤시는 걸 보니 오래 오겠어.","비가 오는구나. 무릎이 쑤시는 걸 보니 오래 오겠어."
"src/data/npcTalk.js","528","비 오는 날은 번개가 잘 먹혀. 사냥 가기 딱 좋지.","비 오는 날은 번개가 잘 먹혀. 사냥 가기 딱 좋지."
"src/data/npcTalk.js","528","비다 비! 물웅덩이 밟으러 가자!","비다 비! 물웅덩이 밟으러 가자!"
"src/data/npcTalk.js","528","비 오면 손님이 없어. 너 빼고.","비 오면 손님이 없어. 너 빼고."
"src/data/npcTalk.js","529","이 시간에 웬일이냐. 밤 숲은 위험하다.","이 시간에 웬일이냐. 밤 숲은 위험하다."
"src/data/npcTalk.js","529","밤 순찰 중이야. 볼일 없으면 가서 자. …잠이 안 오면 여기 서 있든가.","밤 순찰 중이야. 볼일 없으면 가서 자. …잠이 안 오면 여기 서 있든가."
"src/data/npcTalk.js","529","쉿. 반딧불이 구경하는 중이야. 예쁘지?","쉿. 반딧불이 구경하는 중이야. 예쁘지?"
"src/data/npcTalk.js","529","밤에는 가게 문 닫는다. 뭐, 너니까 봐준다.","밤에는 가게 문 닫는다. 뭐, 너니까 봐준다."
"src/data/npcTalk.js","530","붉은 달이다. 오늘 밤은 마을 밖에 나가지 마라.","붉은 달이다. 오늘 밤은 마을 밖에 나가지 마라."
"src/data/npcTalk.js","530","붉은 달이 뜨면 놈들이 미쳐 날뛰지. 오히려 좋아.","붉은 달이 뜨면 놈들이 미쳐 날뛰지. 오히려 좋아."
"src/data/npcTalk.js","530","다, 달이 빨개. 나 무서워.","다, 달이 빨개. 나 무서워."
"src/data/npcTalk.js","530","붉은 달 뜨는 날은 장사 공치는 날이야.","붉은 달 뜨는 날은 장사 공치는 날이야."
"src/data/npcTalk.js","531","사냥꾼이다! 이야기는 나중에 하자!","사냥꾼이다! 이야기는 나중에 하자!"
"src/data/npcTalk.js","531","지금 수다 떨 때야? 놈들부터 처리해!","지금 수다 떨 때야? 놈들부터 처리해!"
"src/data/npcTalk.js","531","으아아 사냥꾼이야! 나 좀 지켜 줘!","으아아 사냥꾼이야! 나 좀 지켜 줘!"
"src/data/npcTalk.js","531","가게 부서지면 네가 물어내라. 어서 막아!","가게 부서지면 네가 물어내라. 어서 막아!"
"src/data/npcTalk.js","532","습격을 여러 번 막았다지. 마을이 네 덕을 본다.","습격을 여러 번 막았다지. 마을이 네 덕을 본다."
"src/data/npcTalk.js","532","요즘 습격이 좀 수월해졌어. …네 덕이라고는 안 했어.","요즘 습격이 좀 수월해졌어. …네 덕이라고는 안 했어."
"src/data/npcTalk.js","532","사냥꾼 놈들 갑옷, 녹이면 쓸 만하더라.","사냥꾼 놈들 갑옷, 녹이면 쓸 만하더라."
"src/data/npcTalk.js","533","네 아이들은 잘 크느냐. 마을에 애 울음소리가 나니 좋구나.","네 아이들은 잘 크느냐. 마을에 애 울음소리가 나니 좋구나."
"src/data/npcTalk.js","533","네 아기 용이랑 놀아도 돼? 응? 응?","네 아기 용이랑 놀아도 돼? 응? 응?"
"src/data/npcTalk.js","533","네 새끼들, 눈빛이 제법이더라. 널 닮았어.","네 새끼들, 눈빛이 제법이더라. 널 닮았어."
"src/data/npcTalk.js","533","애 키우려면 돈이 많이 든다. 많이 벌어라.","애 키우려면 돈이 많이 든다. 많이 벌어라."
"src/data/npcTalk.js","536","쉿, 알 옆에서는 작게 말해. …내가 제일 크게 말하고 있구먼.","쉿, 알 옆에서는 작게 말해. …내가 제일 크게 말하고 있구먼."
"src/data/npcTalk.js","536","오늘로 며칠째여? 미루는 세지 말라는데 나는 자꾸 세.","오늘로 며칠째여? 미루는 세지 말라는데 나는 자꾸 세."
"src/data/npcTalk.js","537","와 줬구나. 이것 봐, 어제보다 조금 따뜻해진 것 같지 않아? …기분 탓이라도 좋아.","와 줬구나. 이것 봐, 어제보다 조금 따뜻해진 것 같지 않아? …기분 탓이라도 좋아."
"src/data/npcTalk.js","537","스무 해 전 그 알은 끝까지 차가웠어. 이번 건 따뜻해. 그것만 믿고 있어.","스무 해 전 그 알은 끝까지 차가웠어. 이번 건 따뜻해. 그것만 믿고 있어."
"src/data/npcTalk.js","540","그 애가 오늘 내 낚싯대를 물어뜯었어. 낚시꾼 될 거여, 틀림없이.","그 애가 오늘 내 낚싯대를 물어뜯었어. 낚시꾼 될 거여, 틀림없이."
"src/data/npcTalk.js","541","이름 불러 줘서 고마워. 네가 지은 이름이라 그런지 부를 때마다 네 생각이 나.","이름 불러 줘서 고마워. 네가 지은 이름이라 그런지 부를 때마다 네 생각이 나."
"src/data/npcTalk.js","545","너네 싸웠지? 온 마을이 다 알아. …내가 소문낸 건 아니야, 진짜야.","너네 싸웠지? 온 마을이 다 알아. …내가 소문낸 건 아니야, 진짜야."
"src/data/npcTalk.js","546","야, 너 짝을 울렸다며? 와, 너 진짜 간도 크다. 빨리 가서 빌어.","야, 너 짝을 울렸다며? 와, 너 진짜 간도 크다. 빨리 가서 빌어."
"src/data/npcTalk.js","547","요즘 너희 굴에서 저녁 연기가 안 올라오더라. 싸웠으면 고기라도 들고 가 봐. 우리 아저씨도 그건 통했어.","요즘 너희 굴에서 저녁 연기가 안 올라오더라. 싸웠으면 고기라도 들고 가 봐. 우리 아저씨도 그건 통했어."
"src/data/npcTalk.js","548","남의 집 일에 끼어들 생각은 없는데, 짝을 혼자 밤길 걷게 하는 건 아니지.","남의 집 일에 끼어들 생각은 없는데, 짝을 혼자 밤길 걷게 하는 건 아니지."
"src/data/npcTalk.js","551","너를 뭐라고 부를지는 아직도 못 정했어. 일단은 계속 야라고 부를 거니까 그런 줄 알아.","너를 뭐라고 부를지는 아직도 못 정했어. 일단은 계속 야라고 부를 거니까 그런 줄 알아."
"src/data/npcTalk.js","552","너네 둘이 같이 다니는 거 보기 좋아! 에헤헤.","너네 둘이 같이 다니는 거 보기 좋아! 에헤헤."
"src/data/npcTalk.js","552","짝을 맺었다지. 잘 살아라. 싸우면 나한테 오지 말고.","짝을 맺었다지. 잘 살아라. 싸우면 나한테 오지 말고."
"src/data/npcTalk.js","552","결혼 축하한다. 선물은 없다.","결혼 축하한다. 선물은 없다."
"src/data/npcTalk.js","553","모르가스를 보내 주었구나. 고맙다. 오랜 친구였다.","모르가스를 보내 주었구나. 고맙다. 오랜 친구였다."
"src/data/npcTalk.js","553","모르가스 어른을 보내 드렸다고? …다시 봤어.","모르가스 어른을 보내 드렸다고? …다시 봤어."
"src/data/npcTalk.js","554","머리 둘 달린 용을 이겼다고?! 너 진짜 영웅이다!","머리 둘 달린 용을 이겼다고?! 너 진짜 영웅이다!"
"src/data/npcTalk.js","554","쌍두룡 비늘, 남는 거 있으면 팔아라. 비싸게 쳐준다.","쌍두룡 비늘, 남는 거 있으면 팔아라. 비싸게 쳐준다."
"src/data/npcTalk.js","555","많이 컸구나. 내 젊을 때만 하다.","많이 컸구나. 내 젊을 때만 하다."
"src/data/npcTalk.js","555","우와 너 엄청 커졌다! 나 태워 줘!","우와 너 엄청 커졌다! 나 태워 줘!"
"src/data/npcTalk.js","555","이젠 내가 올려다봐야 하네. 흥.","이젠 내가 올려다봐야 하네. 흥."
"src/data/npcTalk.js","556","저런, 많이 다쳤구나. 고기라도 먹고 쉬거라.","저런, 많이 다쳤구나. 고기라도 먹고 쉬거라."
"src/data/npcTalk.js","556","꼴이 그게 뭐야. 무리하지 마.","꼴이 그게 뭐야. 무리하지 마."
"src/data/npcTalk.js","556","피, 피 나! 괜찮아?!","피, 피 나! 괜찮아?!"
"src/data/npcTalk.js","556","죽지는 마라. 단골 줄어든다.","죽지는 마라. 단골 줄어든다."
"src/data/npcTalk.js","563","우와아아! 더 높이! 더 높이!","우와아아! 더 높이! 더 높이!"
"src/data/npcTalk.js","563","(누리가 등 위에서 두 발로 서려다 미끄러져 꼬리를 꽉 붙잡았다.)","(누리가 등 위에서 두 발로 서려다 미끄러져 꼬리를 꽉 붙잡았다.)"
"src/data/npcTalk.js","563","나 봤어? 엄마! 나 하늘 봤어! …엄마 어디 갔지.","나 봤어? 엄마! 나 하늘 봤어! …엄마 어디 갔지."
"src/data/npcTalk.js","564","(누리에게 하늘에서 떨어지던 날 얘기를 해 줬다. 반은 지어냈다.)","(누리에게 하늘에서 떨어지던 날 얘기를 해 줬다. 반은 지어냈다.)"
"src/data/npcTalk.js","564","그래서 그래서? 별이 두 번 붉어졌어? 그다음엔?","그래서 그래서? 별이 두 번 붉어졌어? 그다음엔?"
"src/data/npcTalk.js","564","…나도 언젠가 하늘에서 떨어져 볼래. 아니다, 아플 것 같으니까 그냥 올라가 볼래.","…나도 언젠가 하늘에서 떨어져 볼래. 아니다, 아플 것 같으니까 그냥 올라가 볼래."
"src/data/npcTalk.js","565","너도 아직 애잖아! 나랑 똑같이 작으면서!","너도 아직 애잖아! 나랑 똑같이 작으면서!"
"src/data/npcTalk.js","566","으악 잡혔다! 한 판 더! 한 판 더!","으악 잡혔다! 한 판 더! 한 판 더!"
"src/data/npcTalk.js","566","헤헤, 나 빨라! 포코 형이 가르쳐 줬어!","헤헤, 나 빨라! 포코 형이 가르쳐 줬어!"
"src/data/npcTalk.js","570","(이슬이 등에 올라앉자마자 날개를 꽉 붙잡고 눈을 감았다.)","(이슬이 등에 올라앉자마자 날개를 꽉 붙잡고 눈을 감았다.)"
"src/data/npcTalk.js","570","…무서워. 아니야, 안 무서워. 한 번만 더.","…무서워. 아니야, 안 무서워. 한 번만 더."
"src/data/npcTalk.js","570","(내려 주자 곧바로 미루한테 달려가 뭐라고 한참을 떠들었다. 미루가 웃으면서 이쪽을 봤다.)","(내려 주자 곧바로 미루한테 달려가 뭐라고 한참을 떠들었다. 미루가 웃으면서 이쪽을 봤다.)"
"src/data/npcTalk.js","571","(이슬에게 하늘에서 떨어지던 날 얘기를 해 줬다. 반쯤 듣다가 잠들었다.)","(이슬에게 하늘에서 떨어지던 날 얘기를 해 줬다. 반쯤 듣다가 잠들었다.)"
"src/data/npcTalk.js","571","(자면서도 '별'이라고 한 번 중얼거렸다.)","(자면서도 '별'이라고 한 번 중얼거렸다.)"
"src/data/npcTalk.js","571","(미루가 조용히 다가와 이슬을 안아 갔다. 고맙다는 말 대신 고기 한 점을 손에 쥐여 줬다.)","(미루가 조용히 다가와 이슬을 안아 갔다. 고맙다는 말 대신 고기 한 점을 손에 쥐여 줬다.)"
"src/data/npcTalk.js","572","(이슬이 너를 올려다보다가, 키가 비슷해서 그런지 등 대신 꼬리를 물었다.)","(이슬이 너를 올려다보다가, 키가 비슷해서 그런지 등 대신 꼬리를 물었다.)"
"src/data/npcTalk.js","573","잡혔다! …나 잡힌 거야? 한 번 더!","잡혔다! …나 잡힌 거야? 한 번 더!"
"src/data/npcTalk.js","573","(이슬이 미루 뒤에 숨어서 혀를 내밀었다.)","(이슬이 미루 뒤에 숨어서 혀를 내밀었다.)"
"src/data/npcTalk.js","577","(잿별이 등에 올라타자마자 조용해졌다.)","(잿별이 등에 올라타자마자 조용해졌다.)"
"src/data/npcTalk.js","577","…여기서 보면 마을이 다 똑같이 생겼네. 집도, 길도.","…여기서 보면 마을이 다 똑같이 생겼네. 집도, 길도."
"src/data/npcTalk.js","577","저기 산 위에 그분이 계신 거지? 더 높이 가면 보일까? …아니다, 흑단 아저씨한테 혼나.","저기 산 위에 그분이 계신 거지? 더 높이 가면 보일까? …아니다, 흑단 아저씨한테 혼나."
"src/data/npcTalk.js","578","(잿별에게 웨스턴 마을의 나팔 얘기를 해 줬다.)","(잿별에게 웨스턴 마을의 나팔 얘기를 해 줬다.)"
"src/data/npcTalk.js","578","그러니까 나팔은… 나쁜 게 오면 부는 거야? 그럼 여기는 나쁜 게 안 와서 없는 거야?","그러니까 나팔은… 나쁜 게 오면 부는 거야? 그럼 여기는 나쁜 게 안 와서 없는 거야?"
"src/data/npcTalk.js","578","…근데 있잖아, 나팔이 있는 마을이 조금 부럽기도 해. 다 같이 뛰어나온다며.","…근데 있잖아, 나팔이 있는 마을이 조금 부럽기도 해. 다 같이 뛰어나온다며."
"src/data/npcTalk.js","579","너도 작잖아. 흑단 아저씨가 작은 애들끼리는 등에 타는 거 아니랬어.","너도 작잖아. 흑단 아저씨가 작은 애들끼리는 등에 타는 거 아니랬어."
"src/data/npcTalk.js","580","잡혔다! …근데 여기서 이렇게 뛰어도 돼? 아무도 안 뛰는데.","잡혔다! …근데 여기서 이렇게 뛰어도 돼? 아무도 안 뛰는데."
"src/data/npcTalk.js","580","내가 이겼다! 여기서 이긴 건 처음이야!","내가 이겼다! 여기서 이긴 건 처음이야!"
"src/data/npcTalk.js","585","씩씩이","씩씩이"
"src/data/npcTalk.js","585","수줍음쟁이","수줍음쟁이"
"src/data/npcTalk.js","585","장난꾸러기","장난꾸러기"
"src/data/npcTalk.js","585","의젓이","의젓이"
"src/data/npcTalk.js","590","왜.","왜."
"src/data/npcTalk.js","590","나 안 무서워.","나 안 무서워."
"src/data/npcTalk.js","590","왔어? 나 오늘 슬라임 봤어!","왔어? 나 오늘 슬라임 봤어!"
"src/data/npcTalk.js","590","나 많이 컸지?","나 많이 컸지?"
"src/data/npcTalk.js","590","아빠엄마! 나 오늘도 마을 지켰어!","아빠엄마! 나 오늘도 마을 지켰어!"
"src/data/npcTalk.js","590","나 나중에 제일 센 용 될 거야!","나 나중에 제일 센 용 될 거야!"
"src/data/npcTalk.js","591","혼자서도 잘해.","혼자서도 잘해."
"src/data/npcTalk.js","591","사냥꾼 오면 내가 혼내 줄 거야.","사냥꾼 오면 내가 혼내 줄 거야."
"src/data/npcTalk.js","591","티아맷 누나처럼 되고 싶어.","티아맷 누나처럼 되고 싶어."
"src/data/npcTalk.js","591","나 크면 같이 보스 잡으러 가자! 약속!","나 크면 같이 보스 잡으러 가자! 약속!"
"src/data/npcTalk.js","591","무서울 때도 있는데. 비밀이야.","무서울 때도 있는데. 비밀이야."
"src/data/npcTalk.js","592","간지러워!","간지러워!"
"src/data/npcTalk.js","592","헤헤. 한 번 더.","헤헤. 한 번 더."
"src/data/npcTalk.js","592","나 이거 제일 좋아해. 다른 애들한텐 비밀이야.","나 이거 제일 좋아해. 다른 애들한텐 비밀이야."
"src/data/npcTalk.js","593","냠.","냠."
"src/data/npcTalk.js","593","고기다! 힘이 솟는다!","고기다! 힘이 솟는다!"
"src/data/npcTalk.js","593","이거 먹고 더 세질게!","이거 먹고 더 세질게!"
"src/data/npcTalk.js","594","재밌네.","재밌네."
"src/data/npcTalk.js","594","내가 이겼다! 한 판 더!","내가 이겼다! 한 판 더!"
"src/data/npcTalk.js","594","아하하! 또 하자 또!","아하하! 또 하자 또!"
"src/data/npcTalk.js","595","힘들어.","힘들어."
"src/data/npcTalk.js","595","이 정도쯤이야!","이 정도쯤이야!"
"src/data/npcTalk.js","595","봤지? 나 불꽃 엄청 커졌어!","봤지? 나 불꽃 엄청 커졌어!"
"src/data/npcTalk.js","596","이렇게?","이렇게?"
"src/data/npcTalk.js","596","오, 된다 된다!","오, 된다 된다!"
"src/data/npcTalk.js","596","이제 나도 이 숨결 쓸 수 있어! 고마워!","이제 나도 이 숨결 쓸 수 있어! 고마워!"
"src/data/npcTalk.js","597","덤벼라!","덤벼라!"
"src/data/npcTalk.js","597","내가 지킨다!","내가 지킨다!"
"src/data/npcTalk.js","597","으랏차!","으랏차!"
"src/data/npcTalk.js","600","(뒤로 숨는다)","(뒤로 숨는다)"
"src/data/npcTalk.js","600","아, 안녕.","아, 안녕."
"src/data/npcTalk.js","600","저, 왔어요?","저, 왔어요?"
"src/data/npcTalk.js","600","(꼬리를 살랑인다)","(꼬리를 살랑인다)"
"src/data/npcTalk.js","600","기다렸어. 많이.","기다렸어. 많이."
"src/data/npcTalk.js","600","오늘은 같이 있어 줄 거지?","오늘은 같이 있어 줄 거지?"
"src/data/npcTalk.js","601","(고개만 끄덕인다)","(고개만 끄덕인다)"
"src/data/npcTalk.js","601","밖은 좀 무서워.","밖은 좀 무서워."
"src/data/npcTalk.js","601","포코 삼촌은 시끄럽지만 착해.","포코 삼촌은 시끄럽지만 착해."
"src/data/npcTalk.js","601","나 너 닮아서 다행이야.","나 너 닮아서 다행이야."
"src/data/npcTalk.js","601","어제 꿈에 다 같이 하늘을 날았어.","어제 꿈에 다 같이 하늘을 날았어."
"src/data/npcTalk.js","602","(움찔)","(움찔)"
"src/data/npcTalk.js","602","따뜻해.","따뜻해."
"src/data/npcTalk.js","602","(눈을 감고 기댄다) 가지 마.","(눈을 감고 기댄다) 가지 마."
"src/data/npcTalk.js","603","고마워.","고마워."
"src/data/npcTalk.js","603","맛있어.","맛있어."
"src/data/npcTalk.js","603","같이 먹으면 더 맛있어.","같이 먹으면 더 맛있어."
"src/data/npcTalk.js","604","이, 이렇게 하는 거야?","이, 이렇게 하는 거야?"
"src/data/npcTalk.js","604","후훗. 재밌다.","후훗. 재밌다."
"src/data/npcTalk.js","604","나 이렇게 웃어 본 거 처음이야.","나 이렇게 웃어 본 거 처음이야."
"src/data/npcTalk.js","605","무, 무리야.","무, 무리야."
"src/data/npcTalk.js","605","조금은 할 수 있을 것 같아.","조금은 할 수 있을 것 같아."
"src/data/npcTalk.js","605","나도 누굴 지킬 수 있을까?","나도 누굴 지킬 수 있을까?"
"src/data/npcTalk.js","606","어려워.","어려워."
"src/data/npcTalk.js","606","천천히 해 볼게.","천천히 해 볼게."
"src/data/npcTalk.js","606","됐다! 나, 해냈어!","됐다! 나, 해냈어!"
"src/data/npcTalk.js","607","에잇!","에잇!"
"src/data/npcTalk.js","607","오, 오지 마!","오, 오지 마!"
"src/data/npcTalk.js","607","나도 할 수 있어!","나도 할 수 있어!"
"src/data/npcTalk.js","610","누구세요~? 헤헤 장난이야.","누구세요~? 헤헤 장난이야."
"src/data/npcTalk.js","610","심심해!","심심해!"
"src/data/npcTalk.js","610","왔다! 놀자 놀자!","왔다! 놀자 놀자!"
"src/data/npcTalk.js","610","오늘은 뭐 하고 놀 거야?","오늘은 뭐 하고 놀 거야?"
"src/data/npcTalk.js","610","우리 집에서 제일 좋은 용 왔다!","우리 집에서 제일 좋은 용 왔다!"
"src/data/npcTalk.js","610","꺄아! 안아 줘!","꺄아! 안아 줘!"
"src/data/npcTalk.js","611","나 아까 나비 쫓아갔다?","나 아까 나비 쫓아갔다?"
"src/data/npcTalk.js","611","그론 아저씨 꼬리 밟았는데 안 혼났어!","그론 아저씨 꼬리 밟았는데 안 혼났어!"
"src/data/npcTalk.js","611","구름 먹어 보고 싶다.","구름 먹어 보고 싶다."
"src/data/npcTalk.js","611","나 크면 온 세상 보물상자 다 열 거야!","나 크면 온 세상 보물상자 다 열 거야!"
"src/data/npcTalk.js","611","너랑 있으면 맨날 신나!","너랑 있으면 맨날 신나!"
"src/data/npcTalk.js","612","꺄르르!","꺄르르!"
"src/data/npcTalk.js","612","거기 거기! 더 긁어 줘!","거기 거기! 더 긁어 줘!"
"src/data/npcTalk.js","612","헤헤헤, 세상에서 제일 좋아!","헤헤헤, 세상에서 제일 좋아!"
"src/data/npcTalk.js","613","와구와구!","와구와구!"
"src/data/npcTalk.js","613","더 없어? 더?","더 없어? 더?"
"src/data/npcTalk.js","613","배 빵빵! 이제 놀자!","배 빵빵! 이제 놀자!"
"src/data/npcTalk.js","614","잡아 봐라~!","잡아 봐라~!"
"src/data/npcTalk.js","614","내가 술래! 도망가!","내가 술래! 도망가!"
"src/data/npcTalk.js","614","오늘이 제일 재밌는 날이야!","오늘이 제일 재밌는 날이야!"
"src/data/npcTalk.js","615","훈련 말고 놀면 안 돼?","훈련 말고 놀면 안 돼?"
"src/data/npcTalk.js","615","이것도 놀이 같네!","이것도 놀이 같네!"
"src/data/npcTalk.js","615","나 봐 봐! 불꽃 빙글빙글!","나 봐 봐! 불꽃 빙글빙글!"
"src/data/npcTalk.js","616","에취! 어? 나왔다!","에취! 어? 나왔다!"
"src/data/npcTalk.js","616","우와 신기해!","우와 신기해!"
"src/data/npcTalk.js","616","이걸로 포코 삼촌 놀래켜야지!","이걸로 포코 삼촌 놀래켜야지!"
"src/data/npcTalk.js","617","받아라~!","받아라~!"
"src/data/npcTalk.js","617","까꿍!","까꿍!"
"src/data/npcTalk.js","617","헤헤, 맞았지?","헤헤, 맞았지?"
"src/data/npcTalk.js","620","안녕하세요.","안녕하세요."
"src/data/npcTalk.js","620","무슨 일이에요?","무슨 일이에요?"
"src/data/npcTalk.js","620","오셨어요. 별일 없으셨죠?","오셨어요. 별일 없으셨죠?"
"src/data/npcTalk.js","620","오늘 날씨가 좋네요.","오늘 날씨가 좋네요."
"src/data/npcTalk.js","620","다녀오셨어요. 걱정했어요.","다녀오셨어요. 걱정했어요."
"src/data/npcTalk.js","620","곁에 있으니 마음이 놓여요.","곁에 있으니 마음이 놓여요."
"src/data/npcTalk.js","621","책을 읽고 있었어요.","책을 읽고 있었어요."
"src/data/npcTalk.js","621","엘더 할아버지께 옛이야기를 들었어요.","엘더 할아버지께 옛이야기를 들었어요."
"src/data/npcTalk.js","621","별을 세다 잠들었어요.","별을 세다 잠들었어요."
"src/data/npcTalk.js","621","저는 이 마을이 좋아요. 지키고 싶어요.","저는 이 마을이 좋아요. 지키고 싶어요."
"src/data/npcTalk.js","621","나중에 제가 촌장이 되면 어떨까요?","나중에 제가 촌장이 되면 어떨까요?"
"src/data/npcTalk.js","622","괜찮아요.","괜찮아요."
"src/data/npcTalk.js","622","기분 좋네요.","기분 좋네요."
"src/data/npcTalk.js","622","(조용히 웃는다) 어린애 같죠, 저.","(조용히 웃는다) 어린애 같죠, 저."
"src/data/npcTalk.js","623","잘 먹겠습니다.","잘 먹겠습니다."
"src/data/npcTalk.js","623","맛있어요.","맛있어요."
"src/data/npcTalk.js","623","다음엔 제가 구해 올게요.","다음엔 제가 구해 올게요."
"src/data/npcTalk.js","624","이런 것도 나쁘지 않네요.","이런 것도 나쁘지 않네요."
"src/data/npcTalk.js","624","후후, 재밌어요.","후후, 재밌어요."
"src/data/npcTalk.js","624","가끔은 이렇게 웃는 것도 좋네요.","가끔은 이렇게 웃는 것도 좋네요."
"src/data/npcTalk.js","625","해 볼게요.","해 볼게요."
"src/data/npcTalk.js","625","호흡이 중요하군요.","호흡이 중요하군요."
"src/data/npcTalk.js","625","이제 요령을 알 것 같아요.","이제 요령을 알 것 같아요."
"src/data/npcTalk.js","626","원리를 알려 주세요.","원리를 알려 주세요."
"src/data/npcTalk.js","626","아, 이런 느낌이군요.","아, 이런 느낌이군요."
"src/data/npcTalk.js","626","익혔어요. 잘 쓸게요.","익혔어요. 잘 쓸게요."
"src/data/npcTalk.js","627","물러가세요.","물러가세요."
"src/data/npcTalk.js","627","침착하게.","침착하게."
"src/data/npcTalk.js","627","지켜야 해요.","지켜야 해요."
"src/data/npcTalk.js","633","왔냐. 멀뚱히 서 있지 말고 몸부터 풀어라.","왔냐. 멀뚱히 서 있지 말고 몸부터 풀어라."
"src/data/npcTalk.js","634","오늘은 눈이 덜 풀린 걸 보니 간밤에 잘 잔 모양이구나.","오늘은 눈이 덜 풀린 걸 보니 간밤에 잘 잔 모양이구나."
"src/data/npcTalk.js","635","발소리가 전보다 가벼워졌다. 살이 빠진 게 아니라 걷는 법이 나아진 거다.","발소리가 전보다 가벼워졌다. 살이 빠진 게 아니라 걷는 법이 나아진 거다."
"src/data/npcTalk.js","636","왔으면 마당부터 좀 쓸어라. 사범도 늙으면 제자한테 이런 것부터 시키게 된다.","왔으면 마당부터 좀 쓸어라. 사범도 늙으면 제자한테 이런 것부터 시키게 된다."
"src/data/npcTalk.js","639","수련은 하루에 하나만 한다. 욕심을 내면 실력보다 몸이 먼저 망가지거든.","수련은 하루에 하나만 한다. 욕심을 내면 실력보다 몸이 먼저 망가지거든."
"src/data/npcTalk.js","639","용은 자면서 크는 법이니까 수련이 끝나면 굴에 가서 푹 자라.","용은 자면서 크는 법이니까 수련이 끝나면 굴에 가서 푹 자라."
"src/data/npcTalk.js","639","기술은 한 번에 셋만 골라 쓸 수 있으니까 상대를 보고 그때그때 바꿔 끼워라.","기술은 한 번에 셋만 골라 쓸 수 있으니까 상대를 보고 그때그때 바꿔 끼워라."
"src/data/npcTalk.js","640","불은 붙어서 쏘고, 얼음은 곧게 쏘고, 번개는 쉬지 말고 쏴라. 이건 백 번을 말해도 모자란다.","불은 붙어서 쏘고, 얼음은 곧게 쏘고, 번개는 쉬지 말고 쏴라. 이건 백 번을 말해도 모자란다."
"src/data/npcTalk.js","640","레벨만 찬다고 몸이 크는 게 아니다. 나를 넘어서야 그날 밤에 큰다.","레벨만 찬다고 몸이 크는 게 아니다. 나를 넘어서야 그날 밤에 큰다."
"src/data/npcTalk.js","641","젊을 때는 형이랑 둘이서 안 가 본 하늘이 없었다. 다 옛날얘기지.","젊을 때는 형이랑 둘이서 안 가 본 하늘이 없었다. 다 옛날얘기지."
"src/data/npcTalk.js","641","큰 놈들은 저마다 버릇이 있다. 바닥에 붉은 선이나 원이 보이면 거기로 뭐가 온다는 뜻이니까, 덤비기 전에 그것부터 봐라.","큰 놈들은 저마다 버릇이 있다. 바닥에 붉은 선이나 원이 보이면 거기로 뭐가 온다는 뜻이니까, 덤비기 전에 그것부터 봐라."
"src/data/npcTalk.js","642","너는 내 마지막 제자다. 그러니까 나보다 먼저 죽을 생각은 하지도 마라.","너는 내 마지막 제자다. 그러니까 나보다 먼저 죽을 생각은 하지도 마라."
"src/data/npcTalk.js","642","언젠가 네가 누굴 가르치게 되면 내가 왜 이렇게 잔소리를 했는지 알게 될 거다.","언젠가 네가 누굴 가르치게 되면 내가 왜 이렇게 잔소리를 했는지 알게 될 거다."
"src/data/npcTalk.js","644","제자 앞에서 체면이 있지!","제자 앞에서 체면이 있지!"
"src/data/npcTalk.js","644","아직 안 죽었다!","아직 안 죽었다!"
"src/data/npcTalk.js","644","이게 용의 싸움이다!","이게 용의 싸움이다!"
"src/data/npcTalk.js","645","크흠… 나이는 못 속이는구나.","크흠… 나이는 못 속이는구나."
"src/data/npcTalk.js","651","(티아맷과 호숫가를 걸었다.)","(티아맷과 호숫가를 걸었다.)"
"src/data/npcTalk.js","651","착각하지 마. 순찰이야. 호수 둘레가 사백 걸음인데 혼자 돌면 뒤를 못 봐. 네가 옆에 있으면 나는 앞만 보면 되고.","착각하지 마. 순찰이야. 호수 둘레가 사백 걸음인데 혼자 돌면 뒤를 못 봐. 네가 옆에 있으면 나는 앞만 보면 되고."
"src/data/npcTalk.js","651","…물에 비친 네 얼굴 좀 웃기더라. 내일도 돌아. 순찰.","…물에 비친 네 얼굴 좀 웃기더라. 내일도 돌아. 순찰."
"src/data/npcTalk.js","652","(둘이서 절벽 끝에 앉아 노을을 봤다.)","(둘이서 절벽 끝에 앉아 노을을 봤다.)"
"src/data/npcTalk.js","652","가족을 잃고 나서 누구 옆에 이렇게 앉은 건 처음이야. 그게 다야. 대답 안 해도 돼.","가족을 잃고 나서 누구 옆에 이렇게 앉은 건 처음이야. 그게 다야. 대답 안 해도 돼."
"src/data/npcTalk.js","652","하나만. 너는 죽지 마. 나 세는 이름 늘리기 싫어.","하나만. 너는 죽지 마. 나 세는 이름 늘리기 싫어."
"src/data/npcTalk.js","653","(밤하늘 아래에서 티아맷이 먼저 말을 꺼냈다.)","(밤하늘 아래에서 티아맷이 먼저 말을 꺼냈다.)"
"src/data/npcTalk.js","653","네가 늦게 돌아오는 날 동쪽을 몇 번 보는지 세 봤어. 열한 번. 열두 번. 어제는 스무 번 넘어서 세는 걸 관뒀어.","네가 늦게 돌아오는 날 동쪽을 몇 번 보는지 세 봤어. 열한 번. 열두 번. 어제는 스무 번 넘어서 세는 걸 관뒀어."
"src/data/npcTalk.js","653","그게 뭔지는 네가 맞혀 봐. 나는 말 안 해. 망루지기는 보고만 해.","그게 뭔지는 네가 맞혀 봐. 나는 말 안 해. 망루지기는 보고만 해."
"src/data/npcTalk.js","656","(포코와 꽃밭에서 하루 종일 뒹굴었다.)","(포코와 꽃밭에서 하루 종일 뒹굴었다.)"
"src/data/npcTalk.js","656","이 꽃 이름은 포코꽃이야! 내가 지었어! 아니 근데 진짜 이름이 뭔지는 몰라, 미라 언니는 알 텐데. 너 하나 줄게. 머리에 꽂아 봐. 꽂아 봐!","이 꽃 이름은 포코꽃이야! 내가 지었어! 아니 근데 진짜 이름이 뭔지는 몰라, 미라 언니는 알 텐데. 너 하나 줄게. 머리에 꽂아 봐. 꽂아 봐!"
"src/data/npcTalk.js","656","…웃기다. 아니 예쁘다는 뜻이야! 진짜! 웃긴 것도 예쁜 거야!","…웃기다. 아니 예쁘다는 뜻이야! 진짜! 웃긴 것도 예쁜 거야!"
"src/data/npcTalk.js","657","(포코가 반딧불이가 가득한 작은 동굴로 데려갔다.)","(포코가 반딧불이가 가득한 작은 동굴로 데려갔다.)"
"src/data/npcTalk.js","657","여긴 아무한테도 안 알려 준 데야. 나팔 소리 너무 무서운 날 혼자 와서 숨는 데거든. 반딧불이가 백 마리? 천 마리? 세다가 맨날 잠들어.","여긴 아무한테도 안 알려 준 데야. 나팔 소리 너무 무서운 날 혼자 와서 숨는 데거든. 반딧불이가 백 마리? 천 마리? 세다가 맨날 잠들어."
"src/data/npcTalk.js","657","이제 혼자 안 와도 되겠다. 너랑 오면 되니까. …너 반딧불이 세는 거 잘해? 나 대신 좀 세 줘.","이제 혼자 안 와도 되겠다. 너랑 오면 되니까. …너 반딧불이 세는 거 잘해? 나 대신 좀 세 줘."
"src/data/npcTalk.js","658","(포코가 평소와 다르게 조용했다.)","(포코가 평소와 다르게 조용했다.)"
"src/data/npcTalk.js","658","나 맨날 웃기만 하는 애 아니야. 네가 어디 가 버릴까 봐 무서워서 더 웃는 거야. 웃으면 안 가잖아. 안 가지? 안 가는 거지?","나 맨날 웃기만 하는 애 아니야. 네가 어디 가 버릴까 봐 무서워서 더 웃는 거야. 웃으면 안 가잖아. 안 가지? 안 가는 거지?"
"src/data/npcTalk.js","658","계속 옆에 있어 줘. 너 없으면 술래잡기도 재미없어. 혼자 술래하면 그건 그냥 뛰는 거야.","계속 옆에 있어 줘. 너 없으면 술래잡기도 재미없어. 혼자 술래하면 그건 그냥 뛰는 거야."
"src/data/npcTalk.js","662","나한테 할 말이 있다고?","나한테 할 말이 있다고?"
"src/data/npcTalk.js","662","…바보야, 그건 내가 먼저 말하려고 했던 건데.","…바보야, 그건 내가 먼저 말하려고 했던 건데."
"src/data/npcTalk.js","662","좋아. 앞으로 네 등은 내가 지킬 테니까 내 등은 평생 네가 지켜 줘.","좋아. 앞으로 네 등은 내가 지킬 테니까 내 등은 평생 네가 지켜 줘."
"src/data/npcTalk.js","663","응? 왜 그렇게 진지한 얼굴을 하고 있어?","응? 왜 그렇게 진지한 얼굴을 하고 있어?"
"src/data/npcTalk.js","663","진짜? 진짜로? 나 지금 꿈꾸는 거 아니지?!","진짜? 진짜로? 나 지금 꿈꾸는 거 아니지?!"
"src/data/npcTalk.js","663","나도 너를 제일 좋아해! 우리 같이 살면서 매일매일 놀자!","나도 너를 제일 좋아해! 우리 같이 살면서 매일매일 놀자!"
"src/data/npcTalk.js","666","우리 아이는 너를 닮았으면 좋겠어. 눈빛 하나만 나를 닮고.","우리 아이는 너를 닮았으면 좋겠어. 눈빛 하나만 나를 닮고."
"src/data/npcTalk.js","666","(티아맷이 둥지에 알을 내려놓았다.)","(티아맷이 둥지에 알을 내려놓았다.)"
"src/data/npcTalk.js","667","아기 용이다, 우리 아기 용! 이름은 뭐라고 짓지? 포코 2세는 어때?!","아기 용이다, 우리 아기 용! 이름은 뭐라고 짓지? 포코 2세는 어때?!"
"src/data/npcTalk.js","667","(포코가 들뜬 얼굴로 둥지에 알을 내려놓았다.)","(포코가 들뜬 얼굴로 둥지에 알을 내려놓았다.)"
"src/data/npcTalk.js","673","어, 왔어? 나 오늘 아침에 허수아비를 서른 번이나 쳤다? 너는 몇 번 쳤어?","어, 왔어? 나 오늘 아침에 허수아비를 서른 번이나 쳤다? 너는 몇 번 쳤어?"
"src/data/npcTalk.js","674","왔네. 오늘은 내가 너보다 먼저 왔으니까 일단 내가 한 판 이긴 거다.","왔네. 오늘은 내가 너보다 먼저 왔으니까 일단 내가 한 판 이긴 거다."
"src/data/npcTalk.js","675","오늘은 같이 할까? 혼자 하는 것보다 옆에 누가 있으면 더 빨리 느는 것 같더라.","오늘은 같이 할까? 혼자 하는 것보다 옆에 누가 있으면 더 빨리 느는 것 같더라."
"src/data/npcTalk.js","676","늦었네, 나는 벌써 두 바퀴나 돌고 왔는데. …는 거짓말이고 나도 방금 왔어.","늦었네, 나는 벌써 두 바퀴나 돌고 왔는데. …는 거짓말이고 나도 방금 왔어."
"src/data/npcTalk.js","679","나는 재능 같은 건 없어서, 남들 잘 때 한 번이라도 더 하는 걸로 버티는 거야.","나는 재능 같은 건 없어서, 남들 잘 때 한 번이라도 더 하는 걸로 버티는 거야."
"src/data/npcTalk.js","679","스승님은 너한테는 이것저것 가르쳐 주시면서 나한테는 자세 지적만 하신다? 진짜 너무하지 않아?","스승님은 너한테는 이것저것 가르쳐 주시면서 나한테는 자세 지적만 하신다? 진짜 너무하지 않아?"
"src/data/npcTalk.js","679","하늘에서 떨어지는 건 어떤 기분이야? 나는 높은 데서 뛰어내리는 건 좋아하는데 떨어지는 건 좀 다를 것 같아서.","하늘에서 떨어지는 건 어떤 기분이야? 나는 높은 데서 뛰어내리는 건 좋아하는데 떨어지는 건 좀 다를 것 같아서."
"src/data/npcTalk.js","680","우리 엄마는 나 아기 때 돌아가셨대. 난 기억도 안 나. 다들 나보고 엄마 닮았다는데, 정신없는 게 닮았대. 그거 칭찬 맞아?","우리 엄마는 나 아기 때 돌아가셨대. 난 기억도 안 나. 다들 나보고 엄마 닮았다는데, 정신없는 게 닮았대. 그거 칭찬 맞아?"
"src/data/npcTalk.js","680","네가 새 기술을 먼저 배우면 나한테도 알려 줘. 나도 뭐 알게 되면 알려 줄 테니까.","네가 새 기술을 먼저 배우면 나한테도 알려 줘. 나도 뭐 알게 되면 알려 줄 테니까."
"src/data/npcTalk.js","680","허수아비는 맞기만 하고 때리지는 않잖아. 그래서 나는 가끔 밖에 나가서 진짜 상대로 연습해.","허수아비는 맞기만 하고 때리지는 않잖아. 그래서 나는 가끔 밖에 나가서 진짜 상대로 연습해."
"src/data/npcTalk.js","681","너 처음 왔을 때는 솔직히 좀 얄미웠어. 아무것도 모르는 애를 다들 챙겨 주기만 하니까.","너 처음 왔을 때는 솔직히 좀 얄미웠어. 아무것도 모르는 애를 다들 챙겨 주기만 하니까."
"src/data/npcTalk.js","681","근데 네가 밤늦게까지 혼자 연습하는 걸 본 뒤로는 생각이 바뀌었어. 너도 그냥 받기만 하는 애는 아니더라.","근데 네가 밤늦게까지 혼자 연습하는 걸 본 뒤로는 생각이 바뀌었어. 너도 그냥 받기만 하는 애는 아니더라."
"src/data/npcTalk.js","681","티아맷 언니한테는 아직 한 번도 못 이겼는데, 언젠가는 너랑 언니를 둘 다 이기는 게 내 목표야.","티아맷 언니한테는 아직 한 번도 못 이겼는데, 언젠가는 너랑 언니를 둘 다 이기는 게 내 목표야."
"src/data/npcTalk.js","682","네가 마을 밖에 나가 있는 날은 수련이 손에 안 잡혀서 자꾸 수련장 문만 보게 돼.","네가 마을 밖에 나가 있는 날은 수련이 손에 안 잡혀서 자꾸 수련장 문만 보게 돼."
"src/data/npcTalk.js","682","나는 네 뒤를 쫓아가는 것 말고, 언젠가 네 옆에 나란히 서 있고 싶어.","나는 네 뒤를 쫓아가는 것 말고, 언젠가 네 옆에 나란히 서 있고 싶어."
"src/data/npcTalk.js","684","나도 있어!","나도 있어!"
"src/data/npcTalk.js","684","이 정도는 내가 막을 수 있어!","이 정도는 내가 막을 수 있어!"
"src/data/npcTalk.js","684","혼자 먼저 가지 마!","혼자 먼저 가지 마!"
"src/data/npcTalk.js","685","미안, 나는 여기까지인가 봐…","미안, 나는 여기까지인가 봐…"
"src/data/npcTalk.js","690","오늘은 네가 먼저 해 봐. 몇 개나 깨는지 내가 봐 줄게.","오늘은 네가 먼저 해 봐. 몇 개나 깨는지 내가 봐 줄게."
"src/data/npcTalk.js","691","방금 자세가 좀 무너졌어. 한 번만 더 해 봐.","방금 자세가 좀 무너졌어. 한 번만 더 해 봐."
"src/data/npcTalk.js","692","오, 방금 건 나보다 나았다. 인정.","오, 방금 건 나보다 나았다. 인정."
"src/data/npcTalk.js","697","(수련이 끝난 저녁, 나라가 허수아비를 정리하며 말을 걸었다.)","(수련이 끝난 저녁, 나라가 허수아비를 정리하며 말을 걸었다.)"
"src/data/npcTalk.js","697","있잖아 오늘 네가 쓴 그 동작, 내가 백 번을 따라 해도 안 되더라, 백 번은 아니고 한 서른 번? 아무튼 안 돼. 가르쳐 줘. 대신 내일 아침에 내가 깨우러 갈게.","있잖아 오늘 네가 쓴 그 동작, 내가 백 번을 따라 해도 안 되더라, 백 번은 아니고 한 서른 번? 아무튼 안 돼. 가르쳐 줘. 대신 내일 아침에 내가 깨우러 갈게."
"src/data/npcTalk.js","697","새벽에. 너 늦잠 자잖아. 다 알아.","새벽에. 너 늦잠 자잖아. 다 알아."
"src/data/npcTalk.js","698","(나라가 수련장 뒤편 언덕으로 데려갔다. 마을이 다 내려다보였다.)","(나라가 수련장 뒤편 언덕으로 데려갔다. 마을이 다 내려다보였다.)"
"src/data/npcTalk.js","698","나 아침마다 여기 와. 내가 뭘 지키려고 이렇게 구르는지 잊어버릴까 봐. 저기가 우리 집, 저기가 대장간, 저기가… 네 굴. 어느새 세는 데 들어가 있네, 네 굴이.","나 아침마다 여기 와. 내가 뭘 지키려고 이렇게 구르는지 잊어버릴까 봐. 저기가 우리 집, 저기가 대장간, 저기가… 네 굴. 어느새 세는 데 들어가 있네, 네 굴이."
"src/data/npcTalk.js","698","…뭘 봐. 내려가자. 배고파.","…뭘 봐. 내려가자. 배고파."
"src/data/npcTalk.js","699","(나라가 한참을 망설이다 입을 열었다.)","(나라가 한참을 망설이다 입을 열었다.)"
"src/data/npcTalk.js","699","나는 맨날 너 따라잡으려고만 했거든, 근데 요즘은 따라잡고 싶은 게 아니라 그냥 옆에 있고 싶고, 이게 진 기분이어야 하는데 하나도 안 그렇고, 그래서 짜증 나고, 아 몰라.","나는 맨날 너 따라잡으려고만 했거든, 근데 요즘은 따라잡고 싶은 게 아니라 그냥 옆에 있고 싶고, 이게 진 기분이어야 하는데 하나도 안 그렇고, 그래서 짜증 나고, 아 몰라."
"src/data/npcTalk.js","699","너 오늘 허수아비 세 개밖에 못 깼지. 나는 네 개.","너 오늘 허수아비 세 개밖에 못 깼지. 나는 네 개."
"src/data/npcTalk.js","702","(수련이 끝난 뒤, 스승이 화톳불 앞에 앉으라 했다.)","(수련이 끝난 뒤, 스승이 화톳불 앞에 앉으라 했다.)"
"src/data/npcTalk.js","702","앉아라. 늙은이 옛날얘기다. 젊을 때는 하늘 끝까지 가 보겠다고 덤볐다. 형이 앞서 날고 내가 뒤를 쫓고. 그때가 제일 좋았지. 형 얘기는 여기까지다.","앉아라. 늙은이 옛날얘기다. 젊을 때는 하늘 끝까지 가 보겠다고 덤볐다. 형이 앞서 날고 내가 뒤를 쫓고. 그때가 제일 좋았지. 형 얘기는 여기까지다."
"src/data/npcTalk.js","702","불 꺼지겠다. 장작 넣어라.","불 꺼지겠다. 장작 넣어라."
"src/data/npcTalk.js","703","(스승이 오래된 비늘 조각을 꺼내 보여 줬다.)","(스승이 오래된 비늘 조각을 꺼내 보여 줬다.)"
"src/data/npcTalk.js","703","옛 제자 거다. 스무 해 전 싸움에서 못 돌아왔다. 그놈을 쓰러뜨린 것도 내 제자였고. 그래서 안 가르쳤다. 겁이 나서.","옛 제자 거다. 스무 해 전 싸움에서 못 돌아왔다. 그놈을 쓰러뜨린 것도 내 제자였고. 그래서 안 가르쳤다. 겁이 나서."
"src/data/npcTalk.js","703","너를 왜 받았느냐. …모르겠다. 물어보지 마라. 두 번 물으면 마당을 쓸게 할 거다.","너를 왜 받았느냐. …모르겠다. 물어보지 마라. 두 번 물으면 마당을 쓸게 할 거다."
"src/data/npcTalk.js","704","(둘이서 아무 말 없이 밤하늘을 보다가, 스승이 먼저 입을 열었다.)","(둘이서 아무 말 없이 밤하늘을 보다가, 스승이 먼저 입을 열었다.)"
"src/data/npcTalk.js","704","네가 온 뒤로 아침이 기다려진다. 스승이 제자한테 할 소리는 아니다. 늙은이 주책이라고 여겨라.","네가 온 뒤로 아침이 기다려진다. 스승이 제자한테 할 소리는 아니다. 늙은이 주책이라고 여겨라."
"src/data/npcTalk.js","704","…여기지 않아도 되고. 자라. 내일 새벽이다.","…여기지 않아도 되고. 자라. 내일 새벽이다."
"src/data/npcTalk.js","707","(그론이 대장간 뒤뜰로 불렀다. 모루에 불이 꺼져 있었다.)","(그론이 대장간 뒤뜰로 불렀다. 모루에 불이 꺼져 있었다.)"
"src/data/npcTalk.js","707","앉아라. 차는 없다. 물.","앉아라. 차는 없다. 물."
"src/data/npcTalk.js","707","(그론은 한동안 아무 말이 없었다. 장사 얘기 말고 다른 얘기를 해 본 지가 몇 해인지 세는 얼굴이었다.)","(그론은 한동안 아무 말이 없었다. 장사 얘기 말고 다른 얘기를 해 본 지가 몇 해인지 세는 얼굴이었다.)"
"src/data/npcTalk.js","708","(그론이 절뚝이는 무릎을 두드리며 말했다.)","(그론이 절뚝이는 무릎을 두드리며 말했다.)"
"src/data/npcTalk.js","708","바실한테 당한 날. 같이 간 놈들 다 죽고 나 혼자 기어 왔다. 그 뒤로 아무도 안 들였다.","바실한테 당한 날. 같이 간 놈들 다 죽고 나 혼자 기어 왔다. 그 뒤로 아무도 안 들였다."
"src/data/npcTalk.js","708","너는 왜 자꾸 오냐. …대답하지 마라.","너는 왜 자꾸 오냐. …대답하지 마라."
"src/data/npcTalk.js","709","(그론이 오래 벼린 비늘 한 장을 내밀었다.)","(그론이 오래 벼린 비늘 한 장을 내밀었다.)"
"src/data/npcTalk.js","709","평생 만든 것 중에 제일 낫다. 팔려고 했다. 안 팔리더라.","평생 만든 것 중에 제일 낫다. 팔려고 했다. 안 팔리더라."
"src/data/npcTalk.js","709","가져가라. 값은 됐다. 죽지 마라. …가라, 일해야 한다.","가져가라. 값은 됐다. 죽지 마라. …가라, 일해야 한다."
"src/data/npcTalk.js","712","(엘더가 마을 우물가로 불러 따뜻한 차를 내주었다.)","(엘더가 마을 우물가로 불러 따뜻한 차를 내주었다.)"
"src/data/npcTalk.js","712","촌장 노릇을 이백 년 했단다. 그동안 내 이름을 불러 준 이가 몇이나 될까.","촌장 노릇을 이백 년 했단다. 그동안 내 이름을 불러 준 이가 몇이나 될까."
"src/data/npcTalk.js","712","오늘은 촌장 말고 그냥 나이 든 드래곤 엘더로 앉아 있고 싶구나.","오늘은 촌장 말고 그냥 나이 든 드래곤 엘더로 앉아 있고 싶구나."
"src/data/npcTalk.js","713","(엘더가 마을 지도를 펼쳐 놓고는 오래 들여다본다.)","(엘더가 마을 지도를 펼쳐 놓고는 오래 들여다본다.)"
"src/data/npcTalk.js","713","예전엔 마을에 드래곤이 많았지. 마을도 더 컸고, 각자가 지내는 동굴도 더 많았단다.","예전엔 마을에 드래곤이 많았지. 마을도 더 컸고, 각자가 지내는 동굴도 더 많았단다."
"src/data/npcTalk.js","713","그 동굴들은 이제 다 비었어. 모두가 피를 흘려가며 지켰는데도 그렇더구나.","그 동굴들은 이제 다 비었어. 모두가 피를 흘려가며 지켰는데도 그렇더구나."
"src/data/npcTalk.js","713","네가 온 뒤로 예전 생각을 그만하게 되었어.","네가 온 뒤로 예전 생각을 그만하게 되었어."
"src/data/npcTalk.js","713","대신 앞으로 어떤 마을이 될지 기대하고 있지.","대신 앞으로 어떤 마을이 될지 기대하고 있지."
"src/data/npcTalk.js","714","(엘더와 함께 나란히 앉아, 호숫가에서 노을을 보며 저녁을 먹었다.)","(엘더와 함께 나란히 앉아, 호숫가에서 노을을 보며 저녁을 먹었다.)"
"src/data/npcTalk.js","714","촌장인 나는 {name} 네가 이 마을을 이어 주길 바란다.","촌장인 나는 {name} 네가 이 마을을 이어 주길 바란다."
"src/data/npcTalk.js","714","나이 든 드래곤인 나는 그저 네가 저녁마다 이렇게 옆에 앉아 있어 주면 좋겠구나.","나이 든 드래곤인 나는 그저 네가 저녁마다 이렇게 옆에 앉아 있어 주면 좋겠구나."
"src/data/npcTalk.js","717","뭐야, 갑자기 왜 그런 눈으로 봐.","뭐야, 갑자기 왜 그런 눈으로 봐."
"src/data/npcTalk.js","717","너 방금 한 말 다시 한번 해 봐. 내가 잘못 들은 거 아니지?","너 방금 한 말 다시 한번 해 봐. 내가 잘못 들은 거 아니지?"
"src/data/npcTalk.js","717","이거 내가 이긴 거 맞지? 맞다고 해 줘. …아니다, 이기고 지는 건 아무래도 좋아. 나도 네가 좋아.","이거 내가 이긴 거 맞지? 맞다고 해 줘. …아니다, 이기고 지는 건 아무래도 좋아. 나도 네가 좋아."
"src/data/npcTalk.js","718","네가 무슨 말을 하려는지 알 것 같으니 하지 마라.","네가 무슨 말을 하려는지 알 것 같으니 하지 마라."
"src/data/npcTalk.js","718","…아니다, 해라. 늙은이가 끝까지 겁쟁이로 남을 수야 없지.","…아니다, 해라. 늙은이가 끝까지 겁쟁이로 남을 수야 없지."
"src/data/npcTalk.js","718","나도 같은 마음이다. 나를 스승이라 부르든 뭐라 부르든 네 곁에 있을 수 있으면 그걸로 됐다.","나도 같은 마음이다. 나를 스승이라 부르든 뭐라 부르든 네 곁에 있을 수 있으면 그걸로 됐다."
"src/data/npcTalk.js","719","뭐냐, 할 말이 있으면 뜸 들이지 말고 빨리 해라.","뭐냐, 할 말이 있으면 뜸 들이지 말고 빨리 해라."
"src/data/npcTalk.js","719","한 번만 더 말해 봐라. 이번에는 못 들은 척할 테니까. 세 번째로 말하면 그때는 대답해 주마.","한 번만 더 말해 봐라. 이번에는 못 들은 척할 테니까. 세 번째로 말하면 그때는 대답해 주마."
"src/data/npcTalk.js","720","무슨 일이냐, 답지 않게 진지한 얼굴을 하고.","무슨 일이냐, 답지 않게 진지한 얼굴을 하고."
"src/data/npcTalk.js","720","삼백 년을 살았지만, 다른 드래곤에게 다시 이런 감정을 느끼게 될 줄은 몰랐어.","삼백 년을 살았지만, 다른 드래곤에게 다시 이런 감정을 느끼게 될 줄은 몰랐어."
"src/data/npcTalk.js","720","처음 너를 발견했던 게 꿈같을 만큼 멋진 드래곤이 되었구나.","처음 너를 발견했던 게 꿈같을 만큼 멋진 드래곤이 되었구나."
"src/data/npcTalk.js","720","남은 날이 길지 않으니, 조금이라도 더 함께하고 싶단다.","남은 날이 길지 않으니, 조금이라도 더 함께하고 싶단다."
"src/data/npcTalk.js","720","나 역시 너를 좋아한단다.","나 역시 너를 좋아한단다."
"src/data/npcTalk.js","720","앞으로도 곁에 있어 다오.","앞으로도 곁에 있어 다오."
"src/data/npcTalk.js","722","우리 아이는 나처럼 악착같지는 않았으면 좋겠어. 너를 닮아서 좀 느긋하게 컸으면 해.","우리 아이는 나처럼 악착같지는 않았으면 좋겠어. 너를 닮아서 좀 느긋하게 컸으면 해."
"src/data/npcTalk.js","722","(나라가 둥지에 알을 내려놓았다.)","(나라가 둥지에 알을 내려놓았다.)"
"src/data/npcTalk.js","723","이 나이에 아비가 될 줄은 몰랐는데, 생각보다 나쁘지 않구나.","이 나이에 아비가 될 줄은 몰랐는데, 생각보다 나쁘지 않구나."
"src/data/npcTalk.js","723","(카이론이 둥지에 알을 내려놓았다. 앞발이 조금 떨렸다.)","(카이론이 둥지에 알을 내려놓았다. 앞발이 조금 떨렸다.)"
"src/data/npcTalk.js","724","애 이름은 네가 지어라. 나는 그런 건 영 소질이 없다.","애 이름은 네가 지어라. 나는 그런 건 영 소질이 없다."
"src/data/npcTalk.js","724","(그론이 무뚝뚝한 얼굴로 알을 내려놓고는, 자리가 마음에 안 드는지 두 번이나 고쳐 놓았다.)","(그론이 무뚝뚝한 얼굴로 알을 내려놓고는, 자리가 마음에 안 드는지 두 번이나 고쳐 놓았다.)"
"src/data/npcTalk.js","725","삼백 년 만에 이 마을에 아이가 늘겠구나.","삼백 년 만에 이 마을에 아이가 늘겠구나."
"src/data/npcTalk.js","725","(엘더가 떨리는 앞발로 둥지에 알을 내려놓았다.)","(엘더가 떨리는 앞발로 둥지에 알을 내려놓았다.)"
"src/data/npcTalk.js","740","네 이름을 부르는 게 이제 하나도 어색하지가 않구나. 삼백 년을 살면 말이다, 새 이름 외우는 게 제일 힘든 일이 된단다. 그론 그놈 이름도 한 달은 걸렸는데… 아니, 두 달이었나.","네 이름을 부르는 게 이제 하나도 어색하지가 않구나. 삼백 년을 살면 말이다, 새 이름 외우는 게 제일 힘든 일이 된단다. 그론 그놈 이름도 한 달은 걸렸는데… 아니, 두 달이었나."
"src/data/npcTalk.js","741","그런데 네 이름은 사흘이더구나. 왜 그런지는 나도 모르겠다. 차 식는다, 마시거라.","그런데 네 이름은 사흘이더구나. 왜 그런지는 나도 모르겠다. 차 식는다, 마시거라."
"src/data/npcTalk.js","742","(엘더가 낡은 나무 상자를 열어 보여 주었다. 빛바랜 비늘들이 가득했다.)","(엘더가 낡은 나무 상자를 열어 보여 주었다. 빛바랜 비늘들이 가득했다.)"
"src/data/npcTalk.js","743","이 마을을 거쳐 간 아이들 것이란다. 이건 도란이 아버지 거고, 이건… 누구 거였더라. 허허, 이름이 안 나오는구나. 이래서 기록을 해 둬야 하는데.","이 마을을 거쳐 간 아이들 것이란다. 이건 도란이 아버지 거고, 이건… 누구 거였더라. 허허, 이름이 안 나오는구나. 이래서 기록을 해 둬야 하는데."
"src/data/npcTalk.js","744","떠난 아이도 있고 돌아오지 못한 아이도 있지. 언젠가 네 것도 여기 놓이겠다 싶었는데, 요즘은 그 생각을 잘 안 하게 된다. 왜 그런지 물으면… 글쎄다. 무릎이 덜 아파서 그런가.","떠난 아이도 있고 돌아오지 못한 아이도 있지. 언젠가 네 것도 여기 놓이겠다 싶었는데, 요즘은 그 생각을 잘 안 하게 된다. 왜 그런지 물으면… 글쎄다. 무릎이 덜 아파서 그런가."
"src/data/npcTalk.js","745","힘들었느냐고 물어봐 주는 이가 없었단다. 이백 년 동안. 다들 촌장님, 촌장님 하고 뭘 물어보러만 왔지.","힘들었느냐고 물어봐 주는 이가 없었단다. 이백 년 동안. 다들 촌장님, 촌장님 하고 뭘 물어보러만 왔지."
"src/data/npcTalk.js","746","(엘더가 한참을 기침하다가 웃었다.)","(엘더가 한참을 기침하다가 웃었다.)"
"src/data/npcTalk.js","747","그래서 대답을 준비해 둔 적이 없구나. 힘들었지. 지금은… 지금은 안 힘들다고 하면 거짓말이고, 덜 힘들다. 그 정도면 됐지 뭐. 아, 그 얘기 하려던 게 아니었는데. 뭐였더라.","그래서 대답을 준비해 둔 적이 없구나. 힘들었지. 지금은… 지금은 안 힘들다고 하면 거짓말이고, 덜 힘들다. 그 정도면 됐지 뭐. 아, 그 얘기 하려던 게 아니었는데. 뭐였더라."
"src/data/npcTalk.js","750","자세가 어제보다 반 뼘 나아졌다. 반 뼘이면 싸움에서는 목이 붙어 있느냐 떨어지느냐다. 웃지 마라.","자세가 어제보다 반 뼘 나아졌다. 반 뼘이면 싸움에서는 목이 붙어 있느냐 떨어지느냐다. 웃지 마라."
"src/data/npcTalk.js","751","마당이나 쓸어라.","마당이나 쓸어라."
"src/data/npcTalk.js","752","(수련이 끝났는데도 스승이 자리를 뜨지 않았다.)","(수련이 끝났는데도 스승이 자리를 뜨지 않았다.)"
"src/data/npcTalk.js","753","네가 하늘에서 떨어졌다는 소리를 들은 날 말이다. 나도 모르게 마당을 쓸고 있더라. 스무 해 동안 제자 안 받는다고 버틴 놈이. 머리보다 손이 먼저 알았던 게지.","네가 하늘에서 떨어졌다는 소리를 들은 날 말이다. 나도 모르게 마당을 쓸고 있더라. 스무 해 동안 제자 안 받는다고 버틴 놈이. 머리보다 손이 먼저 알았던 게지."
"src/data/npcTalk.js","754","…이 얘기는 여기서 끝이다. 창 들어라. 아직 해가 남았다.","…이 얘기는 여기서 끝이다. 창 들어라. 아직 해가 남았다."
"src/data/npcTalk.js","755","가르칠 게 거의 안 남았다. 하나 남았다면, 너도 언젠가 누굴 가르치게 될 거라는 것. 그날 오늘을 한 번 떠올려 주면 나는 헛산 게 아니고.","가르칠 게 거의 안 남았다. 하나 남았다면, 너도 언젠가 누굴 가르치게 될 거라는 것. 그날 오늘을 한 번 떠올려 주면 나는 헛산 게 아니고."
"src/data/npcTalk.js","756","됐다. 늙은이가 말이 길다. 열 바퀴 뛰고 와라.","됐다. 늙은이가 말이 길다. 열 바퀴 뛰고 와라."
"src/data/npcTalk.js","759","야 솔직히 말해 봐 너 밤에 몰래 연습하지, 안 그러면 그 속도가 말이 안 되잖아, 안 한다고? 안 한다고?? 그게 더 짜증 나네.","야 솔직히 말해 봐 너 밤에 몰래 연습하지, 안 그러면 그 속도가 말이 안 되잖아, 안 한다고? 안 한다고?? 그게 더 짜증 나네."
"src/data/npcTalk.js","760","됐어. 나 내일부터 너보다 일찍 나올 거니까 두고 봐. 아 그리고 너 방금 꼬리 밟았어. 내 꼬리.","됐어. 나 내일부터 너보다 일찍 나올 거니까 두고 봐. 아 그리고 너 방금 꼬리 밟았어. 내 꼬리."
"src/data/npcTalk.js","761","(나라가 허수아비를 세우다 말고 돌아봤다.)","(나라가 허수아비를 세우다 말고 돌아봤다.)"
"src/data/npcTalk.js","762","아빠는 엄마 얘기를 잘 안 해. 꺼내면 표정이 좀 그래져서 나도 안 물어보게 되고, 그래서 스승님한테 물어봤는데 엄마가 티아맷 언니보다 셌대, 언니보다. 나 그 얘기 듣고부터 매일 여기 오는 거야.","아빠는 엄마 얘기를 잘 안 해. 꺼내면 표정이 좀 그래져서 나도 안 물어보게 되고, 그래서 스승님한테 물어봤는데 엄마가 티아맷 언니보다 셌대, 언니보다. 나 그 얘기 듣고부터 매일 여기 오는 거야."
"src/data/npcTalk.js","763","이거 너한테 처음 말하는 거다? …뭘 그런 얼굴로 봐. 허수아비나 잡아. 기울었잖아.","이거 너한테 처음 말하는 거다? …뭘 그런 얼굴로 봐. 허수아비나 잡아. 기울었잖아."
"src/data/npcTalk.js","764","(나라가 자기 몫의 고기를 반으로 갈라 내밀었다.)","(나라가 자기 몫의 고기를 반으로 갈라 내밀었다.)"
"src/data/npcTalk.js","765","경쟁자한테 먹을 걸 주는 게 어딨냐고? 나도 알아 근데 배고픈 애 이겨 봤자 재미없잖아, 그리고 요즘은 이기는 것보다 그냥 같이 가는 게 더 좋고, 아 몰라 먹어.","경쟁자한테 먹을 걸 주는 게 어딨냐고? 나도 알아 근데 배고픈 애 이겨 봤자 재미없잖아, 그리고 요즘은 이기는 것보다 그냥 같이 가는 게 더 좋고, 아 몰라 먹어."
"src/data/npcTalk.js","766","큰 쪽 네가 가져갔지. 봤어.","큰 쪽 네가 가져갔지. 봤어."
"src/data/npcTalk.js","769","너는 생각보다 잘 안 죽더라. 이번 달에 넘어진 게 세 번, 일어난 게 세 번. 칭찬이야. 우리 마을에서는 그게 제일 큰 칭찬이거든.","너는 생각보다 잘 안 죽더라. 이번 달에 넘어진 게 세 번, 일어난 게 세 번. 칭찬이야. 우리 마을에서는 그게 제일 큰 칭찬이거든."
"src/data/npcTalk.js","770","…왜 그렇게 봐.","…왜 그렇게 봐."
"src/data/npcTalk.js","771","(티아맷이 망루 위에서 손짓했다. 올라가 앉으니 마을이 다 보였다.)","(티아맷이 망루 위에서 손짓했다. 올라가 앉으니 마을이 다 보였다.)"
"src/data/npcTalk.js","772","굴이 열둘. 불 켜진 데가 아홉. 촌장님 굴은 새벽 두 시까지 안 꺼져. 나는 누가 시킨 것도 아닌데 매일 밤 여기서 이걸 세.","굴이 열둘. 불 켜진 데가 아홉. 촌장님 굴은 새벽 두 시까지 안 꺼져. 나는 누가 시킨 것도 아닌데 매일 밤 여기서 이걸 세."
"src/data/npcTalk.js","773","오늘은 둘이서 세니까 열둘이 열셋 같네. 그게 뭔 소린지는 나도 모르겠다. 내려가자, 춥다.","오늘은 둘이서 세니까 열둘이 열셋 같네. 그게 뭔 소린지는 나도 모르겠다. 내려가자, 춥다."
"src/data/npcTalk.js","774","무서운 게 하나 생겼어. 네가 안 돌아오는 거. 세지면 무서운 게 없어질 줄 알았는데 그건 아니었고.","무서운 게 하나 생겼어. 네가 안 돌아오는 거. 세지면 무서운 게 없어질 줄 알았는데 그건 아니었고."
"src/data/npcTalk.js","775","순찰 돌다가 자꾸 동쪽을 봐. 네가 나간 쪽. 오늘은 열한 번 봤어. 셌으니까 알아.","순찰 돌다가 자꾸 동쪽을 봐. 네가 나간 쪽. 오늘은 열한 번 봤어. 셌으니까 알아."
"src/data/npcTalk.js","776","어딜 가든 돌아와. 부탁 아니야, 망루지기 명령이야.","어딜 가든 돌아와. 부탁 아니야, 망루지기 명령이야."
"src/data/npcTalk.js","779","우리 이제 친구 맞지? 맞다고 해 줘, 응? 친구 맞으면 눈 한 번 깜빡여 봐. 깜빡였다! 봤어!","우리 이제 친구 맞지? 맞다고 해 줘, 응? 친구 맞으면 눈 한 번 깜빡여 봐. 깜빡였다! 봤어!"
"src/data/npcTalk.js","780","나 온 마을에 다 말하고 다닐 거야. 그론 아저씨한테도. 아저씨는 관심 없다고 하겠지만 사실 다 듣고 있거든? 근데 있잖아, 친구는 뭐부터 하는 거야?","나 온 마을에 다 말하고 다닐 거야. 그론 아저씨한테도. 아저씨는 관심 없다고 하겠지만 사실 다 듣고 있거든? 근데 있잖아, 친구는 뭐부터 하는 거야?"
"src/data/npcTalk.js","781","(포코가 꽃 한 송이를 내밀었다. 반쯤 시들어 있었다.)","(포코가 꽃 한 송이를 내밀었다. 반쯤 시들어 있었다.)"
"src/data/npcTalk.js","782","아침에 딴 건데 너 기다리다가 시들었어. 세 시간? 네 시간? 해가 저기 있을 때부터니까… 몰라. 미안. 근데 시든 것도 예쁘지 않아? 아니야?","아침에 딴 건데 너 기다리다가 시들었어. 세 시간? 네 시간? 해가 저기 있을 때부터니까… 몰라. 미안. 근데 시든 것도 예쁘지 않아? 아니야?"
"src/data/npcTalk.js","783","내일은 더 싱싱한 걸로 따 올게. 아니다, 네가 같이 따러 가자. 그러면 안 시들잖아. 그치? 그치?","내일은 더 싱싱한 걸로 따 올게. 아니다, 네가 같이 따러 가자. 그러면 안 시들잖아. 그치? 그치?"
"src/data/npcTalk.js","784","(평소와 달리 포코가 조용히 옆에 앉았다.)","(평소와 달리 포코가 조용히 옆에 앉았다.)"
"src/data/npcTalk.js","785","나 시끄러운 거, 그거 무서워서 그래. 조용히 있으면 다들 어디로 가 버릴 것 같아서. 엄마도 그랬거든. 조용한 날 갔어.","나 시끄러운 거, 그거 무서워서 그래. 조용히 있으면 다들 어디로 가 버릴 것 같아서. 엄마도 그랬거든. 조용한 날 갔어."
"src/data/npcTalk.js","786","근데 너랑은 아무 말 안 해도 안 무섭네. 이상하다. …아 방금 개미가 내 발 밟았어. 봐 봐, 진짜 봐 봐.","근데 너랑은 아무 말 안 해도 안 무섭네. 이상하다. …아 방금 개미가 내 발 밟았어. 봐 봐, 진짜 봐 봐."
"src/data/npcTalk.js","789","살 것도 없으면서 또 왔냐.","살 것도 없으면서 또 왔냐."
"src/data/npcTalk.js","790","(그론이 말없이 의자를 하나 더 끌어다 놓았다. 앉으라는 말은 없었다.)","(그론이 말없이 의자를 하나 더 끌어다 놓았다. 앉으라는 말은 없었다.)"
"src/data/npcTalk.js","791","(그론이 모루 옆에 세워 둔 낡은 창날을 가리켰다.)","(그론이 모루 옆에 세워 둔 낡은 창날을 가리켰다.)"
"src/data/npcTalk.js","792","젊을 때 거다. 만들다 말았다. 녹슬었다. 못 버린다.","젊을 때 거다. 만들다 말았다. 녹슬었다. 못 버린다."
"src/data/npcTalk.js","793","…늙은이 병이다. 너는 걸리지 마라. 풀무나 밟아.","…늙은이 병이다. 너는 걸리지 마라. 풀무나 밟아."
"src/data/npcTalk.js","794","예순 해. 이 모루 앞에만.","예순 해. 이 모루 앞에만."
"src/data/npcTalk.js","795","일 없이 와서 앉았다 가는 놈은 너랑 포코뿐이다. 그래서 의자가 둘이다.","일 없이 와서 앉았다 가는 놈은 너랑 포코뿐이다. 그래서 의자가 둘이다."
"src/data/npcTalk.js","796","(그론이 화덕에 장작을 하나 더 넣었다. 이 얘기는 끝났다는 뜻이었다.)","(그론이 화덕에 장작을 하나 더 넣었다. 이 얘기는 끝났다는 뜻이었다.)"
"src/data/npcTalk.js","804","아랫마을 아이가 두 번 넘게 올라온 것은 그대가 처음이오. 유안이 오늘 경계를 세 번 돌았다더군. 그대가 오는 날은 늘 그렇소.","아랫마을 아이가 두 번 넘게 올라온 것은 그대가 처음이오. 유안이 오늘 경계를 세 번 돌았다더군. 그대가 오는 날은 늘 그렇소."
"src/data/npcTalk.js","805","그 아이를 탓하지는 마시오. 세 번 도는 것도 그 아이 나름의 인사니.","그 아이를 탓하지는 마시오. 세 번 도는 것도 그 아이 나름의 인사니."
"src/data/npcTalk.js","806","(리운이 샘물에 꼬리를 담근 채 한참 말이 없었다.)","(리운이 샘물에 꼬리를 담근 채 한참 말이 없었다.)"
"src/data/npcTalk.js","807","스무 해 전에 나는 망설이지 않고 이쪽 편에 섰소. 그때는 그것이 옳은 줄로만 알았고, 지금은… 지금은 옳고 그름보다 그 싸움이 남긴 것을 세어 보게 되오. 서로를 없는 셈 치고 산 스무 해. 그것뿐이더군.","스무 해 전에 나는 망설이지 않고 이쪽 편에 섰소. 그때는 그것이 옳은 줄로만 알았고, 지금은… 지금은 옳고 그름보다 그 싸움이 남긴 것을 세어 보게 되오. 서로를 없는 셈 치고 산 스무 해. 그것뿐이더군."
"src/data/npcTalk.js","808","그대가 폭포를 오르내리는 것을 보고 있으면 막혀 있던 물이 다시 흐르기 시작한 것 같소. 내 대에 이 경계를 지우기는 어렵겠지만, 그대들의 대에는 다를지도 모르겠소.","그대가 폭포를 오르내리는 것을 보고 있으면 막혀 있던 물이 다시 흐르기 시작한 것 같소. 내 대에 이 경계를 지우기는 어렵겠지만, 그대들의 대에는 다를지도 모르겠소."
"src/data/npcTalk.js","809","늙은이의 헛된 바람일 수도 있고. 그래도 바랄 것이 하나 생긴 것은 나쁘지 않구려.","늙은이의 헛된 바람일 수도 있고. 그래도 바랄 것이 하나 생긴 것은 나쁘지 않구려."
"src/data/npcTalk.js","812","오늘도 물에 네가 비치던데. 이제 놀랍지도 않아. 자꾸 비친다는 건 물이 널 기억한다는 건지, 내가 널 자주 생각한다는 건지.","오늘도 물에 네가 비치던데. 이제 놀랍지도 않아. 자꾸 비친다는 건 물이 널 기억한다는 건지, 내가 널 자주 생각한다는 건지."
"src/data/npcTalk.js","813","둘 다일 수도 있고.","둘 다일 수도 있고."
"src/data/npcTalk.js","814","(세이란이 고인 물을 한참 들여다보다가 고개를 저었다.)","(세이란이 고인 물을 한참 들여다보다가 고개를 저었다.)"
"src/data/npcTalk.js","815","물을 읽는다는 건 반은 거짓말이야. 나머지 반은 다들 믿어 주니까 진짜가 되고. 이 말을 누구한테 하는 건 처음인데, 왜 너한테 하는지는 물어보지 마. 나도 몰라.","물을 읽는다는 건 반은 거짓말이야. 나머지 반은 다들 믿어 주니까 진짜가 되고. 이 말을 누구한테 하는 건 처음인데, 왜 너한테 하는지는 물어보지 마. 나도 몰라."
"src/data/npcTalk.js","816","네가 떨어지던 날 물이 사흘을 흐렸다고 했지. 그 사흘 동안 나는 폭포 앞을 안 떠났어. 뭔가 온다는 건 알았는데 뭔지는 몰랐고.","네가 떨어지던 날 물이 사흘을 흐렸다고 했지. 그 사흘 동안 나는 폭포 앞을 안 떠났어. 뭔가 온다는 건 알았는데 뭔지는 몰랐고."
"src/data/npcTalk.js","817","그게 너였다는 건 한참 뒤에 알았어. 물이 미리 알려 준 게 아니라 그냥 내가 늦게 안 거야. 물은 원래 그렇게 친절하지 않아.","그게 너였다는 건 한참 뒤에 알았어. 물이 미리 알려 준 게 아니라 그냥 내가 늦게 안 거야. 물은 원래 그렇게 친절하지 않아."
"src/data/npcTalk.js","820","야, 다음에 올 때 아래 세상 돌멩이 하나만 주워다 줘! 여기 없는 거면 뭐든 신기하니까 아무 돌이나 괜찮아. 진짜 아무 돌이나. 아니 좀 예쁜 걸로.","야, 다음에 올 때 아래 세상 돌멩이 하나만 주워다 줘! 여기 없는 거면 뭐든 신기하니까 아무 돌이나 괜찮아. 진짜 아무 돌이나. 아니 좀 예쁜 걸로."
"src/data/npcTalk.js","821","(하루가 굴 안쪽에서 돌 상자를 꺼내 왔다.)","(하루가 굴 안쪽에서 돌 상자를 꺼내 왔다.)"
"src/data/npcTalk.js","822","이거 전부 폭포에서 주운 거야. 아래에서 떠내려온 것들. 이게 내가 아는 바깥세상의 전부였거든? 네가 오기 전까지는. 지금은… 지금은 이 상자가 좀 작아 보여.","이거 전부 폭포에서 주운 거야. 아래에서 떠내려온 것들. 이게 내가 아는 바깥세상의 전부였거든? 네가 오기 전까지는. 지금은… 지금은 이 상자가 좀 작아 보여."
"src/data/npcTalk.js","823","있잖아, 나 어른이 되면 진짜로 폭포에 다리를 놓을 거야. 유안 아저씨는 미친 소리라는데, 우리 다리 없이도 벌써 건너왔잖아? 그럼 되는 거 아냐?","있잖아, 나 어른이 되면 진짜로 폭포에 다리를 놓을 거야. 유안 아저씨는 미친 소리라는데, 우리 다리 없이도 벌써 건너왔잖아? 그럼 되는 거 아냐?"
"src/data/npcTalk.js","824","…아 쉿, 아저씨 온다.","…아 쉿, 아저씨 온다."
"src/data/npcTalk.js","827","오늘도 왔군. 네 발자국은 이제 따로 세지 않는다.","오늘도 왔군. 네 발자국은 이제 따로 세지 않는다."
"src/data/npcTalk.js","828","믿는다는 뜻은 아니다.","믿는다는 뜻은 아니다."
"src/data/npcTalk.js","829","(유안이 경계석에 기대앉아 한참 폭포를 봤다.)","(유안이 경계석에 기대앉아 한참 폭포를 봤다.)"
"src/data/npcTalk.js","830","스무 해 전에 누이가 아랫마을 용한테 당했다. 네가 처음 올라왔을 때 네 얼굴에서 그 용을 찾았다.","스무 해 전에 누이가 아랫마을 용한테 당했다. 네가 처음 올라왔을 때 네 얼굴에서 그 용을 찾았다."
"src/data/npcTalk.js","831","없더군.","없더군."
"src/data/npcTalk.js","832","경계를 도는 건 누굴 미워해서가 아니라고 했었지. 반은 거짓말이다. 미워하는 게 제일 쉬웠으니까.","경계를 도는 건 누굴 미워해서가 아니라고 했었지. 반은 거짓말이다. 미워하는 게 제일 쉬웠으니까."
"src/data/npcTalk.js","833","요즘은 네가 올라오는 시간에 맞춰 돈다. 그것도 말해 두는 게 공평할 것 같아서.","요즘은 네가 올라오는 시간에 맞춰 돈다. 그것도 말해 두는 게 공평할 것 같아서."
"src/data/npcTalk.js","838","(이그나르와 호숫가 바위에 나란히 앉았다.)","(이그나르와 호숫가 바위에 나란히 앉았다.)"
"src/data/npcTalk.js","838","삼백 년을 살면서 누구와 이렇게 나란히 앉아 본 기억이 없다. 다들 내 앞에 서거나 내 뒤에 섰지, 옆에 앉지는 않았으니까.","삼백 년을 살면서 누구와 이렇게 나란히 앉아 본 기억이 없다. 다들 내 앞에 서거나 내 뒤에 섰지, 옆에 앉지는 않았으니까."
"src/data/npcTalk.js","838","아무 말도 안 해도 되는 자리가 이렇게 편한 건 줄은 몰랐구나.","아무 말도 안 해도 되는 자리가 이렇게 편한 건 줄은 몰랐구나."
"src/data/npcTalk.js","839","(둘이서 구름 위까지 날아올랐다. 아래로 마을이 손바닥만 하게 보였다.)","(둘이서 구름 위까지 날아올랐다. 아래로 마을이 손바닥만 하게 보였다.)"
"src/data/npcTalk.js","839","나는 늘 이 높이에서 세상을 내려다봤다. 위에서 보면 다 작아 보여서, 지켜야 할 것과 태워도 되는 것이 잘 구분되지 않더구나.","나는 늘 이 높이에서 세상을 내려다봤다. 위에서 보면 다 작아 보여서, 지켜야 할 것과 태워도 되는 것이 잘 구분되지 않더구나."
"src/data/npcTalk.js","839","너와 같이 보니까 저 작은 것들 하나하나에 누가 살고 있는지가 보인다. 이걸 삼백 년 전에 알았어야 했는데.","너와 같이 보니까 저 작은 것들 하나하나에 누가 살고 있는지가 보인다. 이걸 삼백 년 전에 알았어야 했는데."
"src/data/npcTalk.js","840","(이그나르가 목 아래의 무늬를 보여 주었다. 내 것과 똑같았다.)","(이그나르가 목 아래의 무늬를 보여 주었다. 내 것과 똑같았다.)"
"src/data/npcTalk.js","840","이 무늬가 무엇인지 알아내려고 화산 벽에 수백 번을 새겼는데, 끝내 답을 못 찾았다.","이 무늬가 무엇인지 알아내려고 화산 벽에 수백 번을 새겼는데, 끝내 답을 못 찾았다."
"src/data/npcTalk.js","840","이제는 답을 몰라도 괜찮을 것 같다. 같은 무늬를 가진 것이 세상에 하나 더 있다는 걸 알았으니, 그걸로 충분하다.","이제는 답을 몰라도 괜찮을 것 같다. 같은 무늬를 가진 것이 세상에 하나 더 있다는 걸 알았으니, 그걸로 충분하다."
"src/data/npcTalk.js","842","무슨 말을 하려는지는 네 얼굴만 봐도 알겠다. 그래도 끝까지 말해 봐라.","무슨 말을 하려는지는 네 얼굴만 봐도 알겠다. 그래도 끝까지 말해 봐라."
"src/data/npcTalk.js","842","…나 같은 것한테 그런 말을 하는 용은 삼백 년 동안 한 번도 없었다. 나는 네가 어떤 걸 짊어지게 되는지 알고 있기는 한 거냐.","…나 같은 것한테 그런 말을 하는 용은 삼백 년 동안 한 번도 없었다. 나는 네가 어떤 걸 짊어지게 되는지 알고 있기는 한 거냐."
"src/data/npcTalk.js","842","알고도 하는 말이라면 받겠다. 나도 같은 마음이다. 세상에 나와 같은 것이 너 하나뿐이어서가 아니라, 그게 너여서 그렇다.","알고도 하는 말이라면 받겠다. 나도 같은 마음이다. 세상에 나와 같은 것이 너 하나뿐이어서가 아니라, 그게 너여서 그렇다."
"src/data/npcTalk.js","843","우리 아이한테는 아무도 마을을 얹어 놓지 못하게 하겠다. 그것 하나만은 내가 지키마.","우리 아이한테는 아무도 마을을 얹어 놓지 못하게 하겠다. 그것 하나만은 내가 지키마."
"src/data/npcTalk.js","843","(이그나르가 커다란 앞발로, 부서질까 봐 겁내는 것처럼 조심스럽게 알을 내려놓았다.)","(이그나르가 커다란 앞발로, 부서질까 봐 겁내는 것처럼 조심스럽게 알을 내려놓았다.)"
"src/data/npcTalk.js","848","(해 질 녘, 폭포 아래 바위틈에서 하루가 손짓한다.)","(해 질 녘, 폭포 아래 바위틈에서 하루가 손짓한다.)"
"src/data/npcTalk.js","848","쉿, 이쪽이야. 유안 아저씨 순찰이 방금 지나갔으니까 한동안은 안 와.","쉿, 이쪽이야. 유안 아저씨 순찰이 방금 지나갔으니까 한동안은 안 와."
"src/data/npcTalk.js","848","나 이렇게 몰래 누구 만나는 거 처음이라 심장이 막 뛰어. 너는 안 그래? 나만 그래?","나 이렇게 몰래 누구 만나는 거 처음이라 심장이 막 뛰어. 너는 안 그래? 나만 그래?"
"src/data/npcTalk.js","849","(하루가 난생처음으로 폭포 아래 호숫가까지 따라 내려왔다.)","(하루가 난생처음으로 폭포 아래 호숫가까지 따라 내려왔다.)"
"src/data/npcTalk.js","849","우와, 여기가 아래 세상이구나. 물이 가만히 있어! 우리 마을 물은 맨날 어디로 가느라 바쁜데.","우와, 여기가 아래 세상이구나. 물이 가만히 있어! 우리 마을 물은 맨날 어디로 가느라 바쁜데."
"src/data/npcTalk.js","849","여기까지 온 거 들키면 나 한 달은 굴에서 못 나와. 그래도 네가 사는 데를 한 번은 보고 싶었어.","여기까지 온 거 들키면 나 한 달은 굴에서 못 나와. 그래도 네가 사는 데를 한 번은 보고 싶었어."
"src/data/npcTalk.js","850","(둘이 바위틈에 숨어 있는데, 위에서 세이란이 내려다보고 있었다.)","(둘이 바위틈에 숨어 있는데, 위에서 세이란이 내려다보고 있었다.)"
"src/data/npcTalk.js","850","으악, 세이란 누나…! 저기, 이건 그러니까, 길을 알려 주다가…","으악, 세이란 누나…! 저기, 이건 그러니까, 길을 알려 주다가…"
"src/data/npcTalk.js","850","(세이란은 한참 보더니 아무 말 없이 돌아서 갔다.) …누나가 못 본 척해 준 거지, 방금? 나 다리에 힘이 풀려서 못 일어나겠어.","(세이란은 한참 보더니 아무 말 없이 돌아서 갔다.) …누나가 못 본 척해 준 거지, 방금? 나 다리에 힘이 풀려서 못 일어나겠어."
"src/data/npcTalk.js","852","응? 갑자기 왜 그렇게 진지한 얼굴이야. 나 뭐 잘못했어?","응? 갑자기 왜 그렇게 진지한 얼굴이야. 나 뭐 잘못했어?"
"src/data/npcTalk.js","852","…진짜? 나는 위 마을 용이고 너는 아랫마을 용인데, 그래도 괜찮아?","…진짜? 나는 위 마을 용이고 너는 아랫마을 용인데, 그래도 괜찮아?"
"src/data/npcTalk.js","852","나도 좋아해. 처음 봤을 때부터 그랬어. 어른들이 뭐라고 하든 나는 너랑 폭포를 같이 건널 거야.","나도 좋아해. 처음 봤을 때부터 그랬어. 어른들이 뭐라고 하든 나는 너랑 폭포를 같이 건널 거야."
"src/data/npcTalk.js","853","우리 아이는 물도 타고 하늘도 날겠다, 그치? 두 마을 어른들이 다 자기네 애라고 우기면 어떡하지.","우리 아이는 물도 타고 하늘도 날겠다, 그치? 두 마을 어른들이 다 자기네 애라고 우기면 어떡하지."
"src/data/npcTalk.js","853","(하루가 조심조심 둥지에 알을 내려놓고는, 한참 동안 그 앞을 떠나지 못했다.)","(하루가 조심조심 둥지에 알을 내려놓고는, 한참 동안 그 앞을 떠나지 못했다.)"
"src/data/npcTalk.js","856","(세이란이 샘가에 자리를 내어 주었다.)","(세이란이 샘가에 자리를 내어 주었다.)"
"src/data/npcTalk.js","856","여기 앉아. 물을 읽을 때는 아무도 옆에 안 두는데, 너는 물이 흐려지지 않아서 괜찮아.","여기 앉아. 물을 읽을 때는 아무도 옆에 안 두는데, 너는 물이 흐려지지 않아서 괜찮아."
"src/data/npcTalk.js","856","오늘은 아무것도 안 읽을 거야. 그냥 같이 물소리나 듣자.","오늘은 아무것도 안 읽을 거야. 그냥 같이 물소리나 듣자."
"src/data/npcTalk.js","857","(둘이서 폭포 뒤쪽의 작은 동굴까지 걸었다.)","(둘이서 폭포 뒤쪽의 작은 동굴까지 걸었다.)"
"src/data/npcTalk.js","857","어릴 때 여기서 처음으로 물에 비친 걸 읽었어. 그때 본 게 뭐였는지는 아직도 아무한테도 말을 안 했는데,","어릴 때 여기서 처음으로 물에 비친 걸 읽었어. 그때 본 게 뭐였는지는 아직도 아무한테도 말을 안 했는데,"
"src/data/npcTalk.js","857","오늘 보니까 그때 물에 비쳤던 게 지금 이 모습이었던 것 같아. 누가 내 옆에 앉아 있는 모습.","오늘 보니까 그때 물에 비쳤던 게 지금 이 모습이었던 것 같아. 누가 내 옆에 앉아 있는 모습."
"src/data/npcTalk.js","858","(세이란이 고인 물에 둘의 모습을 비춰 보았다.)","(세이란이 고인 물에 둘의 모습을 비춰 보았다.)"
"src/data/npcTalk.js","858","나는 남의 앞일은 읽어 줘도 내 앞일은 일부러 안 읽어. 알고 나면 그대로 될까 봐 무서워서.","나는 남의 앞일은 읽어 줘도 내 앞일은 일부러 안 읽어. 알고 나면 그대로 될까 봐 무서워서."
"src/data/npcTalk.js","858","그런데 오늘은 읽어 보고 싶어졌어. 거기에 네가 있는지 확인하고 싶어서.","그런데 오늘은 읽어 보고 싶어졌어. 거기에 네가 있는지 확인하고 싶어서."
"src/data/npcTalk.js","860","할 말이 있는 얼굴이네. 물에 안 비춰 봐도 그 정도는 보여.","할 말이 있는 얼굴이네. 물에 안 비춰 봐도 그 정도는 보여."
"src/data/npcTalk.js","860","…그 말이 나올 줄은 물에서도 못 봤어. 내가 안 읽었으니까 당연하지만.","…그 말이 나올 줄은 물에서도 못 봤어. 내가 안 읽었으니까 당연하지만."
"src/data/npcTalk.js","860","나도 같은 마음이야. 앞일은 이제 안 읽을래. 너랑 같이 가면서 직접 볼 거니까.","나도 같은 마음이야. 앞일은 이제 안 읽을래. 너랑 같이 가면서 직접 볼 거니까."
"src/data/npcTalk.js","861","우리 아이가 물을 읽게 될지 불을 뿜게 될지는 읽어 보지 않을래. 태어나서 직접 보여 주겠지.","우리 아이가 물을 읽게 될지 불을 뿜게 될지는 읽어 보지 않을래. 태어나서 직접 보여 주겠지."
"src/data/npcTalk.js","861","(세이란이 둥지에 알을 내려놓고 그 위로 물 한 방울을 떨어뜨렸다.)","(세이란이 둥지에 알을 내려놓고 그 위로 물 한 방울을 떨어뜨렸다.)"
"src/data/npcTalk.js","868","(스승님이다. 적어도 배울 것을 다 배운 뒤에 생각할 일이다.)","(스승님이다. 적어도 배울 것을 다 배운 뒤에 생각할 일이다.)"
"src/data/npcTalk.js","870","(폭포 건너의 용이다. 두 마을이 서로를 모른 척하는 한 꺼낼 말이 아니다.)","(폭포 건너의 용이다. 두 마을이 서로를 모른 척하는 한 꺼낼 말이 아니다.)"
"src/data/npcTalk.js","872","(아직은 그런 말을 꺼낼 사이가 아니다.)","(아직은 그런 말을 꺼낼 사이가 아니다.)"
"src/data/npcTalk.js","873","(경계 너머의 또래다. 먼저 그 경계를 한 번은 넘어야 한다.)","(경계 너머의 또래다. 먼저 그 경계를 한 번은 넘어야 한다.)"
"src/data/npcTalk.js","874","(촌장님이다. 마을을 지켜 내기 전에는 꺼낼 말이 아니다.)","(촌장님이다. 마을을 지켜 내기 전에는 꺼낼 말이 아니다.)"
"src/data/npcTalk.js","875","(아직 이 영감의 속을 하나도 모른다.)","(아직 이 영감의 속을 하나도 모른다.)"
"src/data/dialogues.js","8","비늘이 예전 같지 않구나.","비늘이 예전 같지 않구나."
"src/data/dialogues.js","9","그 아이 걸음이 어제보다 무거웠지.","그 아이 걸음이 어제보다 무거웠지."
"src/data/dialogues.js","10","기록해 둬야 하는데. 자꾸 미루게 되는군.","기록해 둬야 하는데. 자꾸 미루게 되는군."
"src/data/dialogues.js","11","허리가. 앉을 데가 없나.","허리가. 앉을 데가 없나."
"src/data/dialogues.js","12","이름이 뭐였더라. 허허, 또 이런다.","이름이 뭐였더라. 허허, 또 이런다."
"src/data/dialogues.js","13","차가 식었군. 누가 좀.","차가 식었군. 누가 좀."
"src/data/dialogues.js","14","오늘 하늘이 낮다. 비가 오려나.","오늘 하늘이 낮다. 비가 오려나."
"src/data/dialogues.js","17","날개 한쪽이 덜 풀렸군.","날개 한쪽이 덜 풀렸군."
"src/data/dialogues.js","18","어제보다 반 뼘. 그거면 됐어.","어제보다 반 뼘. 그거면 됐어."
"src/data/dialogues.js","19","서쪽에서만 온다고 누가 그래? 방심하지 마.","서쪽에서만 온다고 누가 그래? 방심하지 마."
"src/data/dialogues.js","20","창고 자물쇠 확인했던가.","창고 자물쇠 확인했던가."
"src/data/dialogues.js","21","불 냄새가 좋군.","불 냄새가 좋군."
"src/data/dialogues.js","22","손이 근질거리는데 상대가 없네.","손이 근질거리는데 상대가 없네."
"src/data/dialogues.js","23","망루 사다리 한 칸이 흔들려. 그론한테 말해야지.","망루 사다리 한 칸이 흔들려. 그론한테 말해야지."
"src/data/dialogues.js","26","배고파. 아까도 먹었는데 왜 또 배고프지?","배고파. 아까도 먹었는데 왜 또 배고프지?"
"src/data/dialogues.js","27","구름 저거, 솜사탕 맛일 것 같지 않아?","구름 저거, 솜사탕 맛일 것 같지 않아?"
"src/data/dialogues.js","28","심심해 심심해 심심해~","심심해 심심해 심심해~"
"src/data/dialogues.js","29","날개 안쪽이 제일 간지러워. 아무도 안 믿어 주는데.","날개 안쪽이 제일 간지러워. 아무도 안 믿어 주는데."
"src/data/dialogues.js","30","돌 세 개 쌓으면 탑이래. 진짜야?","돌 세 개 쌓으면 탑이래. 진짜야?"
"src/data/dialogues.js","31","나 오늘 열 걸음 만에 저기까지 갔다?","나 오늘 열 걸음 만에 저기까지 갔다?"
"src/data/dialogues.js","32","누가 좀 놀아 줬으면 좋겠다.","누가 좀 놀아 줬으면 좋겠다."
"src/data/dialogues.js","33","어른들은 왜 다 바빠 보일까.","어른들은 왜 다 바빠 보일까."
"src/data/dialogues.js","36","한 번만 더. 딱 한 번만 더 해 보고.","한 번만 더. 딱 한 번만 더 해 보고."
"src/data/dialogues.js","37","쟤는 벌써 저기까지 갔단 말이지.","쟤는 벌써 저기까지 갔단 말이지."
"src/data/dialogues.js","38","재능 같은 소리 하네. 시간을 더 쓰면 돼.","재능 같은 소리 하네. 시간을 더 쓰면 돼."
"src/data/dialogues.js","39","스승님은 왜 나한테만 엄하실까.","스승님은 왜 나한테만 엄하실까."
"src/data/dialogues.js","40","손바닥 까진 건 아무한테도 말 안 할 거야.","손바닥 까진 건 아무한테도 말 안 할 거야."
"src/data/dialogues.js","41","오늘은 스무 번만 더.","오늘은 스무 번만 더."
"src/data/dialogues.js","42","먼저 갔다고 기다려 줄 생각 없어.","먼저 갔다고 기다려 줄 생각 없어."
"src/data/dialogues.js","45","누가 또 떠들어.","누가 또 떠들어."
"src/data/dialogues.js","46","낮잠 시간이라고 했지.","낮잠 시간이라고 했지."
"src/data/dialogues.js","47","무릎이 쑤시는 걸 보니 비가 오려나.","무릎이 쑤시는 걸 보니 비가 오려나."
"src/data/dialogues.js","48","요즘 쇠가 예전 쇠가 아니야.","요즘 쇠가 예전 쇠가 아니야."
"src/data/dialogues.js","49","손님은 안 와도 화덕은 꺼뜨리면 안 되지.","손님은 안 와도 화덕은 꺼뜨리면 안 되지."
"src/data/dialogues.js","50","쓸데없는 걸 못 버려서 문제다.","쓸데없는 걸 못 버려서 문제다."
"src/data/dialogues.js","51","조용히 좀 못 하나.","조용히 좀 못 하나."
"src/data/dialogues.js","57","별이 낮게 떴군.","별이 낮게 떴군."
"src/data/dialogues.js","58","이 시간엔 숲이 다른 소리를 낸다.","이 시간엔 숲이 다른 소리를 낸다."
"src/data/dialogues.js","59","졸린데 잠은 안 오고.","졸린데 잠은 안 오고."
"src/data/dialogues.js","60","반딧불이가 올해는 늦네.","반딧불이가 올해는 늦네."
"src/data/dialogues.js","61","밤공기가 좋다. 좀 춥지만.","밤공기가 좋다. 좀 춥지만."
"src/data/dialogues.js","66","젖은 날개는 무거워서 싫어.","젖은 날개는 무거워서 싫어."
"src/data/dialogues.js","67","빗소리 들으면 잠이 와.","빗소리 들으면 잠이 와."
"src/data/dialogues.js","68","이런 날은 불이 잘 안 붙어.","이런 날은 불이 잘 안 붙어."
"src/data/dialogues.js","69","웅덩이 생기는 거 보는 재미가 있지.","웅덩이 생기는 거 보는 재미가 있지."
"src/data/dialogues.js","79","깼느냐.

꼬박 사흘을 잤단다. 자, 물부터 좀 마시거라… 천천히, 천천히.","깼느냐.

꼬박 사흘을 잤단다. 자, 물부터 좀 마시거라… 천천히, 천천히."
"src/data/dialogues.js","80","여기가 어디죠?","여기가 어디죠?"
"src/data/dialogues.js","83","웨스턴 마을이란다. 갈 데 없는 용들이 알음알음 모여 살다 보니 어느새 삼백 년이 됐구나.

나는 엘더라고 한다. 촌장 노릇을 하고 있지. 하도 오래 해서 이제는 다들 이름 대신 촌장님이라 부른단다.","웨스턴 마을이란다. 갈 데 없는 용들이 알음알음 모여 살다 보니 어느새 삼백 년이 됐구나.

나는 엘더라고 한다. 촌장 노릇을 하고 있지. 하도 오래 해서 이제는 다들 이름 대신 촌장님이라 부른단다."
"src/data/dialogues.js","84","제가 왜 여기 있죠?","제가 왜 여기 있죠?"
"src/data/dialogues.js","87","떨어졌단다. 하늘에서. 그것도 광장 한복판에.

포코가 별이 떨어졌다고 울고불고 나를 깨우러 왔는데, 가 보니 별이 아니라 너더구나. 광장 돌이 석 장이나 깨졌어.","떨어졌단다. 하늘에서. 그것도 광장 한복판에.

포코가 별이 떨어졌다고 울고불고 나를 깨우러 왔는데, 가 보니 별이 아니라 너더구나. 광장 돌이 석 장이나 깨졌어."
"src/data/dialogues.js","88","…죄송합니다.","…죄송합니다."
"src/data/dialogues.js","91","허허, 사과할 것 없다. 돌이야 그론이 투덜대면서 다시 깔겠지.

그보다 말이다. 나는 이 마을을 거쳐 간 용은 다 기억하는데… 너 같은 비늘은 처음 보는구나. 어디서 왔는지, 기억나는 게 있느냐?","허허, 사과할 것 없다. 돌이야 그론이 투덜대면서 다시 깔겠지.

그보다 말이다. 나는 이 마을을 거쳐 간 용은 다 기억하는데… 너 같은 비늘은 처음 보는구나. 어디서 왔는지, 기억나는 게 있느냐?"
"src/data/dialogues.js","92","아무것도 기억이 안 나요.","아무것도 기억이 안 나요."
"src/data/dialogues.js","95","그래… 그럴 수도 있지. 억지로 떠올리려 애쓰지 말거라. 그런 건 밥 먹다가, 자다가, 엉뚱할 때 돌아오는 법이란다.

기억이 돌아올 때까지는 여기서 지내려무나. 빈 굴이야 많단다.","그래… 그럴 수도 있지. 억지로 떠올리려 애쓰지 말거라. 그런 건 밥 먹다가, 자다가, 엉뚱할 때 돌아오는 법이란다.

기억이 돌아올 때까지는 여기서 지내려무나. 빈 굴이야 많단다."
"src/data/dialogues.js","96","여기 있어도 돼요?","여기 있어도 돼요?"
"src/data/dialogues.js","99","되고말고. …그론! 고기는 어찌 됐느냐!

(덩치 큰 용이 구운 고기를 쿵 내려놓고는, 눈도 안 마주치고 가 버렸다.)","되고말고. …그론! 고기는 어찌 됐느냐!

(덩치 큰 용이 구운 고기를 쿵 내려놓고는, 눈도 안 마주치고 가 버렸다.)"
"src/data/dialogues.js","100","감사합니다.","감사합니다."
"src/data/dialogues.js","103","먹거라, 먹어. 용은 배가 고프면 날개부터 무거워진단다. 굶는다고 죽지는 않는다만, 싸울 때는 그 차이가 크지.

다 먹었으면 마을을 좀 둘러보려무나. 내가 데리고 다니면 좋으련만 무릎이 영… 포코야! 포코, 거기 숨어서 보고 있는 거 다 안다!","먹거라, 먹어. 용은 배가 고프면 날개부터 무거워진단다. 굶는다고 죽지는 않는다만, 싸울 때는 그 차이가 크지.

다 먹었으면 마을을 좀 둘러보려무나. 내가 데리고 다니면 좋으련만 무릎이 영… 포코야! 포코, 거기 숨어서 보고 있는 거 다 안다!"
"src/data/dialogues.js","104","(기둥 뒤로 주황색 꼬리가 삐죽 나와 있다.)","(기둥 뒤로 주황색 꼬리가 삐죽 나와 있다.)"
"src/data/dialogues.js","111","마을 아이로구나. 나는 지나는 길이다. 물 한 모금 얻어 마시고 갈 참이야.","마을 아이로구나. 나는 지나는 길이다. 물 한 모금 얻어 마시고 갈 참이야."
"src/data/dialogues.js","113","어디서 오셨어요?","어디서 오셨어요?"
"src/data/dialogues.js","114","네, 편히 쉬다 가세요.","네, 편히 쉬다 가세요."
"src/data/dialogues.js","118","동쪽 숲길 너머. 오다 보니 길가에 사람 발자국이 있더라. 덫도 하나 봤고. 숲 안쪽으로 혼자 가지는 마라.","동쪽 숲길 너머. 오다 보니 길가에 사람 발자국이 있더라. 덫도 하나 봤고. 숲 안쪽으로 혼자 가지는 마라."
"src/data/dialogues.js","120","고마워요. 조심할게요.","고마워요. 조심할게요."
"src/data/dialogues.js","121","덫 정도는 저도 피해요.","덫 정도는 저도 피해요."
"src/data/dialogues.js","125","그 말을 한 애들이 다리를 절며 돌아오는 걸 몇 번 봤다. 뭐, 네 다리니까.","그 말을 한 애들이 다리를 절며 돌아오는 걸 몇 번 봤다. 뭐, 네 다리니까."
"src/data/dialogues.js","126","…조심할게요.","…조심할게요."
"src/data/dialogues.js","128","해 지기 전에 들어가라. 밤 숲은 낮이랑 딴 데다.","해 지기 전에 들어가라. 밤 숲은 낮이랑 딴 데다."
"src/data/dialogues.js","132","어, 여기 애구나. 나 서쪽에서 왔는데, 이 마을 망루지기가 그렇게 세다며? 구경 왔어.","어, 여기 애구나. 나 서쪽에서 왔는데, 이 마을 망루지기가 그렇게 세다며? 구경 왔어."
"src/data/dialogues.js","134","티아맷요? 세요.","티아맷요? 세요."
"src/data/dialogues.js","135","글쎄요, 직접 보세요.","글쎄요, 직접 보세요."
"src/data/dialogues.js","139","역시. 소문이 여기까지 났다니까. 나도 언젠가 한 판 청해 보려고. 지더라도 배우는 게 있겠지.","역시. 소문이 여기까지 났다니까. 나도 언젠가 한 판 청해 보려고. 지더라도 배우는 게 있겠지."
"src/data/dialogues.js","140","먼저 대련 신청해 보세요.","먼저 대련 신청해 보세요."
"src/data/dialogues.js","143","칫, 정 없네. 그래도 마을은 좋다. 모닥불 냄새가 나.","칫, 정 없네. 그래도 마을은 좋다. 모닥불 냄새가 나."
"src/data/dialogues.js","144","…그렇긴 해요.","…그렇긴 해요."
"src/data/dialogues.js","146","다음에 또 보자. 그때는 네가 더 커 있으려나.","다음에 또 보자. 그때는 네가 더 커 있으려나."
"src/data/dialogues.js","150","어! 처음 보는 애다! 너 혹시 그 하늘에서 떨어졌다는 애야? 진짜야? 아팠어?","어! 처음 보는 애다! 너 혹시 그 하늘에서 떨어졌다는 애야? 진짜야? 아팠어?"
"src/data/dialogues.js","152","응, 그게 나야.","응, 그게 나야."
"src/data/dialogues.js","153","그건 어디서 들었어?","그건 어디서 들었어?"
"src/data/dialogues.js","154","지금은 바빠.","지금은 바빠."
"src/data/dialogues.js","158","우와, 진짜다! 떨어질 때 무슨 생각 했어? 나 같으면 소리부터 질렀을 텐데. 아, 미안, 너무 물어봤다.","우와, 진짜다! 떨어질 때 무슨 생각 했어? 나 같으면 소리부터 질렀을 텐데. 아, 미안, 너무 물어봤다."
"src/data/dialogues.js","159","괜찮아. 기억은 안 나.","괜찮아. 기억은 안 나."
"src/data/dialogues.js","162","호숫가에서 들었어. 다들 그 얘기만 해. 별이 떨어졌다느니 용이 떨어졌다느니.","호숫가에서 들었어. 다들 그 얘기만 해. 별이 떨어졌다느니 용이 떨어졌다느니."
"src/data/dialogues.js","163","소문이 빠르네.","소문이 빠르네."
"src/data/dialogues.js","166","다들 바쁘대. 알았어, 나중에 얘기해 줘. 꼭이다?","다들 바쁘대. 알았어, 나중에 얘기해 줘. 꼭이다?"
"src/data/dialogues.js","167","미안, 다음에 꼭.","미안, 다음에 꼭."
"src/data/dialogues.js","169","또 봐! 나 여기 며칠 더 있을 거야.","또 봐! 나 여기 며칠 더 있을 거야."
"src/data/dialogues.js","173","뭘 봐. 길 가다 잠깐 쉬는 것도 안 되나.","뭘 봐. 길 가다 잠깐 쉬는 것도 안 되나."
"src/data/dialogues.js","175","인사하러 왔어요.","인사하러 왔어요."
"src/data/dialogues.js","176","거기 제 자리인데요.","거기 제 자리인데요."
"src/data/dialogues.js","180","인사는 됐다. …발톱은 뭐 그렇게 뜯어. 자라는 중이라 그래. 나도 그랬다.","인사는 됐다. …발톱은 뭐 그렇게 뜯어. 자라는 중이라 그래. 나도 그랬다."
"src/data/dialogues.js","181","쉬시는데 방해했네요.","쉬시는데 방해했네요."
"src/data/dialogues.js","184","땅에 이름 써 놨냐. 잠깐 앉는 거다.","땅에 이름 써 놨냐. 잠깐 앉는 거다."
"src/data/dialogues.js","185","…죄송합니다.","…죄송합니다."
"src/data/dialogues.js","187","용건 없으면 가라. 나도 곧 뜬다.","용건 없으면 가라. 나도 곧 뜬다."
"src/data/dialogues.js","191","응? 우리 오늘 처음 봤잖아. 급하다, 너.","응? 우리 오늘 처음 봤잖아. 급하다, 너."
"src/data/dialogues.js","192","미안, 너무 급했다.","미안, 너무 급했다."
"src/data/dialogues.js","195","너, 생각보다 괜찮네. 근데 나는 떠도는 용이라. 며칠 뒤면 여기 없어.","너, 생각보다 괜찮네. 근데 나는 떠도는 용이라. 며칠 뒤면 여기 없어."
"src/data/dialogues.js","196","그럼 있는 동안만이라도.","그럼 있는 동안만이라도."
"src/data/dialogues.js","199","…사실 요 며칠 떠나는 걸 미루고 있었어. 네가 말 걸어 줄까 봐.","…사실 요 며칠 떠나는 걸 미루고 있었어. 네가 말 걸어 줄까 봐."
"src/data/dialogues.js","201","나도 같은 마음이야.","나도 같은 마음이야."
"src/data/dialogues.js","202","아직 마음의 준비가 안 됐어.","아직 마음의 준비가 안 됐어."
"src/data/dialogues.js","205","오늘은 여기까지. 내일도 있을 거야.","오늘은 여기까지. 내일도 있을 거야."
"src/data/story.js","6","첫 수련: 꼬리 쓰는 법","첫 수련: 꼬리 쓰는 법"
"src/data/story.js","7","첫날이니까 어려운 건 안 시킨다. 저기 허수아비 넷 보이지. 시간 안에 다 부숴 봐라. 네가 어떻게 움직이나 좀 보자. 끝나면 꼬리 쓰는 법을 알려 주마.","첫날이니까 어려운 건 안 시킨다. 저기 허수아비 넷 보이지. 시간 안에 다 부숴 봐라. 네가 어떻게 움직이나 좀 보자. 끝나면 꼬리 쓰는 법을 알려 주마."
"src/data/story.js","8","둘째 수련: 피하는 법","둘째 수련: 피하는 법"
"src/data/story.js","9","안 맞는 게 제일 좋은 방어라는 말, 들어는 봤지. 말이야 쉽다. 내가 불씨를 던질 테니까 스무 숨만 버텨 봐라. 구르든 뛰든 네 맘대로 하고.","안 맞는 게 제일 좋은 방어라는 말, 들어는 봤지. 말이야 쉽다. 내가 불씨를 던질 테니까 스무 숨만 버텨 봐라. 구르든 뛰든 네 맘대로 하고."
"src/data/story.js","10","셋째 수련: 불의 무게","셋째 수련: 불의 무게"
"src/data/story.js","11","불을 흩뿌리지 마라. 한 군데에 내리꽂아라. 허수아비 여섯, 시간 안에 다 태운다.","불을 흩뿌리지 마라. 한 군데에 내리꽂아라. 허수아비 여섯, 시간 안에 다 태운다."
"src/data/story.js","12","넷째 수련: 바람 읽기","넷째 수련: 바람 읽기"
"src/data/story.js","13","이번에는 불씨를 더 촘촘하게 던질 거다. 그래도 불씨 사이에는 반드시 빠져나갈 길이 있으니까 그걸 찾아봐라.","이번에는 불씨를 더 촘촘하게 던질 거다. 그래도 불씨 사이에는 반드시 빠져나갈 길이 있으니까 그걸 찾아봐라."
"src/data/story.js","14","다섯째 수련: 숨 고르기","다섯째 수련: 숨 고르기"
"src/data/story.js","15","싸움이 길어지면 숨 고를 줄 모르는 놈부터 쓰러진다. 오늘은 허수아비가 여덟이니까 서둘러야 할 거다.","싸움이 길어지면 숨 고를 줄 모르는 놈부터 쓰러진다. 오늘은 허수아비가 여덟이니까 서둘러야 할 거다."
"src/data/story.js","16","여섯째 수련: 용의 숨","여섯째 수련: 용의 숨"
"src/data/story.js","17","오늘은 나랑 직접 붙는다. 봐줄 생각 없으니까 네가 가진 걸 전부 써 봐라.","오늘은 나랑 직접 붙는다. 봐줄 생각 없으니까 네가 가진 걸 전부 써 봐라."
"src/data/story.js","18","일곱째 수련: 강철 비늘","일곱째 수련: 강철 비늘"
"src/data/story.js","19","살다 보면 못 피하는 공격도 있어서 그럴 땐 버텨야 한다. 버티는 건 끝나고 알려 줄 테니까 오늘은 일단 피하는 것부터 해라.","살다 보면 못 피하는 공격도 있어서 그럴 땐 버텨야 한다. 버티는 건 끝나고 알려 줄 테니까 오늘은 일단 피하는 것부터 해라."
"src/data/story.js","20","마지막 수련: 무리의 왕","마지막 수련: 무리의 왕"
"src/data/story.js","21","마지막이다. 뒤에 뭐가 있는지 생각하고 와라. 그게 있는 놈과 없는 놈은 다르게 친다.","마지막이다. 뒤에 뭐가 있는지 생각하고 와라. 그게 있는 놈과 없는 놈은 다르게 친다."
"src/data/story.js","33","아직 한 수도 안 배웠다. 수련부터 하고 와라.","아직 한 수도 안 배웠다. 수련부터 하고 와라."
"src/data/story.js","34","날개가 근질거리는 모양이구나. 좋다, [어린 용] 소리를 들을 만한지 어디 한번 보자.","날개가 근질거리는 모양이구나. 좋다, [어린 용] 소리를 들을 만한지 어디 한번 보자."
"src/data/story.js","39","몸만 크다고 어른이냐. 수련 둘은 마치고, 마을 일도 하나 네 손으로 끝내고 와라.","몸만 크다고 어른이냐. 수련 둘은 마치고, 마을 일도 하나 네 손으로 끝내고 와라."
"src/data/story.js","40","[성체] 시험이다. 오늘은 봐주는 거 없으니까 단단히 마음먹고 덤벼라.","[성체] 시험이다. 오늘은 봐주는 거 없으니까 단단히 마음먹고 덤벼라."
"src/data/story.js","54","…별?","…별?"
"src/data/story.js","55","별이다! 별이 떨어졌어!","별이다! 별이 떨어졌어!"
"src/data/story.js","56","(조심조심 다가간다) 우와… 우와아…","(조심조심 다가간다) 우와… 우와아…"
"src/data/story.js","57","…어? 이거, 별이 아닌데.","…어? 이거, 별이 아닌데."
"src/data/story.js","58","숨 쉬어. 이거 숨 쉬고 있어!","숨 쉬어. 이거 숨 쉬고 있어!"
"src/data/story.js","59","엘더! 엘더어어! 광장에! 광장에 별이 떨어졌는데 그게 숨을 쉬어!","엘더! 엘더어어! 광장에! 광장에 별이 떨어졌는데 그게 숨을 쉬어!"
"src/data/story.js","63","포코야, 이 밤중에 무슨 소란이냐… 무릎도 시린데…","포코야, 이 밤중에 무슨 소란이냐… 무릎도 시린데…"
"src/data/story.js","65","(엘더는 한참 말이 없었다.)","(엘더는 한참 말이 없었다.)"
"src/data/story.js","66","별이 아니란다, 포코야. 용이다. …아직 어린 용이야.","별이 아니란다, 포코야. 용이다. …아직 어린 용이야."
"src/data/story.js","67","삼백 년 만이구나. 하늘에서 내려온 건.","삼백 년 만이구나. 하늘에서 내려온 건."
"src/data/story.js","68","가서 그론을 깨우거라. 들것이 있어야겠다. …어서, 뛰어!","가서 그론을 깨우거라. 들것이 있어야겠다. …어서, 뛰어!"
"src/data/story.js","75","…허, 내가 졌구나. 가르치기는 제대로 가르친 모양이다.","…허, 내가 졌구나. 가르치기는 제대로 가르친 모양이다."
"src/data/story.js","76","네가 그렇게 정했다면 가라. 다만 문이라는 건 밖에서 부수는 것보다 안에서 닫아 버리는 게 더 아프다는 것만은 기억해 둬라.","네가 그렇게 정했다면 가라. 다만 문이라는 건 밖에서 부수는 것보다 안에서 닫아 버리는 게 더 아프다는 것만은 기억해 둬라."
"src/data/story.js","77","나","나"
"src/data/story.js","77","(마을 용들이 하나둘 고개를 숙였는데, 나라만은 끝까지 고개를 들고 나를 쳐다보고 있었다.)","(마을 용들이 하나둘 고개를 숙였는데, 나라만은 끝까지 고개를 들고 나를 쳐다보고 있었다.)"
"src/data/story.js","81","이제 그만 일어나라. 집에 가자.","이제 그만 일어나라. 집에 가자."
"src/data/story.js","82","형이 너한테 한 말은 예순 해 전에 나도 다 들은 말이다. 그때 나는 아무 대답도 못 하고 형을 혼자 보냈는데, 너까지 그렇게 보낼 수는 없더라.","형이 너한테 한 말은 예순 해 전에 나도 다 들은 말이다. 그때 나는 아무 대답도 못 하고 형을 혼자 보냈는데, 너까지 그렇게 보낼 수는 없더라."
"src/data/story.js","83","야, 이 바보야! 너 진짜 저쪽으로 가려고 했어? …다음에 또 그러면 그때는 스승님 말고 내가 팬다.","야, 이 바보야! 너 진짜 저쪽으로 가려고 했어? …다음에 또 그러면 그때는 스승님 말고 내가 팬다."
"src/data/story.js","84","(포코가 아무 말 없이 다가와서 내 꼬리를 꼭 붙잡았다.)","(포코가 아무 말 없이 다가와서 내 꼬리를 꼭 붙잡았다.)"
"src/data/story.js","85","돌아와 주었으니 그걸로 되었단다. 이 일은 아무도 다시 꺼내지 않을 게다. 내가 그리 일러 두마.","돌아와 주었으니 그걸로 되었단다. 이 일은 아무도 다시 꺼내지 않을 게다. 내가 그리 일러 두마."
"src/data/story.js","86","나","나"
"src/data/story.js","86","(등 뒤의 하늘을 덮고 있던 잿빛 날개들이 어느새 남동쪽으로 물러가고 없었다.)","(등 뒤의 하늘을 덮고 있던 잿빛 날개들이 어느새 남동쪽으로 물러가고 없었다.)"
"src/data/story.js","94","1장. 스승","1장. 스승"
"src/data/story.js","96","(떨어지는 꿈을 꿨다. 누가 위에서 내려다보고 있었는데, 얼굴이 기억나지 않는다.)","(떨어지는 꿈을 꿨다. 누가 위에서 내려다보고 있었는데, 얼굴이 기억나지 않는다.)"
"src/data/story.js","97","일어났느냐. 밤새 끙끙 앓더구나… 꿈자리가 사나웠던 게지.","일어났느냐. 밤새 끙끙 앓더구나… 꿈자리가 사나웠던 게지."
"src/data/story.js","98","나와 보거라. 소개해 줄 놈이 있단다.","나와 보거라. 소개해 줄 놈이 있단다."
"src/data/story.js","99","이쪽은 [카이론]. 내 오랜 친구인데, 젊을 땐 이 근방에서 제일 셌고 지금은 제일 잔소리가 많지.","이쪽은 [카이론]. 내 오랜 친구인데, 젊을 땐 이 근방에서 제일 셌고 지금은 제일 잔소리가 많지."
"src/data/story.js","100","이 꼬맹이가 그 애요? 하늘에서 떨어졌다는.","이 꼬맹이가 그 애요? 하늘에서 떨어졌다는."
"src/data/story.js","101","이놈이 글쎄, 스무 해를 제자 안 받겠다고 버티더니 네 얘길 듣고는 제 발로 내려왔단다.","이놈이 글쎄, 스무 해를 제자 안 받겠다고 버티더니 네 얘길 듣고는 제 발로 내려왔단다."
"src/data/story.js","102","영감이 사흘을 찾아와서 졸랐잖소. 귀찮아서 온 거요.","영감이 사흘을 찾아와서 졸랐잖소. 귀찮아서 온 거요."
"src/data/story.js","103","사흘은 무슨. 하루 만에 왔으면서.","사흘은 무슨. 하루 만에 왔으면서."
"src/data/story.js","104","…됐고. 너, 동쪽 숲길 따라가다 북쪽으로 꺾으면 내 수련장이다. 밥 먹고 그리로 와라.","…됐고. 너, 동쪽 숲길 따라가다 북쪽으로 꺾으면 내 수련장이다. 밥 먹고 그리로 와라."
"src/data/story.js","105","하루에 하나씩만 가르친다. 그 이상은 해 봐야 몸에 안 남아. 늦으면 그날은 없는 거다.","하루에 하나씩만 가르친다. 그 이상은 해 봐야 몸에 안 남아. 늦으면 그날은 없는 거다."
"src/data/story.js","109","1장. 같이 구르는 사이","1장. 같이 구르는 사이"
"src/data/story.js","111","나","나"
"src/data/story.js","111","(어깨가 안 올라간다. 내가 허수아비를 팬 건지 허수아비가 나를 팬 건지.)","(어깨가 안 올라간다. 내가 허수아비를 팬 건지 허수아비가 나를 팬 건지.)"
"src/data/story.js","112","야, 아직도 자? 해가 중천인데! 난 벌써 호수까지 뛰고 왔거든?","야, 아직도 자? 해가 중천인데! 난 벌써 호수까지 뛰고 왔거든?"
"src/data/story.js","113","…는 뻥이고 나도 방금 일어났어. 아 어깨야. 허수아비 그거 몇 대 쳤다고 팔이 안 올라가냐.","…는 뻥이고 나도 방금 일어났어. 아 어깨야. 허수아비 그거 몇 대 쳤다고 팔이 안 올라가냐."
"src/data/story.js","114","근데 너 어제 네 개 다 깼다며. 첫날에? 아 짜증 나, 난 첫날에 두 개 깨고 뻗었는데.","근데 너 어제 네 개 다 깼다며. 첫날에? 아 짜증 나, 난 첫날에 두 개 깨고 뻗었는데."
"src/data/story.js","115","됐고 빨리 나와. 늦으면 네 몫까지 내가 다 친다?","됐고 빨리 나와. 늦으면 네 몫까지 내가 다 친다?"
"src/data/story.js","121","2장. 다음 날 아침","2장. 다음 날 아침"
"src/data/story.js","123","(눈 밑이 퀭하다.) …나 한숨도 못 잤어. 모루 밑이 생각보다 좁아.","(눈 밑이 퀭하다.) …나 한숨도 못 잤어. 모루 밑이 생각보다 좁아."
"src/data/story.js","124","미라가 다 돌아봤는데 다친 용은 없대. 너는 어디 긁힌 데 없어?","미라가 다 돌아봤는데 다친 용은 없대. 너는 어디 긁힌 데 없어?"
"src/data/story.js","125","알을 왜 노려, 치사하게… 싸울 거면 우리랑 싸우든가.","알을 왜 노려, 치사하게… 싸울 거면 우리랑 싸우든가."
"src/data/story.js","126","인간들이 왜 저러는지는 알아 둬라. 예순 해 전에—","인간들이 왜 저러는지는 알아 둬라. 예순 해 전에—"
"src/data/story.js","127","카이론. 그 얘기는 아직 이르다.","카이론. 그 얘기는 아직 이르다."
"src/data/story.js","128","…영감은 맨날 이르다지. 알았소.","…영감은 맨날 이르다지. 알았소."
"src/data/story.js","129","아이야, 지금은 밥 잘 먹고 크는 것만 생각하려무나.","아이야, 지금은 밥 잘 먹고 크는 것만 생각하려무나."
"src/data/story.js","133","3장. 꿈","3장. 꿈"
"src/data/story.js","135","(꿈에 뼈만 남은 용이 나왔다. 아무 말 없이 고개를 한 번 끄덕이고 갔다.)","(꿈에 뼈만 남은 용이 나왔다. 아무 말 없이 고개를 한 번 끄덕이고 갔다.)"
"src/data/story.js","136","일어났냐. …어제 일은 고마웠다는 말을 하려고 왔다.","일어났냐. …어제 일은 고마웠다는 말을 하려고 왔다."
"src/data/story.js","137","네가 받은 [빙결 파동]은 스승님 기술이다. 스킬 나무에서 끼워 봐라. 아끼지 말고 써. 그분은 아끼는 걸 제일 싫어하셨다.","네가 받은 [빙결 파동]은 스승님 기술이다. 스킬 나무에서 끼워 봐라. 아끼지 말고 써. 그분은 아끼는 걸 제일 싫어하셨다."
"src/data/story.js","138","(문밖에서) 스승님이 고맙다는 말을 했어? 진짜? 나 방금 들은 거 맞아?","(문밖에서) 스승님이 고맙다는 말을 했어? 진짜? 나 방금 들은 거 맞아?"
"src/data/story.js","139","…너는 왜 여기 있냐.","…너는 왜 여기 있냐."
"src/data/story.js","143","4장. 고기 나온 아침","4장. 고기 나온 아침"
"src/data/story.js","145","야! 야야! 오늘 아침에 고기 나왔어! 진짜 고기! 두 점이나!","야! 야야! 오늘 아침에 고기 나왔어! 진짜 고기! 두 점이나!"
"src/data/story.js","146","네 덕이다. …리크랑 로크, 걔네 어릴 때 내 대장간에서 못을 훔쳐다가 팽이를 만들었지. 그때 혼을 냈어야 했는데.","네 덕이다. …리크랑 로크, 걔네 어릴 때 내 대장간에서 못을 훔쳐다가 팽이를 만들었지. 그때 혼을 냈어야 했는데."
"src/data/story.js","147","됐다. 옛날얘기다. 밥이나 먹어라.","됐다. 옛날얘기다. 밥이나 먹어라."
"src/data/story.js","151","재 냄새가 나는 꿈","재 냄새가 나는 꿈"
"src/data/story.js","153","(꿈속에서 누군가 내 옆에 내려앉았다. 얼굴은 보이지 않는데 재 냄새가 난다.)","(꿈속에서 누군가 내 옆에 내려앉았다. 얼굴은 보이지 않는데 재 냄새가 난다.)"
"src/data/story.js","154","「숨결이 하나 늘었구나. 너는 그걸 받았다고 들었다. 나는 같은 것을 얻으려고 스승을 넘어뜨려야 했는데 말이다.」","「숨결이 하나 늘었구나. 너는 그걸 받았다고 들었다. 나는 같은 것을 얻으려고 스승을 넘어뜨려야 했는데 말이다.」"
"src/data/story.js","155","「부럽다는 말을 하려는 게 아니라, 받은 것은 언젠가 값을 치르게 된다는 걸 알려 주려는 거다.」","「부럽다는 말을 하려는 게 아니라, 받은 것은 언젠가 값을 치르게 된다는 걸 알려 주려는 거다.」"
"src/data/story.js","156","나","나"
"src/data/story.js","156","(눈을 떴을 때는 아무도 없었는데, 굴 안에 재 냄새가 희미하게 남아 있었다.)","(눈을 떴을 때는 아무도 없었는데, 굴 안에 재 냄새가 희미하게 남아 있었다.)"
"src/data/story.js","160","두 번째 꿈","두 번째 꿈"
"src/data/story.js","162","「그 형제가 너한테는 제 숨결을 건네주었다지. 나한테는 빼앗겼다고 하더냐.」","「그 형제가 너한테는 제 숨결을 건네주었다지. 나한테는 빼앗겼다고 하더냐.」"
"src/data/story.js","163","「틀린 말은 아니다. 다만 그 둘이 나를 따라나선 건, 굶주린 아이들한테 너희 마을이 아무것도 해 주지 못했기 때문이라는 것도 알아 둬라.」","「틀린 말은 아니다. 다만 그 둘이 나를 따라나선 건, 굶주린 아이들한테 너희 마을이 아무것도 해 주지 못했기 때문이라는 것도 알아 둬라.」"
"src/data/story.js","164","「네 마을 어른들은 너한테 늘 절반만 말해 준다. 나머지 절반이 궁금해지거든 나를 찾아와라.」","「네 마을 어른들은 너한테 늘 절반만 말해 준다. 나머지 절반이 궁금해지거든 나를 찾아와라.」"
"src/data/story.js","165","나","나"
"src/data/story.js","165","(이번에도 얼굴은 보지 못했다. 목소리는 이상하게 스승님과 닮아 있었다.)","(이번에도 얼굴은 보지 못했다. 목소리는 이상하게 스승님과 닮아 있었다.)"
"src/data/story.js","169","세 번째 꿈","세 번째 꿈"
"src/data/story.js","171","「내가 태운 도시를 보고 왔구나. 끔찍했을 거다. 나도 그날 이후로 그 냄새를 잊어 본 적이 없으니까.」","「내가 태운 도시를 보고 왔구나. 끔찍했을 거다. 나도 그날 이후로 그 냄새를 잊어 본 적이 없으니까.」"
"src/data/story.js","172","「그런데 그날 내가 돌아서 버렸다면, 지금 너를 기른 그 마을은 남아 있지 않았을 거다. 너라면 그 자리에서 어떻게 했겠느냐.」","「그런데 그날 내가 돌아서 버렸다면, 지금 너를 기른 그 마을은 남아 있지 않았을 거다. 너라면 그 자리에서 어떻게 했겠느냐.」"
"src/data/story.js","173","나","나"
"src/data/story.js","173","(대답을 하려는 순간에 잠이 깼고, 내가 뭐라고 대답하려 했는지는 기억나지 않는다.)","(대답을 하려는 순간에 잠이 깼고, 내가 뭐라고 대답하려 했는지는 기억나지 않는다.)"
"src/data/story.js","177","8장. 떠나기 전날 밤","8장. 떠나기 전날 밤"
"src/data/story.js","179","(어젯밤 스승이 화톳불 앞에 오래 앉아 있었다.)","(어젯밤 스승이 화톳불 앞에 오래 앉아 있었다.)"
"src/data/story.js","180","형이랑은 늘 그랬다. 형이 앞서 날고 내가 뒤를 쫓고. 따라잡은 적은 한 번도 없었지.","형이랑은 늘 그랬다. 형이 앞서 날고 내가 뒤를 쫓고. 따라잡은 적은 한 번도 없었지."
"src/data/story.js","181","어느 날 형이 그러더군. 뒤에서 보는 하늘은 좁지 않으냐고. 그게 마지막으로 나눈 말이다.","어느 날 형이 그러더군. 뒤에서 보는 하늘은 좁지 않으냐고. 그게 마지막으로 나눈 말이다."
"src/data/story.js","182","가서 무슨 말을 해야 할지 몰라서 나는 예순 해 동안 못 갔다. 그걸 너한테 떠넘기는 거라 미안하다.","가서 무슨 말을 해야 할지 몰라서 나는 예순 해 동안 못 갔다. 그걸 너한테 떠넘기는 거라 미안하다."
"src/data/story.js","183","(수련장 밖에서 나라가 기다리고 있었다.) 갈 거지? 말 안 해도 알아.","(수련장 밖에서 나라가 기다리고 있었다.) 갈 거지? 말 안 해도 알아."
"src/data/story.js","184","돌아와. 나 아직 너한테 한 번도 못 이겼단 말이야. 이기고 도망가는 게 어딨어.","돌아와. 나 아직 너한테 한 번도 못 이겼단 말이야. 이기고 도망가는 게 어딨어."
"src/data/story.js","189","마지막 장. 새 수호룡","마지막 장. 새 수호룡"
"src/data/story.js","191","(꿈을 꿨는데 이번에는 떨어지지 않았다. 구름 위를 아주 오랫동안 날았다.)","(꿈을 꿨는데 이번에는 떨어지지 않았다. 구름 위를 아주 오랫동안 날았다.)"
"src/data/story.js","192","형을 멈춰 줘서 고맙다. 마지막에 하늘이 넓더라고 했다지. 그 말을 들으려고 내가 예순 해를 살았나 보다.","형을 멈춰 줘서 고맙다. 마지막에 하늘이 넓더라고 했다지. 그 말을 들으려고 내가 예순 해를 살았나 보다."
"src/data/story.js","193","어디서 떨어졌든 너는 여기서 자란 우리 마을 아이란다. 오늘부터는 네가 이 마을의 수호룡이니, 나는 이제 좀 쉬어도 되겠구나…","어디서 떨어졌든 너는 여기서 자란 우리 마을 아이란다. 오늘부터는 네가 이 마을의 수호룡이니, 나는 이제 좀 쉬어도 되겠구나…"
"src/data/story.js","194","수호룡이 됐다고 봐줄 줄 알았으면 오산이야. 나 내일부터 너 이길 때까지 매일 덤빌 거니까 각오해.","수호룡이 됐다고 봐줄 줄 알았으면 오산이야. 나 내일부터 너 이길 때까지 매일 덤빌 거니까 각오해."
"src/data/story.js","195","수호룡님! …그래도 나랑 술래잡기는 계속해 줄 거지? 응?","수호룡님! …그래도 나랑 술래잡기는 계속해 줄 거지? 응?"
"src/data/story.js","196","나","나"
"src/data/story.js","196","(이그나르도 나처럼 하늘에서 떨어진 용이었다. 다른 게 있다면, 나한테는 돌아올 마을이 있었다는 것뿐이다.)","(이그나르도 나처럼 하늘에서 떨어진 용이었다. 다른 게 있다면, 나한테는 돌아올 마을이 있었다는 것뿐이다.)"
"src/data/story.js","197","나","나"
"src/data/story.js","197","(이야기는 여기서 끝나지만, 마을의 하루는 내일도 이어진다.)","(이야기는 여기서 끝나지만, 마을의 하루는 내일도 이어진다.)"
"src/data/story.js","202","마지막 장. 돌아온 형","마지막 장. 돌아온 형"
"src/data/story.js","204","나","나"
"src/data/story.js","204","(아침에 나와 보니 마을 어귀에 용들이 모여 있다. 다들 멀찍이 서서, 바위에 기대앉은 검은 용을 보고 있다.)","(아침에 나와 보니 마을 어귀에 용들이 모여 있다. 다들 멀찍이 서서, 바위에 기대앉은 검은 용을 보고 있다.)"
"src/data/story.js","205","…형.","…형."
"src/data/story.js","206","많이 늙었구나, 카이론. 잔소리가 늘었다는 소문은 화산까지 들리더라.","많이 늙었구나, 카이론. 잔소리가 늘었다는 소문은 화산까지 들리더라."
"src/data/story.js","207","형이 떠나던 날 물었던 거 말이오. 뒤에서 보는 하늘은 좁지 않으냐고. 넓더이다. 뒤에서 보니까 형도 보이고, 이 녀석도 보이고.","형이 떠나던 날 물었던 거 말이오. 뒤에서 보는 하늘은 좁지 않으냐고. 넓더이다. 뒤에서 보니까 형도 보이고, 이 녀석도 보이고."
"src/data/story.js","208","…그 대답을 들으려고 예순 해가 걸렸구나.","…그 대답을 들으려고 예순 해가 걸렸구나."
"src/data/story.js","209","이그나르야. 네가 한 일을 없던 일로 해 줄 수는 없단다. 죽은 이들이 있으니까. 허나 너를 그리 만든 게 우리였다는 것도 없던 일로 하지는 않으마.","이그나르야. 네가 한 일을 없던 일로 해 줄 수는 없단다. 죽은 이들이 있으니까. 허나 너를 그리 만든 게 우리였다는 것도 없던 일로 하지는 않으마."
"src/data/story.js","210","마을 밖 빈 굴을 하나 내어 주마. 거기서부터 다시 시작해 보자꾸나. 삼백 년 전에 그랬던 것처럼 말이다.","마을 밖 빈 굴을 하나 내어 주마. 거기서부터 다시 시작해 보자꾸나. 삼백 년 전에 그랬던 것처럼 말이다."
"src/data/story.js","211","(한참을 티아맷 뒤에 숨어서 보고 있던 포코가 고기 한 점을 들고 조심조심 다가간다.) …저기, 이거 먹을래요?","(한참을 티아맷 뒤에 숨어서 보고 있던 포코가 고기 한 점을 들고 조심조심 다가간다.) …저기, 이거 먹을래요?"
"src/data/story.js","212","……삼백 년 전에도 누가 이렇게 고기를 내밀었었지. 고맙다, 꼬마야.","……삼백 년 전에도 누가 이렇게 고기를 내밀었었지. 고맙다, 꼬마야."
"src/data/story.js","213","나","나"
"src/data/story.js","213","(이야기는 여기서 끝나지만, 마을의 하루는 내일도 이어진다. 내일부터는 식구가 하나 더 늘어서.)","(이야기는 여기서 끝나지만, 마을의 하루는 내일도 이어진다. 내일부터는 식구가 하나 더 늘어서.)"
"src/data/chronicle.js","10","목 아래 비늘 한 장 밑에 무늬가 있다. 떨어지던 날엔 없었다.","목 아래 비늘 한 장 밑에 무늬가 있다. 떨어지던 날엔 없었다."
"src/data/chronicle.js","11","숨결이 둘이 되었다. 드래곤은 하나의 속성만 가지고 태어난다는데. 엘더는 ""딱 한 번을 빼고는"" 이라고 했다.","숨결이 둘이 되었다. 드래곤은 하나의 속성만 가지고 태어난다는데. 엘더는 ""딱 한 번을 빼고는"" 이라고 했다."
"src/data/chronicle.js","12","숨결을 맡겨 받았다. 빼앗긴 숨결은 주인을 죽이지만 건네준 숨결은 양쪽을 다 살린다고 한다. 하늘의 용은 그렇게 받은 숨결을 품으라고 보내진 것일지도 모른다.","숨결을 맡겨 받았다. 빼앗긴 숨결은 주인을 죽이지만 건네준 숨결은 양쪽을 다 살린다고 한다. 하늘의 용은 그렇게 받은 숨결을 품으라고 보내진 것일지도 모른다."
"src/data/chronicle.js","13","불탄 도시의 벽 그림: 검은 용의 목에 나와 같은 무늬가 있다. 그 용은 세 가지 빛깔의 불을 뿜고 있었다.","불탄 도시의 벽 그림: 검은 용의 목에 나와 같은 무늬가 있다. 그 용은 세 가지 빛깔의 불을 뿜고 있었다."
"src/data/chronicle.js","14","세이란의 물점: 구름보다 위에 돌로 지은 빈 둥지들. 알 껍데기가 둘. 아주 오래된 것 하나, 얼마 안 된 것 하나.","세이란의 물점: 구름보다 위에 돌로 지은 빈 둥지들. 알 껍데기가 둘. 아주 오래된 것 하나, 얼마 안 된 것 하나."
"src/data/chronicle.js","15","세이란: 어느 집안 무늬도 아니다. 물에 비친 옛일 속에 같은 무늬가 하나 있었다. 붉은 하늘 밑으로 떨어지는 용.","세이란: 어느 집안 무늬도 아니다. 물에 비친 옛일 속에 같은 무늬가 하나 있었다. 붉은 하늘 밑으로 떨어지는 용."
"src/data/chronicle.js","16","포코: 내가 떨어지던 밤, 하늘은 두 번 붉어졌다. 엘더는 한 번만 봤다고 한다.","포코: 내가 떨어지던 밤, 하늘은 두 번 붉어졌다. 엘더는 한 번만 봤다고 한다."
"src/data/chronicle.js","17","카이론: 같은 무늬가 형 이그나르의 목에도 있었다.","카이론: 같은 무늬가 형 이그나르의 목에도 있었다."
"src/data/chronicle.js","18","화산 벽에 같은 무늬가 수백 개. 이그나르도 제 몸의 무늬가 무엇인지 찾고 있었다.","화산 벽에 같은 무늬가 수백 개. 이그나르도 제 몸의 무늬가 무엇인지 찾고 있었다."
"src/data/chronicle.js","19","베르단이 떨어뜨린 지도: 마을이 하늘에서 내려다본 모양으로 그려져 있고, 구석에 발톱으로 긁은 자국이 있다. 인간이 그린 게 아니다.","베르단이 떨어뜨린 지도: 마을이 하늘에서 내려다본 모양으로 그려져 있고, 구석에 발톱으로 긁은 자국이 있다. 인간이 그린 게 아니다."
"src/data/chronicle.js","20","이그나르: 우리는 떨어진 게 아니라 보내진 것이다. 하늘의 용은 제 숨 없이 태어나, 땅의 용들이 맡기는 숨을 품는다.","이그나르: 우리는 떨어진 게 아니라 보내진 것이다. 하늘의 용은 제 숨 없이 태어나, 땅의 용들이 맡기는 숨을 품는다."
"src/data/chronicle.js","26","수련장의 또래","수련장의 또래"
"src/data/chronicle.js","29","어? 야, 너지! 하늘에서 떨어졌다는 애!","어? 야, 너지! 하늘에서 떨어졌다는 애!"
"src/data/chronicle.js","30","난 나라. 여기서 삼 년째 허수아비 패고 있어. 아, 엘더 촌장님이 우리 아빠야. 아빠가 하도 네 얘기만 해서 궁금했거든.","난 나라. 여기서 삼 년째 허수아비 패고 있어. 아, 엘더 촌장님이 우리 아빠야. 아빠가 하도 네 얘기만 해서 궁금했거든."
"src/data/chronicle.js","31","근데 너 오늘부터 스승님한테 배운다며. 정식으로. …하, 나는 삼 년을 졸라도 안 받아 주시면서.","근데 너 오늘부터 스승님한테 배운다며. 정식으로. …하, 나는 삼 년을 졸라도 안 받아 주시면서."
"src/data/chronicle.js","32","아무튼! 봐주지 마라? 나도 안 봐줄 거니까. 그리고 내가 선배야, 선배. 알았지?","아무튼! 봐주지 마라? 나도 안 봐줄 거니까. 그리고 내가 선배야, 선배. 알았지?"
"src/data/chronicle.js","34","나라를 만났다.","나라를 만났다."
"src/data/chronicle.js","37","첫 밤","첫 밤"
"src/data/chronicle.js","40","나","나"
"src/data/chronicle.js","40","(밤이 되니 마을이 조용하다. 눈을 감으면 아직도 떨어지는 느낌이 난다.)","(밤이 되니 마을이 조용하다. 눈을 감으면 아직도 떨어지는 느낌이 난다.)"
"src/data/chronicle.js","41","잠이 안 오느냐. 나도 그렇단다… 늙으면 잠이 없어져. 무릎은 쑤시고.","잠이 안 오느냐. 나도 그렇단다… 늙으면 잠이 없어져. 무릎은 쑤시고."
"src/data/chronicle.js","42","이 마을 용들은 말이다, 다들 어디선가 흘러들어 온 아이들이란다. 나도 그랬고, 그론도 그랬지.","이 마을 용들은 말이다, 다들 어디선가 흘러들어 온 아이들이란다. 나도 그랬고, 그론도 그랬지."
"src/data/chronicle.js","43","그러니 어디서 왔는지 모른다고 기죽을 것 없다. 여기서는 그게 흠이 아니란다.","그러니 어디서 왔는지 모른다고 기죽을 것 없다. 여기서는 그게 흠이 아니란다."
"src/data/chronicle.js","44","자, 이제 들어가 자거라. 어린것들은 밤에 자야 크는 게야.","자, 이제 들어가 자거라. 어린것들은 밤에 자야 크는 게야."
"src/data/chronicle.js","51","광장의 게시판","광장의 게시판"
"src/data/chronicle.js","54","야, 너. 거기 말고 이쪽이다. 광장에 판때기 하나 서 있는 거 봤냐.","야, 너. 거기 말고 이쪽이다. 광장에 판때기 하나 서 있는 거 봤냐."
"src/data/chronicle.js","54","게시판","게시판"
"src/data/chronicle.js","55","마을 놈들이 손 모자랄 때 거기다 쪽지를 붙여 놔. 고블린이 시끄럽다, 고기가 떨어졌다, 뭐 그런 거.","마을 놈들이 손 모자랄 때 거기다 쪽지를 붙여 놔. 고블린이 시끄럽다, 고기가 떨어졌다, 뭐 그런 거."
"src/data/chronicle.js","56","하기 싫으면 안 해도 된다. 아무도 뭐라 안 해. 대신 하면 값은 쳐 준다. 나도 가끔 붙이니까 눈여겨봐라.","하기 싫으면 안 해도 된다. 아무도 뭐라 안 해. 대신 하면 값은 쳐 준다. 나도 가끔 붙이니까 눈여겨봐라."
"src/data/chronicle.js","58","광장의 게시판에서 [E]로 잡일을 떼어 올 수 있습니다.","광장의 게시판에서 [E]로 잡일을 떼어 올 수 있습니다."
"src/data/chronicle.js","61","비늘 아래","비늘 아래"
"src/data/chronicle.js","64","나","나"
"src/data/chronicle.js","64","(잠이 안 와서 비늘을 만지다가 손이 멈췄다. 목 아래, 비늘 한 장 밑에 뭔가 있다.)","(잠이 안 와서 비늘을 만지다가 손이 멈췄다. 목 아래, 비늘 한 장 밑에 뭔가 있다.)"
"src/data/chronicle.js","65","나","나"
"src/data/chronicle.js","65","(무늬다. 선이 세 갈래로 갈라졌다가 다시 모인다.)","(무늬다. 선이 세 갈래로 갈라졌다가 다시 모인다.)"
"src/data/chronicle.js","66","나","나"
"src/data/chronicle.js","66","(떨어지던 날엔 없었다. 확실하다. 그론이 온몸을 닦아 줬으니까.)","(떨어지던 날엔 없었다. 확실하다. 그론이 온몸을 닦아 줬으니까.)"
"src/data/chronicle.js","68","일지 [기록]에 적어 두었다.","일지 [기록]에 적어 두었다."
"src/data/chronicle.js","71","물이 읽은 것","물이 읽은 것"
"src/data/chronicle.js","74","잠깐, 목 아래 비늘 밑에 있는 것 좀 보여 줘.","잠깐, 목 아래 비늘 밑에 있는 것 좀 보여 줘."
"src/data/chronicle.js","75","이건 어느 집안 무늬도 아니야. 위 마을 것도, 아랫마을 것도 아니고.","이건 어느 집안 무늬도 아니야. 위 마을 것도, 아랫마을 것도 아니고."
"src/data/chronicle.js","76","근데 물에 비친 것 중에 똑같은 게 하나 있었어. 아주 오래된 거. 붉은 하늘 밑으로, 너처럼 떨어지는 용.","근데 물에 비친 것 중에 똑같은 게 하나 있었어. 아주 오래된 거. 붉은 하늘 밑으로, 너처럼 떨어지는 용."
"src/data/chronicle.js","77","나","나"
"src/data/chronicle.js","77","(나처럼 떨어지는 용. …나 말고도 있었다는 얘기다.)","(나처럼 떨어지는 용. …나 말고도 있었다는 얘기다.)"
"src/data/chronicle.js","79","일지 [기록]에 적어 두었다.","일지 [기록]에 적어 두었다."
"src/data/chronicle.js","84","골짜기의 울음","골짜기의 울음"
"src/data/chronicle.js","87","(골짜기 안쪽에서 긴 울음이 난다. 짐승 소리가 아니다. 뼈끼리 갈리는 소리에 가깝다.)","(골짜기 안쪽에서 긴 울음이 난다. 짐승 소리가 아니다. 뼈끼리 갈리는 소리에 가깝다.)"
"src/data/chronicle.js","88","거기까지. 더 들어가지 마라.","거기까지. 더 들어가지 마라."
"src/data/chronicle.js","89","…그래, 따라온 거 맞다. 네가 이쪽으로 가는 걸 티아맷이 봤다길래 와 봤는데, 혼자 여길 들어오다니 간도 크구나.","…그래, 따라온 거 맞다. 네가 이쪽으로 가는 걸 티아맷이 봤다길래 와 봤는데, 혼자 여길 들어오다니 간도 크구나."
"src/data/chronicle.js","90","저 소리가 누군지 아냐. 예순 해 전까지 우리 마을 수호룡이셨던 모르가스 어른이다. 나한테는 스승님이시고.","저 소리가 누군지 아냐. 예순 해 전까지 우리 마을 수호룡이셨던 모르가스 어른이다. 나한테는 스승님이시고."
"src/data/chronicle.js","91","돌아가셨는데 못 가셨다. 스무 해 전에 두 마을이 싸운 뒤로는 울음이 부쩍 심해져서, 그 냉기에 호수 북쪽 길이 통째로 얼었다. 폭포 쪽으로는 그때부터 아무도 못 다닌다.","돌아가셨는데 못 가셨다. 스무 해 전에 두 마을이 싸운 뒤로는 울음이 부쩍 심해져서, 그 냉기에 호수 북쪽 길이 통째로 얼었다. 폭포 쪽으로는 그때부터 아무도 못 다닌다."
"src/data/chronicle.js","92","누가 보내 드려야 하는데… 나는 못 하겠더라. 몇 번을 왔다가 그냥 돌아갔다. 제자가 스승한테 어떻게 이빨을 세우냐.","누가 보내 드려야 하는데… 나는 못 하겠더라. 몇 번을 왔다가 그냥 돌아갔다. 제자가 스승한테 어떻게 이빨을 세우냐."
"src/data/chronicle.js","93","너는 그분을 모르니까 네가 해 다오. …이런 걸 시켜서 미안하다.","너는 그분을 모르니까 네가 해 다오. …이런 걸 시켜서 미안하다."
"src/data/chronicle.js","95","새 퀘스트: 골짜기의 옛 수호룡","새 퀘스트: 골짜기의 옛 수호룡"
"src/data/chronicle.js","99","밀림에서 본 것","밀림에서 본 것"
"src/data/chronicle.js","102","나","나"
"src/data/chronicle.js","102","(나뭇잎 사이로 커다란 그림자가 지나갔다. 목이 둘이다.)","(나뭇잎 사이로 커다란 그림자가 지나갔다. 목이 둘이다.)"
"src/data/chronicle.js","103","「내가 왕이다」 「닥쳐, 네가 무슨 왕이야」 「내가,」","「내가 왕이다」 「닥쳐, 네가 무슨 왕이야」 「내가,」"
"src/data/chronicle.js","104","나","나"
"src/data/chronicle.js","104","(한 몸에서 두 목소리가 서로 악을 쓴다. 싸운다기보다는, 서로를 간신히 견디는 것 같다.)","(한 몸에서 두 목소리가 서로 악을 쓴다. 싸운다기보다는, 서로를 간신히 견디는 것 같다.)"
"src/data/chronicle.js","108","여름에 내린 눈","여름에 내린 눈"
"src/data/chronicle.js","111","나","나"
"src/data/chronicle.js","111","(마을 광장에 눈이 내린다. 한여름에.)","(마을 광장에 눈이 내린다. 한여름에.)"
"src/data/chronicle.js","112","우와아 눈이다! …근데 왜 이렇게 추워? 발이 시려.","우와아 눈이다! …근데 왜 이렇게 추워? 발이 시려."
"src/data/chronicle.js","113","포코야, 안으로 들어가거라. 이건 날씨가 아니란다.","포코야, 안으로 들어가거라. 이건 날씨가 아니란다."
"src/data/chronicle.js","114","…글라시아로구나. 북쪽 봉우리의. 예순 해 전 인간들과 싸울 때, 우리 마을과 구름마루가 알을 전부 그 어미에게 맡겼단다. 얼음 속에 넣어 두면 아무도 못 깨뜨린다고.","…글라시아로구나. 북쪽 봉우리의. 예순 해 전 인간들과 싸울 때, 우리 마을과 구름마루가 알을 전부 그 어미에게 맡겼단다. 얼음 속에 넣어 두면 아무도 못 깨뜨린다고."
"src/data/chronicle.js","115","싸움이 끝나고 찾으러 갔을 때는 봉우리가 통째로 닫혀 있었지. 아무도 못 들어갔어. 그 뒤로 예순 해란다…","싸움이 끝나고 찾으러 갔을 때는 봉우리가 통째로 닫혀 있었지. 아무도 못 들어갔어. 그 뒤로 예순 해란다…"
"src/data/chronicle.js","116","(숨을 헐떡이며 뛰어 들어온다.) 저, 저기요! 구름마루에서 왔어요! 위에도 눈이 와요! 리운 어른이 아랫마을 촌장님이랑 그 하늘에서 떨어진 애, 빨리 좀 올라오시래요!","(숨을 헐떡이며 뛰어 들어온다.) 저, 저기요! 구름마루에서 왔어요! 위에도 눈이 와요! 리운 어른이 아랫마을 촌장님이랑 그 하늘에서 떨어진 애, 빨리 좀 올라오시래요!"
"src/data/chronicle.js","117","…스무 해 만에 저쪽에서 먼저 부르는구나. 아이야, 네가 먼저 가 보거라. 내 무릎으로는 한나절이란다.","…스무 해 만에 저쪽에서 먼저 부르는구나. 아이야, 네가 먼저 가 보거라. 내 무릎으로는 한나절이란다."
"src/data/chronicle.js","119","새 퀘스트: 맡긴 알","새 퀘스트: 맡긴 알"
"src/data/chronicle.js","122","모래 속의 발자국","모래 속의 발자국"
"src/data/chronicle.js","125","나","나"
"src/data/chronicle.js","125","(모래 위에 깊게 팬 자국이 이어져 있다. 발자국이 아니다. 뭔가 땅속을 헤엄친 자국이다.)","(모래 위에 깊게 팬 자국이 이어져 있다. 발자국이 아니다. 뭔가 땅속을 헤엄친 자국이다.)"
"src/data/chronicle.js","126","잠깐만, 거기서 더 들어가지 마! …헉, 헉. 따라오느라 죽는 줄 알았네.","잠깐만, 거기서 더 들어가지 마! …헉, 헉. 따라오느라 죽는 줄 알았네."
"src/data/chronicle.js","127","여기가 아저씨가 무릎을 잃은 데야. 넷이 왔다가 아저씨 혼자 기어서 돌아갔다는 그 사막. 술만 마시면 하던 얘기라서 나는 눈 감고도 외워.","여기가 아저씨가 무릎을 잃은 데야. 넷이 왔다가 아저씨 혼자 기어서 돌아갔다는 그 사막. 술만 마시면 하던 얘기라서 나는 눈 감고도 외워."
"src/data/chronicle.js","128","바실이라는 놈은 땅속으로 다니다가 바닥에 붉은 선을 긋고 그 선을 따라 튀어나온대. 아저씨는 그 선이 보이면 생각하지 말고 무조건 옆으로 구르라고 했어.","바실이라는 놈은 땅속으로 다니다가 바닥에 붉은 선을 긋고 그 선을 따라 튀어나온대. 아저씨는 그 선이 보이면 생각하지 말고 무조건 옆으로 구르라고 했어."
"src/data/chronicle.js","129","나는 여기까지만 올게. 대장간을 비워 두면 아저씨가… 아니, 그냥 내가 불안해서. 꼭 살아서 돌아와. 창 걸 자리는 내가 닦아 놓을게.","나는 여기까지만 올게. 대장간을 비워 두면 아저씨가… 아니, 그냥 내가 불안해서. 꼭 살아서 돌아와. 창 걸 자리는 내가 닦아 놓을게."
"src/data/chronicle.js","131","새 퀘스트: 죽은 사구의 폭군","새 퀘스트: 죽은 사구의 폭군"
"src/data/chronicle.js","134","하늘이 붉던 날","하늘이 붉던 날"
"src/data/chronicle.js","137","(하늘이 붉게 탄다. 아주 높은 데서 거대한 것이 마을 위를 천천히 한 바퀴 돌고, 남동쪽으로 사라졌다.)","(하늘이 붉게 탄다. 아주 높은 데서 거대한 것이 마을 위를 천천히 한 바퀴 돌고, 남동쪽으로 사라졌다.)"
"src/data/chronicle.js","138","…형이다.","…형이다."
"src/data/chronicle.js","139","싸우러 온 게 아니라 너를 보러 온 거다.","싸우러 온 게 아니라 너를 보러 온 거다."
"src/data/chronicle.js","140","카이론. 네가 갈 셈이냐.","카이론. 네가 갈 셈이냐."
"src/data/chronicle.js","141","…못 가오. 예순 해를 못 갔는데 오늘이라고 가겠소.","…못 가오. 예순 해를 못 갔는데 오늘이라고 가겠소."
"src/data/chronicle.js","142","남동쪽 끝, 단풍 골 너머에 있는 잿빛 화산이다. 준비가 됐다 싶으면 가고, 아니다 싶으면 가지 마라. 이번에는 아무도 너한테 가라고 떠밀지 않을 거다.","남동쪽 끝, 단풍 골 너머에 있는 잿빛 화산이다. 준비가 됐다 싶으면 가고, 아니다 싶으면 가지 마라. 이번에는 아무도 너한테 가라고 떠밀지 않을 거다."
"src/data/chronicle.js","144","새 퀘스트: 잿마루","새 퀘스트: 잿마루"
"src/data/chronicle.js","151","둥지를 옮긴 날","둥지를 옮긴 날"
"src/data/chronicle.js","154","나","나"
"src/data/chronicle.js","154","(아지트로 가던 북쪽 길이 막혔다. 대신 마을 서쪽에 굴 입구가 하나 뚫려 있다.)","(아지트로 가던 북쪽 길이 막혔다. 대신 마을 서쪽에 굴 입구가 하나 뚫려 있다.)"
"src/data/chronicle.js","155","(엘더가 했던 말이 떠올랐다.) 다 큰 용은 바깥에서 안 잔다.","(엘더가 했던 말이 떠올랐다.) 다 큰 용은 바깥에서 안 잔다."
"src/data/chronicle.js","156","둥지는 마을 안 네 굴로 들여놨다. 알도, 품던 것도 그대로다.","둥지는 마을 안 네 굴로 들여놨다. 알도, 품던 것도 그대로다."
"src/data/chronicle.js","157","입구에서 [E]로 들어가면 된다. 안은 네 것이니 마음대로 꾸며도 좋고.","입구에서 [E]로 들어가면 된다. 안은 네 것이니 마음대로 꾸며도 좋고."
"src/data/chronicle.js","159","둥지는 굴 안에 있습니다. 입구에서 [E].","둥지는 굴 안에 있습니다. 입구에서 [E]."
"src/data/chronicle.js","166","구름 폭포","구름 폭포"
"src/data/chronicle.js","169","나","나"
"src/data/chronicle.js","169","(벼랑 하나를 통째로 덮은 물이 쏟아진다. 길가에는 녹다 만 얼음이 아직 남아 있다.)","(벼랑 하나를 통째로 덮은 물이 쏟아진다. 길가에는 녹다 만 얼음이 아직 남아 있다.)"
"src/data/chronicle.js","170","어? 어어?! 아래에서 왔어? 진짜 아랫마을 용이야? 우와, 날개 진짜 크다!","어? 어어?! 아래에서 왔어? 진짜 아랫마을 용이야? 우와, 날개 진짜 크다!"
"src/data/chronicle.js","171","나 하루! 너 그 길 어떻게 지나왔어? 거기 스무 해나 얼어 있었는데! 나 태어나서 아랫마을 용 처음 봐!","나 하루! 너 그 길 어떻게 지나왔어? 거기 스무 해나 얼어 있었는데! 나 태어나서 아랫마을 용 처음 봐!"
"src/data/chronicle.js","172","하루. 물러서.","하루. 물러서."
"src/data/chronicle.js","173","거기 너. 그 자리에서 한 발도 더 오지 마라. 여기서부터는 구름마루 땅이다. 아랫것들이 밟을 데가 아니야.","거기 너. 그 자리에서 한 발도 더 오지 마라. 여기서부터는 구름마루 땅이다. 아랫것들이 밟을 데가 아니야."
"src/data/chronicle.js","174","유안 아저씨, 얘 그냥 구경 온 건데—","유안 아저씨, 얘 그냥 구경 온 건데—"
"src/data/chronicle.js","175","스무 해 전에도 다들 구경 왔다고 했다.","스무 해 전에도 다들 구경 왔다고 했다."
"src/data/chronicle.js","176","유안, 그만해. 이 아이는 그때 태어나지도 않았어.","유안, 그만해. 이 아이는 그때 태어나지도 않았어."
"src/data/chronicle.js","177","나는 물에 비친 걸 읽는 세이란이야. …너는 물에 두 겹으로 비치는구나. 그런 건 나도 처음 봐.","나는 물에 비친 걸 읽는 세이란이야. …너는 물에 두 겹으로 비치는구나. 그런 건 나도 처음 봐."
"src/data/chronicle.js","178","지금은 못 올려 보내. 하지만 달이 가장 밝은 밤에는 여기 폭포 아래에 두 마을이 다 모여. 그날은 아무도 이빨을 안 드러내기로 돼 있어.","지금은 못 올려 보내. 하지만 달이 가장 밝은 밤에는 여기 폭포 아래에 두 마을이 다 모여. 그날은 아무도 이빨을 안 드러내기로 돼 있어."
"src/data/chronicle.js","179","그날 와. 그때 네가 뭔지 물에 물어봐 줄게.","그날 와. 그때 네가 뭔지 물에 물어봐 줄게."
"src/data/chronicle.js","180","(작게) 꼭 와! 나 물어볼 거 엄청 많아!","(작게) 꼭 와! 나 물어볼 거 엄청 많아!"
"src/data/chronicle.js","182","달 밝은 밤, 구름 폭포에서 모임이 섭니다.","달 밝은 밤, 구름 폭포에서 모임이 섭니다."
"src/data/chronicle.js","185","달이 가장 밝은 밤","달이 가장 밝은 밤"
"src/data/chronicle.js","188","나","나"
"src/data/chronicle.js","188","(폭포 아래에 불이 여럿 피어 있다. 우리 마을 용들과 처음 보는 긴 몸의 용들이 같은 불을 쬔다.)","(폭포 아래에 불이 여럿 피어 있다. 우리 마을 용들과 처음 보는 긴 몸의 용들이 같은 불을 쬔다.)"
"src/data/chronicle.js","189","왔구나. 스무 해 만에 서는 모임인데, 여기서는 아무도 안 싸운다는 규칙 하나만 지키면 된다.","왔구나. 스무 해 만에 서는 모임인데, 여기서는 아무도 안 싸운다는 규칙 하나만 지키면 된다."
"src/data/chronicle.js","190","저 아이인가. 하늘에서 떨어졌다는.","저 아이인가. 하늘에서 떨어졌다는."
"src/data/chronicle.js","191","그렇소. 우리가 거두어 길렀소이다.","그렇소. 우리가 거두어 길렀소이다."
"src/data/chronicle.js","192","스무 해 전 그 일 뒤로, 두 마을에서 새로 난 아이들은 서로를 본 적이 없소.","스무 해 전 그 일 뒤로, 두 마을에서 새로 난 아이들은 서로를 본 적이 없소."
"src/data/chronicle.js","193","이 아이는 어느 쪽에서도 나지 않았소. 그래서 어느 쪽으로도 갈 수 있겠군.","이 아이는 어느 쪽에서도 나지 않았소. 그래서 어느 쪽으로도 갈 수 있겠군."
"src/data/chronicle.js","194","어른, 그건.","어른, 그건."
"src/data/chronicle.js","195","유안. 경계를 도는 건 네 일이다. 누구를 들일지 정하는 건 내 일이고.","유안. 경계를 도는 건 네 일이다. 누구를 들일지 정하는 건 내 일이고."
"src/data/chronicle.js","196","올라오너라, 떨어진 아이야. 다른 이는 아직 안 되지만 그대만은 구름마루가 들이겠소.","올라오너라, 떨어진 아이야. 다른 이는 아직 안 되지만 그대만은 구름마루가 들이겠소."
"src/data/chronicle.js","197","우와, 진짜? 야, 너 이름이 뭐야? 나 하루야!","우와, 진짜? 야, 너 이름이 뭐야? 나 하루야!"
"src/data/chronicle.js","199","구름마루 마을에 올라갈 수 있게 되었습니다.","구름마루 마을에 올라갈 수 있게 되었습니다."
"src/data/chronicle.js","202","구름마루 마을","구름마루 마을"
"src/data/chronicle.js","205","나","나"
"src/data/chronicle.js","205","(폭포 위에 물이 고여 있고, 집들이 물가를 따라 둥글게 앉아 있다.)","(폭포 위에 물이 고여 있고, 집들이 물가를 따라 둥글게 앉아 있다.)"
"src/data/chronicle.js","206","나","나"
"src/data/chronicle.js","206","(여기 용들은 몸이 길고 날개가 작다. 걷는 대신 흐르듯 움직인다.)","(여기 용들은 몸이 길고 날개가 작다. 걷는 대신 흐르듯 움직인다.)"
"src/data/chronicle.js","207","왔다! 여기야 여기! 구경시켜 줄게. 유안한테 걸리기 전에 빨리!","왔다! 여기야 여기! 구경시켜 줄게. 유안한테 걸리기 전에 빨리!"
"src/data/chronicle.js","209","구름마루의 용들과 이야기할 수 있습니다.","구름마루의 용들과 이야기할 수 있습니다."
"src/data/chronicle.js","214","밤손님","밤손님"
"src/data/chronicle.js","217","나","나"
"src/data/chronicle.js","217","(잠이 안 와서 나왔는데, 굴 앞 어둠 속에 누가 서 있다. 마을 용이 아니다. 비늘이 잿빛이다.)","(잠이 안 와서 나왔는데, 굴 앞 어둠 속에 누가 서 있다. 마을 용이 아니다. 비늘이 잿빛이다.)"
"src/data/chronicle.js","218","소리 지르지 마라. 해치러 온 게 아니라 말 한마디 전하러 온 거니까.","소리 지르지 마라. 해치러 온 게 아니라 말 한마디 전하러 온 거니까."
"src/data/chronicle.js","219","네가 무엇인지 알고 싶거든 화산으로 오라고 그분이 전하라셨다. 이 마을 늙은이들은 다 알면서도 너한테 말을 안 해 주고 있다더구나.","네가 무엇인지 알고 싶거든 화산으로 오라고 그분이 전하라셨다. 이 마을 늙은이들은 다 알면서도 너한테 말을 안 해 주고 있다더구나."
"src/data/chronicle.js","220","저들은 네가 쓸모 있을 때만 너를 제 식구라고 부를 거라는 말씀도 하셨다. 대장장이가 죽던 밤에 몇이나 네 쪽을 흘끔거렸는지는 너도 봤을 테지.","저들은 네가 쓸모 있을 때만 너를 제 식구라고 부를 거라는 말씀도 하셨다. 대장장이가 죽던 밤에 몇이나 네 쪽을 흘끔거렸는지는 너도 봤을 테지."
"src/data/chronicle.js","221","나","나"
"src/data/chronicle.js","221","(돌아보니 아무도 없다. 재 냄새만 남았다.)","(돌아보니 아무도 없다. 재 냄새만 남았다.)"
"src/data/chronicle.js","227","삼백 년을 기다린 용","삼백 년을 기다린 용"
"src/data/chronicle.js","230","왔구나. 생각보다 작아서 놀랐다만, 나도 그 나이 때는 그만했겠지.","왔구나. 생각보다 작아서 놀랐다만, 나도 그 나이 때는 그만했겠지."
"src/data/chronicle.js","231","겁낼 것 없다. 해칠 생각이었으면 네가 광장에 떨어지던 밤에 벌써 했을 거다. 그날 밤 나는 네 위를 두 번이나 돌면서 내려다보기만 했으니까.","겁낼 것 없다. 해칠 생각이었으면 네가 광장에 떨어지던 밤에 벌써 했을 거다. 그날 밤 나는 네 위를 두 번이나 돌면서 내려다보기만 했으니까."
"src/data/chronicle.js","232","너와 나는 구름 위에 있는 그 빈 둥지에서 같이 온 것들이다. 우리 같은 것들은 제 숨결 없이 태어나서, 땅의 용들이 맡기는 숨결을 품으라고 땅으로 보내진다더구나.","너와 나는 구름 위에 있는 그 빈 둥지에서 같이 온 것들이다. 우리 같은 것들은 제 숨결 없이 태어나서, 땅의 용들이 맡기는 숨결을 품으라고 땅으로 보내진다더구나."
"src/data/chronicle.js","233","나는 누가 맡겨 주기를 기다리고 있을 수가 없었다. 마을이 나한테 이기고 오라고 했으니, 달라고 해서 안 주면 빼앗아서라도 세져야 했지. 그렇게 이기고 돌아갔더니 그 마을이 나를 뭐라고 불렀는지 아느냐. 괴물이라고 하더구나.","나는 누가 맡겨 주기를 기다리고 있을 수가 없었다. 마을이 나한테 이기고 오라고 했으니, 달라고 해서 안 주면 빼앗아서라도 세져야 했지. 그렇게 이기고 돌아갔더니 그 마을이 나를 뭐라고 불렀는지 아느냐. 괴물이라고 하더구나."
"src/data/chronicle.js","234","너한테도 머지않아 그럴 거다. 벌써 뒤에서 수군대기 시작하지 않았느냐. 저들은 네가 쓸모 있는 동안에만 너를 제 식구라고 부른다.","너한테도 머지않아 그럴 거다. 벌써 뒤에서 수군대기 시작하지 않았느냐. 저들은 네가 쓸모 있는 동안에만 너를 제 식구라고 부른다."
"src/data/chronicle.js","238","이그나르는 공격하지 않고 기다린다.","이그나르는 공격하지 않고 기다린다."
"src/data/chronicle.js","241","""그래도 나는 그 마을 용이다""","""그래도 나는 그 마을 용이다"""
"src/data/chronicle.js","243","그 고집은 카이론한테 배웠구나. 좋다, 그렇다면 네가 받았다는 그 숨결이 얼마나 진짜인지 어디 한번 보자.","그 고집은 카이론한테 배웠구나. 좋다, 그렇다면 네가 받았다는 그 숨결이 얼마나 진짜인지 어디 한번 보자."
"src/data/chronicle.js","248","…계속 말해 보라고 한다","…계속 말해 보라고 한다"
"src/data/chronicle.js","251","용들이 이렇게 흩어져 사니까 번번이 당하는 거다. 웨스턴과 구름마루와 잿마루가 진작 하나였다면 그 대장장이는 죽지 않았을 거다.","용들이 이렇게 흩어져 사니까 번번이 당하는 거다. 웨스턴과 구름마루와 잿마루가 진작 하나였다면 그 대장장이는 죽지 않았을 거다."
"src/data/chronicle.js","252","저들이 제 발로 찾아오기를 예순 해나 기다렸는데 끝내 오지 않더구나. 그래서 이제는 내가 데리러 갈 생각이다. 너도 같이 가자. 네가 자란 마을이니 문은 네 손으로 여는 게 맞겠지.","저들이 제 발로 찾아오기를 예순 해나 기다렸는데 끝내 오지 않더구나. 그래서 이제는 내가 데리러 갈 생각이다. 너도 같이 가자. 네가 자란 마을이니 문은 네 손으로 여는 게 맞겠지."
"src/data/chronicle.js","253","나","나"
"src/data/chronicle.js","253","(나도 모르게 고개를 끄덕이고 있었다.)","(나도 모르게 고개를 끄덕이고 있었다.)"
"src/data/chronicle.js","260","무릎을 접은 용","무릎을 접은 용"
"src/data/chronicle.js","263","「허, 내가 졌구나. 누구한테 져 보는 게 예순 해 만이다.」","「허, 내가 졌구나. 누구한테 져 보는 게 예순 해 만이다.」"
"src/data/chronicle.js","264","「어서 끝내라. 네 스승은 끝내 못 한 일이지만 너는 해야 하지 않겠느냐. 그 마을이 너한테 바라는 게 바로 그거니까.」","「어서 끝내라. 네 스승은 끝내 못 한 일이지만 너는 해야 하지 않겠느냐. 그 마을이 너한테 바라는 게 바로 그거니까.」"
"src/data/chronicle.js","267","이그나르는 눈을 감고 기다린다.","이그나르는 눈을 감고 기다린다."
"src/data/chronicle.js","270","끝낸다","끝낸다"
"src/data/chronicle.js","272","「카이론한테 전해 다오. 뒤에서 올려다보는 하늘도 생각보다 넓더라고.」","「카이론한테 전해 다오. 뒤에서 올려다보는 하늘도 생각보다 넓더라고.」"
"src/data/chronicle.js","273","나","나"
"src/data/chronicle.js","273","(마지막까지 그 얼굴에는 화난 기색이 없어서, 오히려 그게 제일 견디기 힘들었다.)","(마지막까지 그 얼굴에는 화난 기색이 없어서, 오히려 그게 제일 견디기 힘들었다.)"
"src/data/chronicle.js","278","같이 가자, 카이론이 기다리고 있다고 말하며 등을 내민다","같이 가자, 카이론이 기다리고 있다고 말하며 등을 내민다"
"src/data/chronicle.js","280","「…뭐라고?」","「…뭐라고?」"
"src/data/chronicle.js","281","나","나"
"src/data/chronicle.js","281","(엘더는 나한테 이기고 오라고 하지 않고, 어떻게 할지는 네가 정하라고 했다.)","(엘더는 나한테 이기고 오라고 하지 않고, 어떻게 할지는 네가 정하라고 했다.)"
"src/data/chronicle.js","282","「그 겁쟁이 카이론이 예순 해 동안이나 나를 기다렸다는 말이냐.」","「그 겁쟁이 카이론이 예순 해 동안이나 나를 기다렸다는 말이냐.」"
"src/data/chronicle.js","283","「누구 등에 업혀 보는 게 얼마 만인지 모르겠구나. 가는 길에 떨어뜨리지만 마라, 나는 떨어지는 거라면 아주 질색이니까.」","「누구 등에 업혀 보는 게 얼마 만인지 모르겠구나. 가는 길에 떨어뜨리지만 마라, 나는 떨어지는 거라면 아주 질색이니까.」"
"src/data/chronicle.js","290","문을 여는 자","문을 여는 자"
"src/data/chronicle.js","293","나","나"
"src/data/chronicle.js","293","(마을 어귀에 서니 등 뒤로 잿마루의 용들이 하늘을 까맣게 덮고 있다. 나팔이 울리는데, 이번에는 나 때문에 울리는 나팔이다.)","(마을 어귀에 서니 등 뒤로 잿마루의 용들이 하늘을 까맣게 덮고 있다. 나팔이 울리는데, 이번에는 나 때문에 울리는 나팔이다.)"
"src/data/chronicle.js","294","…어? 왔다! 돌아왔— …뒤에 저거 뭐야?","…어? 왔다! 돌아왔— …뒤에 저거 뭐야?"
"src/data/chronicle.js","295","포코, 이리 와. 지금 당장.","포코, 이리 와. 지금 당장."
"src/data/chronicle.js","296","야, 너 거기서 뭐 하는 거야. 왜 네가 그쪽에 서 있는데.","야, 너 거기서 뭐 하는 거야. 왜 네가 그쪽에 서 있는데."
"src/data/chronicle.js","297","다들 물러나 있어라. 내 제자니까 내가 막아야지.","다들 물러나 있어라. 내 제자니까 내가 막아야지."
"src/data/chronicle.js","298","형한테 무슨 말을 들었을지는 나도 짐작이 간다. 그놈은 틀린 말을 하는 법이 없으니 아마 다 맞는 말이었겠지. 그래도 너는 여기를 못 지나간다.","형한테 무슨 말을 들었을지는 나도 짐작이 간다. 그놈은 틀린 말을 하는 법이 없으니 아마 다 맞는 말이었겠지. 그래도 너는 여기를 못 지나간다."
"src/data/chronicle.js","304","불탄 도시","불탄 도시"
"src/data/chronicle.js","307","나","나"
"src/data/chronicle.js","307","(돌로 지은 집들이 끝도 없이 서 있다. 전부 지붕이 없다. 벽은 녹아서 흘러내리다 굳었다.)","(돌로 지은 집들이 끝도 없이 서 있다. 전부 지붕이 없다. 벽은 녹아서 흘러내리다 굳었다.)"
"src/data/chronicle.js","308","나","나"
"src/data/chronicle.js","308","(용의 굴 백 개를 합친 것보다 크다. 여기 살던 것들이 전부, 하룻밤에.)","(용의 굴 백 개를 합친 것보다 크다. 여기 살던 것들이 전부, 하룻밤에.)"
"src/data/chronicle.js","309","나","나"
"src/data/chronicle.js","309","(무너진 벽 하나에 그림이 남아 있다. 서툰 선이다. 아이가 그린 것 같다.)","(무너진 벽 하나에 그림이 남아 있다. 서툰 선이다. 아이가 그린 것 같다.)"
"src/data/chronicle.js","310","나","나"
"src/data/chronicle.js","310","(하늘에 검은 용이 하나. 입에서 붉은 선, 흰 선, 노란 선이 같이 나온다. 그 밑에 작은 것들이 누워 있다. 아주 많이.)","(하늘에 검은 용이 하나. 입에서 붉은 선, 흰 선, 노란 선이 같이 나온다. 그 밑에 작은 것들이 누워 있다. 아주 많이.)"
"src/data/chronicle.js","311","나","나"
"src/data/chronicle.js","311","(검은 용의 목에 누가 돌로 꾹꾹 눌러 새긴 무늬가 있다. 세 갈래로 갈라졌다가 다시 모이는 선.)","(검은 용의 목에 누가 돌로 꾹꾹 눌러 새긴 무늬가 있다. 세 갈래로 갈라졌다가 다시 모이는 선.)"
"src/data/chronicle.js","312","나","나"
"src/data/chronicle.js","312","(…내 목 아래에 있는 것과 똑같다.)","(…내 목 아래에 있는 것과 똑같다.)"
"src/data/chronicle.js","313","나","나"
"src/data/chronicle.js","313","(벽 아래에 마른 꽃이 놓여 있다. 시든 지 며칠 안 됐다. 예순 해가 지났는데, 아직도 누가 여기 온다.)","(벽 아래에 마른 꽃이 놓여 있다. 시든 지 며칠 안 됐다. 예순 해가 지났는데, 아직도 누가 여기 온다.)"
"src/data/chronicle.js","315","일지 [기록]에 적어 두었다.","일지 [기록]에 적어 두었다."
"src/data/chronicle.js","320","폭포의 두 줄","폭포의 두 줄"
"src/data/chronicle.js","323","나","나"
"src/data/chronicle.js","323","(폭포 아래에 용들이 두 줄로 서 있다. 한 줄은 우리 마을, 한 줄은 구름마루. 아무도 말을 안 한다.)","(폭포 아래에 용들이 두 줄로 서 있다. 한 줄은 우리 마을, 한 줄은 구름마루. 아무도 말을 안 한다.)"
"src/data/chronicle.js","324","한 발만 더 와 봐라.","한 발만 더 와 봐라."
"src/data/chronicle.js","325","나","나"
"src/data/chronicle.js","325","(그렇게 말하면서도 유안의 눈은 우리 쪽 줄을 빠르게 훑고 있다. 누군가를 찾는 것 같더니, 없는 걸 확인하고서야 다시 이를 드러냈다.)","(그렇게 말하면서도 유안의 눈은 우리 쪽 줄을 빠르게 훑고 있다. 누군가를 찾는 것 같더니, 없는 걸 확인하고서야 다시 이를 드러냈다.)"
"src/data/chronicle.js","326","유안, 네 자세를 누가 잡아 줬는지 잊었냐. 그 자세로는 나를 못 문다.","유안, 네 자세를 누가 잡아 줬는지 잊었냐. 그 자세로는 나를 못 문다."
"src/data/chronicle.js","327","…스승님은 빠지십시오. 이건 스승님 일이 아닙니다.","…스승님은 빠지십시오. 이건 스승님 일이 아닙니다."
"src/data/chronicle.js","328","스무 해 전에도 똑같은 소리를 들었다. 그때 빠졌더니 어떻게 됐는지는 너도 알 텐데.","스무 해 전에도 똑같은 소리를 들었다. 그때 빠졌더니 어떻게 됐는지는 너도 알 텐데."
"src/data/chronicle.js","329","저쪽이 먼저 언니를 물었잖아요!","저쪽이 먼저 언니를 물었잖아요!"
"src/data/chronicle.js","330","아니야! 너희가 먼저 우리 알 탓을—","아니야! 너희가 먼저 우리 알 탓을—"
"src/data/chronicle.js","331","나","나"
"src/data/chronicle.js","331","(그때, 아래쪽에서 길게 나팔 소리가 올라왔다. 마을 쪽이다.)","(그때, 아래쪽에서 길게 나팔 소리가 올라왔다. 마을 쪽이다.)"
"src/data/chronicle.js","332","…나팔? 지금? 마을에 누가 남았지?","…나팔? 지금? 마을에 누가 남았지?"
"src/data/chronicle.js","333","아빠랑… 그론 아저씨랑, 포코랑…","아빠랑… 그론 아저씨랑, 포코랑…"
"src/data/chronicle.js","334","전부 뛰어! 너는 먼저 가라, 네가 제일 빠르다!","전부 뛰어! 너는 먼저 가라, 네가 제일 빠르다!"
"src/data/chronicle.js","341","폭포의 두 그림자","폭포의 두 그림자"
"src/data/chronicle.js","344","나","나"
"src/data/chronicle.js","344","(해 질 녘의 폭포. 물안개 너머에 그림자가 둘 서 있다. 하나는 몸이 길다.)","(해 질 녘의 폭포. 물안개 너머에 그림자가 둘 서 있다. 하나는 몸이 길다.)"
"src/data/chronicle.js","345","…스무 해야, 유안. 길이 얼어 있는 동안 나 매일 저 밑에까지 왔었어. 올려다보기만 하고.","…스무 해야, 유안. 길이 얼어 있는 동안 나 매일 저 밑에까지 왔었어. 올려다보기만 하고."
"src/data/chronicle.js","346","알아. 위에서 보였어.","알아. 위에서 보였어."
"src/data/chronicle.js","347","봤으면서 한 번을 안 내려와?","봤으면서 한 번을 안 내려와?"
"src/data/chronicle.js","348","내려가면 다시 못 올라올 것 같아서.","내려가면 다시 못 올라올 것 같아서."
"src/data/chronicle.js","349","나","나"
"src/data/chronicle.js","349","(…저 유안이 맞나. 아랫것들이 밟을 데가 아니라던 그 유안이.)","(…저 유안이 맞나. 아랫것들이 밟을 데가 아니라던 그 유안이.)"
"src/data/chronicle.js","350","(홱 돌아본다.) 누구냐!","(홱 돌아본다.) 누구냐!"
"src/data/chronicle.js","351","…아. 너였구나.","…아. 너였구나."
"src/data/chronicle.js","355","들킬 뻔한 저녁","들킬 뻔한 저녁"
"src/data/chronicle.js","358","왔다! 쉿, 쉿. 오늘 유안 아저씨 순찰이 이쪽이야.","왔다! 쉿, 쉿. 오늘 유안 아저씨 순찰이 이쪽이야."
"src/data/chronicle.js","359","(멀리서) 하루! 거기 누구랑 있는 거냐!","(멀리서) 하루! 거기 누구랑 있는 거냐!"
"src/data/chronicle.js","360","으악.","으악."
"src/data/chronicle.js","361","(풀숲에서 불쑥 나온다.) 저예요, 유안 님. 약초 캐다가 길을 물었어요. 이 아이들은 길을 알려 준 것뿐이고요.","(풀숲에서 불쑥 나온다.) 저예요, 유안 님. 약초 캐다가 길을 물었어요. 이 아이들은 길을 알려 준 것뿐이고요."
"src/data/chronicle.js","362","…미라. …해 지기 전에 내려가시오.","…미라. …해 지기 전에 내려가시오."
"src/data/chronicle.js","363","나","나"
"src/data/chronicle.js","363","(유안이 미라를 아는 눈치다. 그것도 꽤 오래.)","(유안이 미라를 아는 눈치다. 그것도 꽤 오래.)"
"src/data/chronicle.js","364","(작게) 너희 조심해, 위에서는 생각보다 많이 보이거든. …나? 나는 진짜로 약초 캐러 온 거야.","(작게) 너희 조심해, 위에서는 생각보다 많이 보이거든. …나? 나는 진짜로 약초 캐러 온 거야."
"src/data/chronicle.js","370","망루의 밤","망루의 밤"
"src/data/chronicle.js","373","올라왔네. 조심해, 여기 난간이 낮아.","올라왔네. 조심해, 여기 난간이 낮아."
"src/data/chronicle.js","374","봐, 위에서 보면 마을이 손바닥만 해. 굴마다 불이 켜지는 순서도 다 보이고. 촌장님 굴은 늘 제일 늦게 꺼져.","봐, 위에서 보면 마을이 손바닥만 해. 굴마다 불이 켜지는 순서도 다 보이고. 촌장님 굴은 늘 제일 늦게 꺼져."
"src/data/chronicle.js","375","나는 습격이 없는 밤에도 여기 있어. 아무 일도 없는 밤을 위에서 세는 게, 이상하게 마음이 놓이거든.","나는 습격이 없는 밤에도 여기 있어. 아무 일도 없는 밤을 위에서 세는 게, 이상하게 마음이 놓이거든."
"src/data/chronicle.js","376","나","나"
"src/data/chronicle.js","376","(티아맷은 한참 동안 마을을 내려다보다가, 입술만 조금 움직였다. 뭔가를 세는 것 같았다.)","(티아맷은 한참 동안 마을을 내려다보다가, 입술만 조금 움직였다. 뭔가를 세는 것 같았다.)"
"src/data/chronicle.js","377","…아, 미안. 내려가서 얘기하자. 여기서는 말이 잘 안 나와.","…아, 미안. 내려가서 얘기하자. 여기서는 말이 잘 안 나와."
"src/data/chronicle.js","383","도란과 미루의 알","도란과 미루의 알"
"src/data/chronicle.js","386","저기, 너 잠깐만. …있잖아, 남한테 먼저 말하는 건 처음인데, 우리한테 알이 생겼어.","저기, 너 잠깐만. …있잖아, 남한테 먼저 말하는 건 처음인데, 우리한테 알이 생겼어."
"src/data/chronicle.js","387","(도란이 고기 꾸러미를 든 채로 멀뚱히 서 있다.) 낚시하다 말고 뛰어왔어. 고기는 세 마리여. 아니, 그게 중요한 게 아니고.","(도란이 고기 꾸러미를 든 채로 멀뚱히 서 있다.) 낚시하다 말고 뛰어왔어. 고기는 세 마리여. 아니, 그게 중요한 게 아니고."
"src/data/chronicle.js","388","스무 해 전에 하나 품었다가 깨지 않았어. 그 뒤로는 우리 둘 다 말을 안 꺼냈지. 이번에는… 이번에는 잘 됐으면 좋겠어.","스무 해 전에 하나 품었다가 깨지 않았어. 그 뒤로는 우리 둘 다 말을 안 꺼냈지. 이번에는… 이번에는 잘 됐으면 좋겠어."
"src/data/chronicle.js","389","알은 낚시랑 같아서 서두르면 안 되는 거여. 내가 옆에서 기다릴 거고. 자네도 가끔 들여다봐 주게. 그러면 잘 깰 것 같아.","알은 낚시랑 같아서 서두르면 안 되는 거여. 내가 옆에서 기다릴 거고. 자네도 가끔 들여다봐 주게. 그러면 잘 깰 것 같아."
"src/data/chronicle.js","391","도란과 미루의 알. 며칠 뒤에 다시 들여다보자.","도란과 미루의 알. 며칠 뒤에 다시 들여다보자."
"src/data/chronicle.js","394","깨어난 아침","깨어난 아침"
"src/data/chronicle.js","397","나","나"
"src/data/chronicle.js","397","(도란네 집 앞이 시끄럽다. 미루가 알 껍데기를 두 손에 든 채 울고 있고, 도란은 웃는 건지 우는 건지 모를 얼굴이다.)","(도란네 집 앞이 시끄럽다. 미루가 알 껍데기를 두 손에 든 채 울고 있고, 도란은 웃는 건지 우는 건지 모를 얼굴이다.)"
"src/data/chronicle.js","398","깼어. 깼어! 새벽에 톡톡 소리가 나더니… 이것 봐, 이 조그만 게 나를 보고 하품을 했어.","깼어. 깼어! 새벽에 톡톡 소리가 나더니… 이것 봐, 이 조그만 게 나를 보고 하품을 했어."
"src/data/chronicle.js","399","스무 해를 기다렸어. 낚시로 치면… 아니여, 낚시로 칠 게 아니지. 이건 그냥 내 새끼여.","스무 해를 기다렸어. 낚시로 치면… 아니여, 낚시로 칠 게 아니지. 이건 그냥 내 새끼여."
"src/data/chronicle.js","400","네가 들여다봐 준 덕이야. 그러니까 네가 이름을 지어 줘. 우리는 스무 해 동안 이름을 못 지어서, 이번에도 못 짓겠어.","네가 들여다봐 준 덕이야. 그러니까 네가 이름을 지어 줘. 우리는 스무 해 동안 이름을 못 지어서, 이번에도 못 짓겠어."
"src/data/chronicle.js","402","도란과 미루의 아이가 태어났다. 성체가 되면 놀아 줄 수 있다.","도란과 미루의 아이가 태어났다. 성체가 되면 놀아 줄 수 있다."
"src/data/chronicle.js","407","길을 막은 자","길을 막은 자"
"src/data/chronicle.js","410","나","나"
"src/data/chronicle.js","410","(길 양쪽 수풀에서 한꺼번에 발소리가 났다. 돌아보니 사방이 사냥꾼이다.)","(길 양쪽 수풀에서 한꺼번에 발소리가 났다. 돌아보니 사방이 사냥꾼이다.)"
"src/data/chronicle.js","411","마을에서는 늘 우리가 졌지. 망루가 있고, 동네 용들이 다 튀어나오니까. 그래서 오늘은 길에서 기다렸다.","마을에서는 늘 우리가 졌지. 망루가 있고, 동네 용들이 다 튀어나오니까. 그래서 오늘은 길에서 기다렸다."
"src/data/chronicle.js","412","나는 베르단이라고 한다. 네가 그 하늘에서 떨어졌다는 용이냐? 값을 제일 비싸게 쳐준다더군. 산 채로 가져가면 더.","나는 베르단이라고 한다. 네가 그 하늘에서 떨어졌다는 용이냐? 값을 제일 비싸게 쳐준다더군. 산 채로 가져가면 더."
"src/data/chronicle.js","413","나","나"
"src/data/chronicle.js","413","(멀리서 나팔 소리가 짧게 한 번 울렸다. 마을에서 눈치를 챈 모양인데, 여기까지 오려면 한참이다.)","(멀리서 나팔 소리가 짧게 한 번 울렸다. 마을에서 눈치를 챈 모양인데, 여기까지 오려면 한참이다.)"
"src/data/chronicle.js","414","쏴라. 날개부터.","쏴라. 날개부터."
"src/data/chronicle.js","420","경계석에 기대앉은 용","경계석에 기대앉은 용"
"src/data/chronicle.js","423","거기 서라. …도망가지 않아도 된다. 잡으러 온 게 아니라 물어볼 게 있어서 기다린 거다.","거기 서라. …도망가지 않아도 된다. 잡으러 온 게 아니라 물어볼 게 있어서 기다린 거다."
"src/data/chronicle.js","424","네가 그날 본 걸 우리 어른께 말할 생각이냐. 말한다고 해도 막을 생각은 없다. 막을 자격이 없으니까.","네가 그날 본 걸 우리 어른께 말할 생각이냐. 말한다고 해도 막을 생각은 없다. 막을 자격이 없으니까."
"src/data/chronicle.js","425","스무 해 전에 내 누이가 아랫마을 용한테 당했다. 그래서 나는 너희를 미워하기로 했고, 그게 제일 쉬웠다. 그런데 같은 싸움에서 다 죽어 가던 나를 살려 놓은 것도 아랫마을 용이었지.","스무 해 전에 내 누이가 아랫마을 용한테 당했다. 그래서 나는 너희를 미워하기로 했고, 그게 제일 쉬웠다. 그런데 같은 싸움에서 다 죽어 가던 나를 살려 놓은 것도 아랫마을 용이었지."
"src/data/chronicle.js","426","누이를 생각하면 그 애를 만나서는 안 되는데, 해가 기울기 시작하면 나도 모르게 폭포 쪽 경계부터 돌고 있다. 경계를 세 번씩 도는 건 너희를 막으려는 게 아니라 나를 막아 보려는 거다.","누이를 생각하면 그 애를 만나서는 안 되는데, 해가 기울기 시작하면 나도 모르게 폭포 쪽 경계부터 돌고 있다. 경계를 세 번씩 도는 건 너희를 막으려는 게 아니라 나를 막아 보려는 거다."
"src/data/chronicle.js","427","…이런 얘기를 아랫마을 꼬맹이한테 하고 있다니. 못 들은 걸로 해라. 그리고 그 애가 다치는 일이 생기면, 그때는 경계고 뭐고 없다는 것만 알아 둬라.","…이런 얘기를 아랫마을 꼬맹이한테 하고 있다니. 못 들은 걸로 해라. 그리고 그 애가 다치는 일이 생기면, 그때는 경계고 뭐고 없다는 것만 알아 둬라."
"src/data/chronicle.js","433","수련장의 심문","수련장의 심문"
"src/data/chronicle.js","436","야, 너 잠깐 이리 와 봐. 어제 우리 아빠랑 나란히 앉아 있던 용이 너 맞지? 아니라고 할 생각은 하지 마, 내가 두 눈으로 다 봤거든?","야, 너 잠깐 이리 와 봐. 어제 우리 아빠랑 나란히 앉아 있던 용이 너 맞지? 아니라고 할 생각은 하지 마, 내가 두 눈으로 다 봤거든?"
"src/data/chronicle.js","437","나","나"
"src/data/chronicle.js","437","(들켰다.)","(들켰다.)"
"src/data/chronicle.js","438","아니, 마을에 용이 몇인데 왜 하필 우리 아빠야? 우리 아빠 나이가 몇인 줄은 알아? 나도 정확히는 모르는데 아무튼 엄청 많단 말이야!","아니, 마을에 용이 몇인데 왜 하필 우리 아빠야? 우리 아빠 나이가 몇인 줄은 알아? 나도 정확히는 모르는데 아무튼 엄청 많단 말이야!"
"src/data/chronicle.js","439","잠깐만. 그럼 너희 둘이 잘되면 나는 너를 뭐라고 불러야 되는 거야? …아 몰라, 그건 죽어도 못 불러. 꿈도 꾸지 마.","잠깐만. 그럼 너희 둘이 잘되면 나는 너를 뭐라고 불러야 되는 거야? …아 몰라, 그건 죽어도 못 불러. 꿈도 꾸지 마."
"src/data/chronicle.js","440","(멀찍이서 듣고 있던 스승이 헛기침을 하더니 슬그머니 등을 돌린다. 어깨가 떨리는 걸 보니 웃음을 참고 있는 것 같다.)","(멀찍이서 듣고 있던 스승이 헛기침을 하더니 슬그머니 등을 돌린다. 어깨가 떨리는 걸 보니 웃음을 참고 있는 것 같다.)"
"src/data/chronicle.js","441","…근데 아빠가 요새 밥을 잘 드시긴 하더라. 엄마 돌아가시고 나서 아빠가 그렇게 웃는 건 나도 처음 봤어. 그러니까 우리 아빠 울리면 너 진짜 가만 안 둔다. 대련장에 끌고 와서 해 질 때까지 팰 거야.","…근데 아빠가 요새 밥을 잘 드시긴 하더라. 엄마 돌아가시고 나서 아빠가 그렇게 웃는 건 나도 처음 봤어. 그러니까 우리 아빠 울리면 너 진짜 가만 안 둔다. 대련장에 끌고 와서 해 질 때까지 팰 거야."
"src/data/chronicle.js","447","이동 석비","이동 석비"
"src/data/chronicle.js","450","나","나"
"src/data/chronicle.js","450","(길목에 낡은 돌기둥이 서 있다. 손을 얹자 푸른 무늬가 천천히 돌기 시작했다.)","(길목에 낡은 돌기둥이 서 있다. 손을 얹자 푸른 무늬가 천천히 돌기 시작했다.)"
"src/data/chronicle.js","451","(마을을 돌 때 엘더가 한 말이 떠올랐다.) 옛 용들이 길목마다 세워 둔 돌이다.","(마을을 돌 때 엘더가 한 말이 떠올랐다.) 옛 용들이 길목마다 세워 둔 돌이다."
"src/data/chronicle.js","452","한 번 깨워 두면 돌끼리 서로 울린다. 먼 길을 두 번 안 걸어도 된다.","한 번 깨워 두면 돌끼리 서로 울린다. 먼 길을 두 번 안 걸어도 된다."
"src/data/chronicle.js","454","깨운 석비끼리는 [E]로 건너뛸 수 있습니다.","깨운 석비끼리는 [E]로 건너뛸 수 있습니다."
"src/data/chronicle.js","457","땅 밑의 길","땅 밑의 길"
"src/data/chronicle.js","460","나","나"
"src/data/chronicle.js","460","(바위 틈으로 찬 바람이 올라온다. 아래로 이어지는 굴이다.)","(바위 틈으로 찬 바람이 올라온다. 아래로 이어지는 굴이다.)"
"src/data/chronicle.js","461","(그론이 투덜대며 하던 말이 떠올랐다.) 옛 용들이 파 둔 굴이 여기저기 있다.","(그론이 투덜대며 하던 말이 떠올랐다.) 옛 용들이 파 둔 굴이 여기저기 있다."
"src/data/chronicle.js","462","들어갈 때마다 길이 바뀐다. 깊이 갈수록 험한데, 그만큼 들고 나오는 것도 많다. 나는 무릎 때문에 못 간다.","들어갈 때마다 길이 바뀐다. 깊이 갈수록 험한데, 그만큼 들고 나오는 것도 많다. 나는 무릎 때문에 못 간다."
"src/data/chronicle.js","464","굴 입구에서 [E]로 들어갈 수 있습니다.","굴 입구에서 [E]로 들어갈 수 있습니다."
"src/data/chronicle.js","467","구름 위","구름 위"
"src/data/chronicle.js","470","나","나"
"src/data/chronicle.js","470","(구름이 발밑에 있다. 조각난 구름 사이로 아래 세상이 보인다. 폭포도, 마을도, 손톱만 하다.)","(구름이 발밑에 있다. 조각난 구름 사이로 아래 세상이 보인다. 폭포도, 마을도, 손톱만 하다.)"
"src/data/chronicle.js","471","나","나"
"src/data/chronicle.js","471","(구름 위에 돌이 있다. 누가 쌓았다. 오래전에. 하늘을 나는 용들이 여기서 뭔가를 했다.)","(구름 위에 돌이 있다. 누가 쌓았다. 오래전에. 하늘을 나는 용들이 여기서 뭔가를 했다.)"
"src/data/chronicle.js","472","나","나"
"src/data/chronicle.js","472","(떨어지던 날, 여기 어디쯤을 지났을 것이다. 그때는 위에서 아래로. 지금은 반대로 왔다.)","(떨어지던 날, 여기 어디쯤을 지났을 것이다. 그때는 위에서 아래로. 지금은 반대로 왔다.)"
"src/data/chronicle.js","474","구름 위에서는 배가 빨리 꺼진다. 구름 조각 위에서만 내려앉을 수 있다.","구름 위에서는 배가 빨리 꺼진다. 구름 조각 위에서만 내려앉을 수 있다."
"src/data/chronicle.js","478","옛 굴 터","옛 굴 터"
"src/data/chronicle.js","481","나","나"
"src/data/chronicle.js","481","(골짜기 안쪽 벼랑에 굴 입구들이 줄지어 뚫려 있다. 전부 비었고, 입구마다 발톱으로 긁은 자국이 이름처럼 남아 있다.)","(골짜기 안쪽 벼랑에 굴 입구들이 줄지어 뚫려 있다. 전부 비었고, 입구마다 발톱으로 긁은 자국이 이름처럼 남아 있다.)"
"src/data/chronicle.js","482","나","나"
"src/data/chronicle.js","482","(삼백 년 전에는 굴이 골짜기마다 있었다고 했다. 여기가 그 골짜기인 모양이다. 지금은 박쥐와 망령만 산다.)","(삼백 년 전에는 굴이 골짜기마다 있었다고 했다. 여기가 그 골짜기인 모양이다. 지금은 박쥐와 망령만 산다.)"
"src/data/chronicle.js","486","얼어붙은 망루","얼어붙은 망루"
"src/data/chronicle.js","489","나","나"
"src/data/chronicle.js","489","(능선 위에 무너진 망루가 얼음에 반쯤 잠겨 있다. 누가 여기서 봉우리를 지켜보고 있었던 것 같다.)","(능선 위에 무너진 망루가 얼음에 반쯤 잠겨 있다. 누가 여기서 봉우리를 지켜보고 있었던 것 같다.)"
"src/data/chronicle.js","490","나","나"
"src/data/chronicle.js","490","(얼음 속에 깃발 자락과 알 껍데기 조각이 같이 박혀 있다. 예순 해 전에 알을 맡기러 올라온 용들이 남긴 것일까.)","(얼음 속에 깃발 자락과 알 껍데기 조각이 같이 박혀 있다. 예순 해 전에 알을 맡기러 올라온 용들이 남긴 것일까.)"
"src/data/chronicle.js","494","묻힌 사당","묻힌 사당"
"src/data/chronicle.js","497","나","나"
"src/data/chronicle.js","497","(뿌리에 반쯤 삼켜진 돌 사당이 있다. 안쪽 벽에는 용 둘이 나란히 선 그림이 희미하게 남아 있다.)","(뿌리에 반쯤 삼켜진 돌 사당이 있다. 안쪽 벽에는 용 둘이 나란히 선 그림이 희미하게 남아 있다.)"
"src/data/chronicle.js","498","나","나"
"src/data/chronicle.js","498","(머리가 둘인 게 아니라 몸이 둘이다. 잘고라가 저주로 한 몸이 되기 전, 형제였던 때의 그림인 것 같다.)","(머리가 둘인 게 아니라 몸이 둘이다. 잘고라가 저주로 한 몸이 되기 전, 형제였던 때의 그림인 것 같다.)"
"src/data/chronicle.js","502","세 개의 깃발","세 개의 깃발"
"src/data/chronicle.js","505","나","나"
"src/data/chronicle.js","505","(모래 위에 낡은 깃발 세 개가 나란히 꽂혀 있다. 천은 다 바랬는데 자루에 새긴 이름은 아직 읽힌다.)","(모래 위에 낡은 깃발 세 개가 나란히 꽂혀 있다. 천은 다 바랬는데 자루에 새긴 이름은 아직 읽힌다.)"
"src/data/chronicle.js","506","나","나"
"src/data/chronicle.js","506","(그론이 벽에 걸어 둔 못 세 개가 생각났다. 여기가 그 셋이 마지막으로 선 자리인 모양이다. 혼자 기어 돌아온 길이 여기서 마을까지다.)","(그론이 벽에 걸어 둔 못 세 개가 생각났다. 여기가 그 셋이 마지막으로 선 자리인 모양이다. 혼자 기어 돌아온 길이 여기서 마을까지다.)"
"src/data/chronicle.js","510","잿마루의 문","잿마루의 문"
"src/data/chronicle.js","513","나","나"
"src/data/chronicle.js","513","(길을 가로질러 검은 돌문이 서 있다. 문 양쪽에 걸린 깃발에 무늬가 하나 — 내 목 아래 것과 같은 무늬다.)","(길을 가로질러 검은 돌문이 서 있다. 문 양쪽에 걸린 깃발에 무늬가 하나 — 내 목 아래 것과 같은 무늬다.)"
"src/data/chronicle.js","514","나","나"
"src/data/chronicle.js","514","(지키는 이가 없다. 누가 오든 그분이 위에서 다 보고 있다는 뜻인 것 같다.)","(지키는 이가 없다. 누가 오든 그분이 위에서 다 보고 있다는 뜻인 것 같다.)"
"src/data/chronicle.js","518","서리 봉우리","서리 봉우리"
"src/data/chronicle.js","520","나","나"
"src/data/chronicle.js","520","(숨을 쉴 때마다 하얀 김이 난다. 여기선 불꽃이 금방 식는다. 얼음 숨결은 더 매서워질 것 같다.)","(숨을 쉴 때마다 하얀 김이 난다. 여기선 불꽃이 금방 식는다. 얼음 숨결은 더 매서워질 것 같다.)"
"src/data/chronicle.js","524","벽에 새긴 것","벽에 새긴 것"
"src/data/chronicle.js","527","나","나"
"src/data/chronicle.js","527","(바위 벽에 무늬가 새겨져 있다. 내 목 아래 것과 같은 무늬다. 하나가 아니다. 수백 개다. 크기도 깊이도 제각각이다.)","(바위 벽에 무늬가 새겨져 있다. 내 목 아래 것과 같은 무늬다. 하나가 아니다. 수백 개다. 크기도 깊이도 제각각이다.)"
"src/data/chronicle.js","528","…따라왔다. 여기까지 혼자 보내기는 싫더라.","…따라왔다. 여기까지 혼자 보내기는 싫더라."
"src/data/chronicle.js","529","형이 한 짓이다. 제 목에 있는 무늬가 대체 뭔지 물어볼 데가 없으니까, 혼자 알아내 보겠다고 예순 해 동안 새기고 또 새긴 거지.","형이 한 짓이다. 제 목에 있는 무늬가 대체 뭔지 물어볼 데가 없으니까, 혼자 알아내 보겠다고 예순 해 동안 새기고 또 새긴 거지."
"src/data/chronicle.js","530","우리는 그걸 한 번도 같이 궁금해해 주지 않았다. 센 놈이니까 알아서 하겠거니 했지.","우리는 그걸 한 번도 같이 궁금해해 주지 않았다. 센 놈이니까 알아서 하겠거니 했지."
"src/data/chronicle.js","532","일지 [기록]에 적어 두었다.","일지 [기록]에 적어 두었다."
"src/data/chronicle.js","535","잿빛 화산","잿빛 화산"
"src/data/chronicle.js","538","나","나"
"src/data/chronicle.js","538","(발밑 돌이 따뜻하고, 화산 기슭을 따라 같은 크기의 집들이 같은 간격으로 줄지어 서 있다.)","(발밑 돌이 따뜻하고, 화산 기슭을 따라 같은 크기의 집들이 같은 간격으로 줄지어 서 있다.)"
"src/data/chronicle.js","539","나","나"
"src/data/chronicle.js","539","(용들이 우리 마을의 세 배는 되어 보일 만큼 많은데, 다들 살이 올라 있고 하늘을 올려다보는 용이 하나도 없다.)","(용들이 우리 마을의 세 배는 되어 보일 만큼 많은데, 다들 살이 올라 있고 하늘을 올려다보는 용이 하나도 없다.)"
"src/data/chronicle.js","540","거기서 멈춰라. …아, 네가 그 아이구나. 목에 있는 걸 보니 알겠다.","거기서 멈춰라. …아, 네가 그 아이구나. 목에 있는 걸 보니 알겠다."
"src/data/chronicle.js","541","나는 잿마루의 문을 지키는 베스나다. 너는 막지 말라고 그분이 미리 일러 두셨으니 들어와도 좋다. 여기서는 아무도 너를 해치지 않을 거다.","나는 잿마루의 문을 지키는 베스나다. 너는 막지 말라고 그분이 미리 일러 두셨으니 들어와도 좋다. 여기서는 아무도 너를 해치지 않을 거다."
"src/data/ceremony.js","13","불","불"
"src/data/ceremony.js","13","얼음","얼음"
"src/data/ceremony.js","13","번개","번개"
"src/data/ceremony.js","18","스승과 촌장","스승과 촌장"
"src/data/ceremony.js","20","허, 버티네. 생각보다 오래 갔다.","허, 버티네. 생각보다 오래 갔다."
"src/data/ceremony.js","21","영감, 봤소? 이 녀석 방금 한 뼘 컸소.","영감, 봤소? 이 녀석 방금 한 뼘 컸소."
"src/data/ceremony.js","22","벌써 말이냐? 떨어진 지 며칠이나 됐다고…","벌써 말이냐? 떨어진 지 며칠이나 됐다고…"
"src/data/ceremony.js","23","자세는 아직 엉망이오. 근데 맞으면서도 눈을 안 감습디다. 그건 가르쳐서 되는 게 아니거든.","자세는 아직 엉망이오. 근데 맞으면서도 눈을 안 감습디다. 그건 가르쳐서 되는 게 아니거든."
"src/data/ceremony.js","24","허허, 스무 해 만에 제자를 받더니 자랑이 늘었구나.","허허, 스무 해 만에 제자를 받더니 자랑이 늘었구나."
"src/data/ceremony.js","25","자랑은 무슨. 있는 대로 말한 거요.","자랑은 무슨. 있는 대로 말한 거요."
"src/data/ceremony.js","26","${c.name}, 밥은 잘 챙겨 먹고 다니느냐? 카이론 저놈은 저만 먹고 제자 밥은 안 챙긴단다.","${c.name}, 밥은 잘 챙겨 먹고 다니느냐? 카이론 저놈은 저만 먹고 제자 밥은 안 챙긴단다."
"src/data/ceremony.js","27","…그런데 카이론. 이 아이 목 아래, 그거 봤느냐.","…그런데 카이론. 이 아이 목 아래, 그거 봤느냐."
"src/data/ceremony.js","28","봤소. 떨어진 날엔 없었는데, 크면서 올라온 거요.","봤소. 떨어진 날엔 없었는데, 크면서 올라온 거요."
"src/data/ceremony.js","29","어느 집안 무늬도 아니로구나… 두고 보자꾸나. 너도 밤에 한번 잘 들여다보거라.","어느 집안 무늬도 아니로구나… 두고 보자꾸나. 너도 밤에 한번 잘 들여다보거라."
"src/data/ceremony.js","31","어린 용이 되었습니다. 스승이 조금 더 몰아붙일 것입니다.","어린 용이 되었습니다. 스승이 조금 더 몰아붙일 것입니다."
"src/data/ceremony.js","36","마을 앞에서","마을 앞에서"
"src/data/ceremony.js","38","이제 안 봐줘도 되겠군.","이제 안 봐줘도 되겠군."
"src/data/ceremony.js","39","모두 나와 보게. 할 말이 있다.","모두 나와 보게. 할 말이 있다."
"src/data/ceremony.js","40","이 아이가 오늘 어른의 몸이 되었다. ${BREATH[c.element] || '제'} 숨결을 제 것으로 다룬다.","이 아이가 오늘 어른의 몸이 되었다. ${BREATH[c.element] || '제'} 숨결을 제 것으로 다룬다."
"src/data/ceremony.js","41","이 아이가 처음 왔을 때 내보낼지 말지 한참 고민했다. 어디서 왔는지 모르니까.","이 아이가 처음 왔을 때 내보낼지 말지 한참 고민했다. 어디서 왔는지 모르니까."
"src/data/ceremony.js","42","이제 그 고민은 없다. ${c.name}은(는) 우리 마을 용이다. 손님이 아니다.","이제 그 고민은 없다. ${c.name}은(는) 우리 마을 용이다. 손님이 아니다."
"src/data/ceremony.js","43","진작에 그럴 것이지. 밥은 벌써 마을 몫으로 나가고 있었는데.","진작에 그럴 것이지. 밥은 벌써 마을 몫으로 나가고 있었는데."
"src/data/ceremony.js","44","(티아맷이 날개로 어깨를 쳤다.) 축하해. 이제 봐주면서 대련 안 해.","(티아맷이 날개로 어깨를 쳤다.) 축하해. 이제 봐주면서 대련 안 해."
"src/data/ceremony.js","45","우리 마을 용이다! 우리 마을 용! 야호!","우리 마을 용이다! 우리 마을 용! 야호!"
"src/data/ceremony.js","46","쳇. 먼저 갔다고 기다려 주진 않는다.","쳇. 먼저 갔다고 기다려 주진 않는다."
"src/data/ceremony.js","47","(자리가 파한 뒤 스승이 따로 불렀다.) 하나만 말해 두마.","(자리가 파한 뒤 스승이 따로 불렀다.) 하나만 말해 두마."
"src/data/ceremony.js","48","숨결을 여럿 쓰는 용은 원래 없다. …내가 아는 한 딱 하나 있었는데, 그게 너는 아니었지.","숨결을 여럿 쓰는 용은 원래 없다. …내가 아는 한 딱 하나 있었는데, 그게 너는 아니었지."
"src/data/ceremony.js","49","겁을 주려는 게 아니라 네가 알고 있어야 할 것 같아서 하는 말이다. 오늘은 여기까지만 하자.","겁을 주려는 게 아니라 네가 알고 있어야 할 것 같아서 하는 말이다. 오늘은 여기까지만 하자."
"src/data/ceremony.js","52","마을이 당신을 제 식구로 인정했습니다. 이제 날 수 있다 (Z).","마을이 당신을 제 식구로 인정했습니다. 이제 날 수 있다 (Z)."
"src/data/ceremony.js","57","스승을 넘은 날","스승을 넘은 날"
"src/data/ceremony.js","59","졌다.","졌다."
"src/data/ceremony.js","60","이런 날이 올 줄은 알았지만, 이렇게 빠를 줄은 몰랐다.","이런 날이 올 줄은 알았지만, 이렇게 빠를 줄은 몰랐다."
"src/data/ceremony.js","61","스무 해 동안 제자를 안 받은 건 겁이 나서였다. 또 잘못 가르칠까 봐.","스무 해 동안 제자를 안 받은 건 겁이 나서였다. 또 잘못 가르칠까 봐."
"src/data/ceremony.js","62","이제 내가 너한테 가르칠 건 없으니까 고개 들어라.","이제 내가 너한테 가르칠 건 없으니까 고개 들어라."
"src/data/ceremony.js","63","고룡이라. 내 평생 이 골짜기에서 세 번째로 보는구나.","고룡이라. 내 평생 이 골짜기에서 세 번째로 보는구나."
"src/data/ceremony.js","66","(폭포 위에서도 소식이 내려왔다.) 아래 마을 일에 끼어도 되겠소?","(폭포 위에서도 소식이 내려왔다.) 아래 마을 일에 끼어도 되겠소?"
"src/data/ceremony.js","67","백 년 만이군. 앉으시오, 리운.","백 년 만이군. 앉으시오, 리운."
"src/data/ceremony.js","68","두 마을 사이를 걸어서 오간 용은 이 아이가 처음이오. 힘센 용은 많아도 그런 용은 없었소.","두 마을 사이를 걸어서 오간 용은 이 아이가 처음이오. 힘센 용은 많아도 그런 용은 없었소."
"src/data/ceremony.js","71","다만 한 가지, 네가 아직 가 보지 않은 곳이 있다. 물소리가 나는 쪽이지.","다만 한 가지, 네가 아직 가 보지 않은 곳이 있다. 물소리가 나는 쪽이지."
"src/data/ceremony.js","73","오늘은 고기 좀 굽자. 그론, 화덕 살려라.","오늘은 고기 좀 굽자. 그론, 화덕 살려라."
"src/data/ceremony.js","74","(스승이 먼저 일어나며 낮게 말했다.) 네 목 아래 무늬. 어디서 봤나 했다.","(스승이 먼저 일어나며 낮게 말했다.) 네 목 아래 무늬. 어디서 봤나 했다."
"src/data/ceremony.js","75","형의 목에도 똑같은 무늬가 있었다. 그놈은 그게 뭔지 알아내겠다고 화산 벽에 수백 번을 새겨 봤지. 가 보면 알 거다. 갈 거면 나한테 말은 하고 가라.","형의 목에도 똑같은 무늬가 있었다. 그놈은 그게 뭔지 알아내겠다고 화산 벽에 수백 번을 새겨 봤지. 가 보면 알 거다. 갈 거면 나한테 말은 하고 가라."
"src/data/ceremony.js","78","고룡이 되었습니다. 스승이 더 가르칠 것이 없다고 합니다.","고룡이 되었습니다. 스승이 더 가르칠 것이 없다고 합니다."
"src/data/ceremony.js","83","셋이 하나가 되던 날","셋이 하나가 되던 날"
"src/data/ceremony.js","85","불과 얼음과 번개가 한 몸에. 얘기 속에만 있는 줄 알았다.","불과 얼음과 번개가 한 몸에. 얘기 속에만 있는 줄 알았다."
"src/data/ceremony.js","86","삼원룡. 마지막으로 이 이름을 불러 본 게 내가 태어나기 전이다.","삼원룡. 마지막으로 이 이름을 불러 본 게 내가 태어나기 전이다."
"src/data/ceremony.js","87","(엘더가 처음으로 고개를 숙였다.)","(엘더가 처음으로 고개를 숙였다.)"
"src/data/ceremony.js","88","이제는 내가 너를 올려다보는구나. 마을을 부탁한다.","이제는 내가 너를 올려다보는구나. 마을을 부탁한다."
"src/data/ceremony.js","89","(물에 비친 것이 흔들렸다.) 봤어. 네 앞의 갈림길이 하나로 모이는 거.","(물에 비친 것이 흔들렸다.) 봤어. 네 앞의 갈림길이 하나로 모이는 거."
"src/data/ceremony.js","90","형이 만들려던 게 이거였군. 그런데 형은 마을을 몰랐다. 그게 형과 너의 차이다.","형이 만들려던 게 이거였군. 그런데 형은 마을을 몰랐다. 그게 형과 너의 차이다."
"src/data/ceremony.js","93","삼원룡이 되었습니다.","삼원룡이 되었습니다."
"src/data/quests.js","31","낯선 아침","낯선 아침"
"src/data/quests.js","33","눈을 떠 보니 모르는 마을이다. 기억나는 건 떨어지던 느낌뿐.","눈을 떠 보니 모르는 마을이다. 기억나는 건 떨어지던 느낌뿐."
"src/data/quests.js","35","곁에 앉아 있는 늙은 용에게 말을 건다. ([WASD]로 걷고, 가까이 가서 [Space])","곁에 앉아 있는 늙은 용에게 말을 건다. ([WASD]로 걷고, 가까이 가서 [Space])"
"src/data/quests.js","36","포코를 따라 마을을 둘러본다.","포코를 따라 마을을 둘러본다."
"src/data/quests.js","38","광장의 허수아비 둘을 숨결로 부순다. (마우스로 겨누고 클릭, [Shift]로 대시)","광장의 허수아비 둘을 숨결로 부순다. (마우스로 겨누고 클릭, [Shift]로 대시)"
"src/data/quests.js","38","허수아비를 다 부쉈다. 엘더에게 돌아가자.","허수아비를 다 부쉈다. 엘더에게 돌아가자."
"src/data/quests.js","40","다 둘러보았느냐. 포코가 귀찮게 굴지는 않았고? 허허… 저 아이가 저렇게 신이 난 건 참 오랜만이구나.","다 둘러보았느냐. 포코가 귀찮게 굴지는 않았고? 허허… 저 아이가 저렇게 신이 난 건 참 오랜만이구나."
"src/data/quests.js","44","첫 사냥","첫 사냥"
"src/data/quests.js","45","몸은 좀 어떠냐. 움직일 만하거든 부탁 하나 하자꾸나.

동쪽 숲길에 [슬라임]이 부쩍 늘었단다. 세 마리만 잡아 주려무나. 무리하지는 말고… 네 숨결이 어떤지도 볼 겸 말이다.","몸은 좀 어떠냐. 움직일 만하거든 부탁 하나 하자꾸나.

동쪽 숲길에 [슬라임]이 부쩍 늘었단다. 세 마리만 잡아 주려무나. 무리하지는 말고… 네 숨결이 어떤지도 볼 겸 말이다."
"src/data/quests.js","46","엘더가 첫 일거리를 줬다. 밥값을 하라는 건지 몸을 풀라는 건지. 아마 둘 다.","엘더가 첫 일거리를 줬다. 밥값을 하라는 건지 몸을 풀라는 건지. 아마 둘 다."
"src/data/quests.js","50","마을 동쪽 문으로 나가 숲길에서 슬라임 세 마리를 잡는다. (마우스로 겨누고 클릭. 꾹 누르면 계속 나간다)","마을 동쪽 문으로 나가 숲길에서 슬라임 세 마리를 잡는다. (마우스로 겨누고 클릭. 꾹 누르면 계속 나간다)"
"src/data/quests.js","52","나","나"
"src/data/quests.js","52","(세 번째 슬라임이 터진 자리에 뭐가 떨어져 있다. 슬라임이 삼키고 있던 건가 보다.)","(세 번째 슬라임이 터진 자리에 뭐가 떨어져 있다. 슬라임이 삼키고 있던 건가 보다.)"
"src/data/quests.js","53","나","나"
"src/data/quests.js","53","(쇠붙이다. 갈고리처럼 휘었고 안쪽에 이빨이 나 있다. 뭔가의 다리를 물게 생겼다.)","(쇠붙이다. 갈고리처럼 휘었고 안쪽에 이빨이 나 있다. 뭔가의 다리를 물게 생겼다.)"
"src/data/quests.js","54","나","나"
"src/data/quests.js","54","(…이런 게 숲에서 그냥 자랄 리는 없는데.)","(…이런 게 숲에서 그냥 자랄 리는 없는데.)"
"src/data/quests.js","56","쇠붙이를 주웠다. 엘더에게 보여 주자.","쇠붙이를 주웠다. 엘더에게 보여 주자."
"src/data/quests.js","59","벌써 다 잡았느냐? 허허, 어린것이 숨결이 제법 맵구나. …잠깐, 네가 들고 있는 그건 어디서 난 게냐. 이리 좀 줘 보거라.","벌써 다 잡았느냐? 허허, 어린것이 숨결이 제법 맵구나. …잠깐, 네가 들고 있는 그건 어디서 난 게냐. 이리 좀 줘 보거라."
"src/data/quests.js","61","쇠붙이를 받아 든 엘더의 앞발이 아주 조금 떨렸다.","쇠붙이를 받아 든 엘더의 앞발이 아주 조금 떨렸다."
"src/data/quests.js","64","이게 뭐냐고 묻는다","이게 뭐냐고 묻는다"
"src/data/quests.js","66","…덫이란다. 인간들이 쓰는 물건이지.","…덫이란다. 인간들이 쓰는 물건이지."
"src/data/quests.js","67","사냥꾼들이야 가끔 숲 어귀를 기웃거렸지. 허나 이 안쪽 길까지 들어와 덫을 놓고 간 적은 없었단다…","사냥꾼들이야 가끔 숲 어귀를 기웃거렸지. 허나 이 안쪽 길까지 들어와 덫을 놓고 간 적은 없었단다…"
"src/data/quests.js","68","여길 보거라, 녹이 하나도 슬지 않았지. 놓고 간 지 며칠 안 됐다는 얘기란다.","여길 보거라, 녹이 하나도 슬지 않았지. 놓고 간 지 며칠 안 됐다는 얘기란다."
"src/data/quests.js","69","…이 얘기는 당분간 우리 둘만 알고 있자꾸나. 포코가 들으면 그 아이, 또 며칠을 못 잔단다.","…이 얘기는 당분간 우리 둘만 알고 있자꾸나. 포코가 들으면 그 아이, 또 며칠을 못 잔단다."
"src/data/quests.js","73","아무 말 없이 건넨다","아무 말 없이 건넨다"
"src/data/quests.js","76","나","나"
"src/data/quests.js","76","(엘더는 쇠붙이를 한참 들여다보더니 아무 말 없이 품에 넣었다.)","(엘더는 쇠붙이를 한참 들여다보더니 아무 말 없이 품에 넣었다.)"
"src/data/quests.js","77","…수고했다. 오늘은 그만 들어가 쉬거라. 첫날부터 너무 부려 먹었구나.","…수고했다. 오늘은 그만 들어가 쉬거라. 첫날부터 너무 부려 먹었구나."
"src/data/quests.js","78","나","나"
"src/data/quests.js","78","(처음 보는 물건을 보는 얼굴이 아니었다.)","(처음 보는 물건을 보는 얼굴이 아니었다.)"
"src/data/quests.js","85","자, 오늘은 이만 들어가 쉬거라. 네 굴은 포코가 알려 줬지? 서쪽 끝이란다.","자, 오늘은 이만 들어가 쉬거라. 네 굴은 포코가 알려 줬지? 서쪽 끝이란다."
"src/data/quests.js","86","푹 자고 내일 아침에 보자꾸나. 소개해 줄 놈이 하나 있단다.","푹 자고 내일 아침에 보자꾸나. 소개해 줄 놈이 하나 있단다."
"src/data/quests.js","91","자라나는 날개","자라나는 날개"
"src/data/quests.js","92","카이론한테 구르고 있다지? 허허… 그놈이 입은 험해도 가르치는 건 확실하단다.

그런데 네 몸이 아직 작아서 숨결에 힘이 덜 실리는구나. 용이 어떻게 자라는지는 카이론이 잘 안단다. 가서 한번 물어보려무나.","카이론한테 구르고 있다지? 허허… 그놈이 입은 험해도 가르치는 건 확실하단다.

그런데 네 몸이 아직 작아서 숨결에 힘이 덜 실리는구나. 용이 어떻게 자라는지는 카이론이 잘 안단다. 가서 한번 물어보려무나."
"src/data/quests.js","93","몸이 작으면 숨결도 약하다. 어떻게 해야 크는지는 스승이 안다고 한다.","몸이 작으면 숨결도 약하다. 어떻게 해야 크는지는 스승이 안다고 한다."
"src/data/quests.js","97","카이론에게 자라는 법을 묻는다.","카이론에게 자라는 법을 묻는다."
"src/data/quests.js","99","어떻게 크냐고? 밥 많이 먹고 잘 자면 큰다고 하면 농담 같겠지만, 반은 진짜다.","어떻게 크냐고? 밥 많이 먹고 잘 자면 큰다고 하면 농담 같겠지만, 반은 진짜다."
"src/data/quests.js","100","용은 말이다, 제 앞을 막는 놈을 넘어설 때 큰다. 그래서 몸이 늘 마음보다 한 발 늦어.","용은 말이다, 제 앞을 막는 놈을 넘어설 때 큰다. 그래서 몸이 늘 마음보다 한 발 늦어."
"src/data/quests.js","101","레벨 4쯤 되면 나한테 와서 [승급 시험]을 청해라. 내가 막아설 테니까 넘어 봐. 넘으면 그날로 한 뼘 큰다.","레벨 4쯤 되면 나한테 와서 [승급 시험]을 청해라. 내가 막아설 테니까 넘어 봐. 넘으면 그날로 한 뼘 큰다."
"src/data/quests.js","102","(허수아비 치던 나라가 끼어든다.) 나 지난달에 그거 하다 졌잖아. 너 나보다 먼저 붙으면 진짜 가만 안 둬.","(허수아비 치던 나라가 끼어든다.) 나 지난달에 그거 하다 졌잖아. 너 나보다 먼저 붙으면 진짜 가만 안 둬."
"src/data/quests.js","103","넌 시험 본 적 없다. 네가 멋대로 덤빈 거지.","넌 시험 본 적 없다. 네가 멋대로 덤빈 거지."
"src/data/quests.js","104","그게 그거죠!","그게 그거죠!"
"src/data/quests.js","109","레벨 4를 찍고 카이론에게 [승급 시험]을 청해, [어린 용]으로 자란다.","레벨 4를 찍고 카이론에게 [승급 시험]을 청해, [어린 용]으로 자란다."
"src/data/quests.js","112","오, 그새 날개가 넓어졌구나! 어디 좀 보자… 허허, 이제 제법 용 태가 난다. 카이론이 뭐라더냐? …아무 말도 안 했다고? 그놈은 원래 그렇단다. 속으로는 좋아서 어쩔 줄 모를 게다.","오, 그새 날개가 넓어졌구나! 어디 좀 보자… 허허, 이제 제법 용 태가 난다. 카이론이 뭐라더냐? …아무 말도 안 했다고? 그놈은 원래 그렇단다. 속으로는 좋아서 어쩔 줄 모를 게다."
"src/data/quests.js","117","나팔 소리","나팔 소리"
"src/data/quests.js","118","그 덫 말이다… 그 뒤로 티아맷이 숲 안쪽에서 두 개를 더 찾았단다. 발자국도 있었고.

오늘 밤은 마을에 있어 주려무나. 아무 일 없으면 좋으련만… 망루에 티아맷이 있으니, 가서 뭘 하면 되는지 물어보거라.","그 덫 말이다… 그 뒤로 티아맷이 숲 안쪽에서 두 개를 더 찾았단다. 발자국도 있었고.

오늘 밤은 마을에 있어 주려무나. 아무 일 없으면 좋으련만… 망루에 티아맷이 있으니, 가서 뭘 하면 되는지 물어보거라."
"src/data/quests.js","119","숲 안쪽에 덫이 늘고 있다. 엘더는 오늘 밤 마을에 있어 달라고 했다.","숲 안쪽에 덫이 늘고 있다. 엘더는 오늘 밤 마을에 있어 달라고 했다."
"src/data/quests.js","123","티아맷에게 오늘 밤 뭘 하면 되는지 묻는다. 화살표가 티아맷을 가리킨다. (누가 어디 있는지는 [J] 일지의 [마을 용들])","티아맷에게 오늘 밤 뭘 하면 되는지 묻는다. 화살표가 티아맷을 가리킨다. (누가 어디 있는지는 [J] 일지의 [마을 용들])"
"src/data/quests.js","125","촌장님이 보냈어? 그럼 하나만 기억해 둬. 나팔이 길게 한 번 울리면 사냥꾼이 왔다는 뜻이니까, 혼자 숲으로 쫓아 나가지 말고 바로 광장으로 와.","촌장님이 보냈어? 그럼 하나만 기억해 둬. 나팔이 길게 한 번 울리면 사냥꾼이 왔다는 뜻이니까, 혼자 숲으로 쫓아 나가지 말고 바로 광장으로 와."
"src/data/quests.js","126","쟤들은 우리를 잡으러 오는 게 아니야. 알을 가지러 와. 그러니까 둥지 쪽으로 뛰는 놈부터 막아.","쟤들은 우리를 잡으러 오는 게 아니야. 알을 가지러 와. 그러니까 둥지 쪽으로 뛰는 놈부터 막아."
"src/data/quests.js","127","(기둥 뒤에서 얼굴만 내밀고) …오늘 밤에 와? 진짜 와?","(기둥 뒤에서 얼굴만 내밀고) …오늘 밤에 와? 진짜 와?"
"src/data/quests.js","128","포코. 나팔 울리면 어디로 가라고 했지?","포코. 나팔 울리면 어디로 가라고 했지?"
"src/data/quests.js","129","…그론 아저씨네 모루 밑.","…그론 아저씨네 모루 밑."
"src/data/quests.js","130","그래, 뛰지 말고 걸어서 가. 뛰다가 넘어지면 더 무서워지니까.","그래, 뛰지 말고 걸어서 가. 뛰다가 넘어지면 더 무서워지니까."
"src/data/quests.js","131","(나를 돌아본다.) 너는 밤까지 쉬어 둬. 일찍 누워 있어도 괜찮아, 나팔이 울리면 어차피 깰 테니까.","(나를 돌아본다.) 너는 밤까지 쉬어 둬. 일찍 누워 있어도 괜찮아, 나팔이 울리면 어차피 깰 테니까."
"src/data/quests.js","136","밤이 되면 나팔이 울린다. 마을을 지킨다. (밤을 기다리거나, 내 굴의 둥지에 누워 본다)","밤이 되면 나팔이 울린다. 마을을 지킨다. (밤을 기다리거나, 내 굴의 둥지에 누워 본다)"
"src/data/quests.js","138","나","나"
"src/data/quests.js","138","(마지막 사냥꾼이 달아나면서 뭘 떨어뜨렸다. 둘둘 만 가죽, 그리고 부러진 칼.)","(마지막 사냥꾼이 달아나면서 뭘 떨어뜨렸다. 둘둘 만 가죽, 그리고 부러진 칼.)"
"src/data/quests.js","139","나","나"
"src/data/quests.js","139","(가죽을 펴 보니 선이 그어져 있다. 호수, 폭포, 동쪽 숲길… 그리고 마을. 마을 자리에만 붉은 동그라미가 쳐져 있다.)","(가죽을 펴 보니 선이 그어져 있다. 호수, 폭포, 동쪽 숲길… 그리고 마을. 마을 자리에만 붉은 동그라미가 쳐져 있다.)"
"src/data/quests.js","140","(망루에서 내려온 티아맷이 어깨 너머로 들여다본다.) …그거 이리 줘 봐.","(망루에서 내려온 티아맷이 어깨 너머로 들여다본다.) …그거 이리 줘 봐."
"src/data/quests.js","142","사냥꾼의 지도와 부러진 칼을 주웠다. 티아맷이 뭔가 아는 눈치다.","사냥꾼의 지도와 부러진 칼을 주웠다. 티아맷이 뭔가 아는 눈치다."
"src/data/quests.js","146","티아맷에게 사냥꾼의 지도에 대해 묻는다.","티아맷에게 사냥꾼의 지도에 대해 묻는다."
"src/data/quests.js","148","이런 거, 이번이 세 장째야. 셋 다 같은 손이 그렸어. 선 긋는 버릇이 똑같아.","이런 거, 이번이 세 장째야. 셋 다 같은 손이 그렸어. 선 긋는 버릇이 똑같아."
"src/data/quests.js","149","인간은 이 숲에서 길을 못 찾아. 나무가 다 똑같이 생겼거든. 나도 어릴 땐 집을 못 찾아서 울었어.","인간은 이 숲에서 길을 못 찾아. 나무가 다 똑같이 생겼거든. 나도 어릴 땐 집을 못 찾아서 울었어."
"src/data/quests.js","150","근데 이건 너무 정확해. 호수에서 마을까지 한 번을 안 틀렸어. 걸어 다니면서 그린 게 아니야.","근데 이건 너무 정확해. 호수에서 마을까지 한 번을 안 틀렸어. 걸어 다니면서 그린 게 아니야."
"src/data/quests.js","151","날면서 위에서 내려다보고 그린 거야.","날면서 위에서 내려다보고 그린 거야."
"src/data/quests.js","152","나","나"
"src/data/quests.js","152","(이 숲에서 나는 건 우리뿐인데.)","(이 숲에서 나는 건 우리뿐인데.)"
"src/data/quests.js","153","…가죽은 내가 촌장님한테 가져갈게. 너는 그 부러진 칼을 그론 아저씨한테 갖다줘. 쇠는 아저씨가 제일 잘 봐.","…가죽은 내가 촌장님한테 가져갈게. 너는 그 부러진 칼을 그론 아저씨한테 갖다줘. 쇠는 아저씨가 제일 잘 봐."
"src/data/quests.js","158","대장간의 그론에게 사냥꾼의 부러진 칼을 보여 준다.","대장간의 그론에게 사냥꾼의 부러진 칼을 보여 준다."
"src/data/quests.js","160","오, 전리품이다! 어디 봐 봐. 우와, 이거 진짜 인간 칼이야? 나 처음 봐!","오, 전리품이다! 어디 봐 봐. 우와, 이거 진짜 인간 칼이야? 나 처음 봐!"
"src/data/quests.js","161","만지지 마라, 손 벤다. …이리 줘 봐.","만지지 마라, 손 벤다. …이리 줘 봐."
"src/data/quests.js","162","(칼날을 불빛에 비춰 보더니 코웃음을 친다.) 쇠는 좋은데 담금질이 엉망이야. 급하게 많이 찍어 낸 거다. 한두 놈 쓰자고 만든 게 아니라는 얘기지.","(칼날을 불빛에 비춰 보더니 코웃음을 친다.) 쇠는 좋은데 담금질이 엉망이야. 급하게 많이 찍어 낸 거다. 한두 놈 쓰자고 만든 게 아니라는 얘기지."
"src/data/quests.js","163","그게 무슨 뜻인데요?","그게 무슨 뜻인데요?"
"src/data/quests.js","164","더 온다는 뜻이다. 풀무나 밟아.","더 온다는 뜻이다. 풀무나 밟아."
"src/data/quests.js","165","…야, 꼬맹이. 어젯밤에 너 싸우는 걸 봤는데 비늘이 아직 물러서, 그 몸으로 자꾸 앞에 서다가는 오래 못 간다.","…야, 꼬맹이. 어젯밤에 너 싸우는 걸 봤는데 비늘이 아직 물러서, 그 몸으로 자꾸 앞에 서다가는 오래 못 간다."
"src/data/quests.js","166","좀 더 크면 와라. 몸에 맞는 걸 하나 만들어 주마. 지금 만들어 봐야 한 달이면 작아져서 못 써.","좀 더 크면 와라. 몸에 맞는 걸 하나 만들어 주마. 지금 만들어 봐야 한 달이면 작아져서 못 써."
"src/data/quests.js","167","(귓속말) 아저씨가 먼저 만들어 준다고 하는 거, 나 처음 봐.","(귓속말) 아저씨가 먼저 만들어 준다고 하는 거, 나 처음 봐."
"src/data/quests.js","168","다 들린다.","다 들린다."
"src/data/quests.js","170","그론이 언젠가 몸에 맞는 걸 만들어 주겠다고 했다.","그론이 언젠가 몸에 맞는 걸 만들어 주겠다고 했다."
"src/data/quests.js","173","밤새 고생했구나. 어디 다친 데는 없느냐? …티아맷이 그 가죽을 가져왔더구나. 너도 봤겠지.","밤새 고생했구나. 어디 다친 데는 없느냐? …티아맷이 그 가죽을 가져왔더구나. 너도 봤겠지."
"src/data/quests.js","175","엘더는 가죽 지도를 접었다 폈다 하고 있다.","엘더는 가죽 지도를 접었다 폈다 하고 있다."
"src/data/quests.js","178","누가 그린 거냐고 묻는다","누가 그린 거냐고 묻는다"
"src/data/quests.js","180","…용이란다. 우리 마을 용은 아니고.","…용이란다. 우리 마을 용은 아니고."
"src/data/quests.js","181","예순 해 전에 인간과 큰 싸움이 있었단다. 그 싸움을 끝낸 용이 있었지. 인간의 도시를 통째로 태워서 말이다.","예순 해 전에 인간과 큰 싸움이 있었단다. 그 싸움을 끝낸 용이 있었지. 인간의 도시를 통째로 태워서 말이다."
"src/data/quests.js","182","그 뒤로 그 아이는… 우리와 생각이 달라졌단다. 마을을 떠났고, 따라간 용들도 있었지.","그 뒤로 그 아이는… 우리와 생각이 달라졌단다. 마을을 떠났고, 따라간 용들도 있었지."
"src/data/quests.js","183","왜 이런 짓을 하는지는 나도 모르겠구나. 이름은… 아직은 묻지 말아 다오. 입에 올리기가 쉽지 않은 이름이란다.","왜 이런 짓을 하는지는 나도 모르겠구나. 이름은… 아직은 묻지 말아 다오. 입에 올리기가 쉽지 않은 이름이란다."
"src/data/quests.js","187","지금은 묻지 않는다","지금은 묻지 않는다"
"src/data/quests.js","189","…묻지 않는구나. 고맙다.","…묻지 않는구나. 고맙다."
"src/data/quests.js","190","때가 되면 내가 먼저 말하마. 입이 무거워서가 아니라… 나도 아직 믿고 싶지가 않아서 그렇단다.","때가 되면 내가 먼저 말하마. 입이 무거워서가 아니라… 나도 아직 믿고 싶지가 않아서 그렇단다."
"src/data/quests.js","199","골짜기의 옛 수호룡","골짜기의 옛 수호룡"
"src/data/quests.js","200","동쪽 숲길 너머 달빛 골짜기에서 밤마다 울음이 들린다고 한다","동쪽 숲길 너머 달빛 골짜기에서 밤마다 울음이 들린다고 한다"
"src/data/quests.js","201","골짜기에서 우는 건 [모르가스] 어른이란다. 우리 마을의 수호룡이셨지… 보내 드려야 하는데, 우리 늙은이들은 차마 손을 못 댔구나.

다만 골짜기 안쪽의 냉기는 어린 몸으로는 못 견딘단다. 카이론에게 가서 성체 시험을 청하려무나. 그 애도 이제는 허락할 게다.","골짜기에서 우는 건 [모르가스] 어른이란다. 우리 마을의 수호룡이셨지… 보내 드려야 하는데, 우리 늙은이들은 차마 손을 못 댔구나.

다만 골짜기 안쪽의 냉기는 어린 몸으로는 못 견딘단다. 카이론에게 가서 성체 시험을 청하려무나. 그 애도 이제는 허락할 게다."
"src/data/quests.js","202","모르가스는 예순 해 전까지 웨스턴 마을의 수호룡이었다. 죽고도 골짜기를 떠나지 못했고, 그 냉기가 폭포로 가는 길을 얼려 놓았다. 제자인 카이론은 차마 손을 못 댄다.","모르가스는 예순 해 전까지 웨스턴 마을의 수호룡이었다. 죽고도 골짜기를 떠나지 못했고, 그 냉기가 폭포로 가는 길을 얼려 놓았다. 제자인 카이론은 차마 손을 못 댄다."
"src/data/quests.js","207","골짜기 안쪽의 냉기는 어린 몸으로는 못 견딘다. 카이론에게 [성체 승급 시험]을 청한다. (레벨 8 · 기본기 둘)","골짜기 안쪽의 냉기는 어린 몸으로는 못 견딘다. 카이론에게 [성체 승급 시험]을 청한다. (레벨 8 · 기본기 둘)"
"src/data/quests.js","209","…됐다. 이제 성체다. 골짜기 안쪽에 들어가도 얼어 죽지는 않겠구나.","…됐다. 이제 성체다. 골짜기 안쪽에 들어가도 얼어 죽지는 않겠구나."
"src/data/quests.js","210","모르가스 어른은 내 스승이셨다. 내가 못 하는 일을 너한테 시키는 게 부끄럽다만, 네가 가서 뵙는 게 맞는 것 같다.","모르가스 어른은 내 스승이셨다. 내가 못 하는 일을 너한테 시키는 게 부끄럽다만, 네가 가서 뵙는 게 맞는 것 같다."
"src/data/quests.js","211","가거든 뼈만 남았다고 함부로 대하지 마라. 그래도 우리 마을 수호룡이셨으니까.","가거든 뼈만 남았다고 함부로 대하지 마라. 그래도 우리 마을 수호룡이셨으니까."
"src/data/quests.js","216","달빛 골짜기를 지나 잊힌 골짜기 끝, 옛 수호룡의 무덤로 간다.","달빛 골짜기를 지나 잊힌 골짜기 끝, 옛 수호룡의 무덤로 간다."
"src/data/quests.js","218","(뼈가 무너져 앉는다. 무너지면서, 처음으로 울음이 아니라 말이 나왔다.)","(뼈가 무너져 앉는다. 무너지면서, 처음으로 울음이 아니라 말이 나왔다.)"
"src/data/quests.js","219","「……고맙다. 오래 기다렸다.」","「……고맙다. 오래 기다렸다.」"
"src/data/quests.js","220","「그 아이를 막지 못했다. 그래서 갈 수가 없었지. 또 누가 마을을 태우러 올까 봐.」","「그 아이를 막지 못했다. 그래서 갈 수가 없었지. 또 누가 마을을 태우러 올까 봐.」"
"src/data/quests.js","221","「너한테서는 그 아이와 같은 하늘 냄새가 나는구나. …아니다, 눈빛은 그 아이와 다르구나.」","「너한테서는 그 아이와 같은 하늘 냄새가 나는구나. …아니다, 눈빛은 그 아이와 다르구나.」"
"src/data/quests.js","222","「내 숨결을 가져가거라. 빼앗기는 게 아니라 내가 주는 것이니 온전히 네 것이 될 게다.」","「내 숨결을 가져가거라. 빼앗기는 게 아니라 내가 주는 것이니 온전히 네 것이 될 게다.」"
"src/data/quests.js","223","나","나"
"src/data/quests.js","223","(가슴 안쪽이 시리다. 숨을 내쉬니 입에서 흰 김이 났다.)","(가슴 안쪽이 시리다. 숨을 내쉬니 입에서 흰 김이 났다.)"
"src/data/quests.js","224","「카이론에게 전해 다오. 네 탓이 아니었다고. …그리고 잔소리 좀 줄이라고.」","「카이론에게 전해 다오. 네 탓이 아니었다고. …그리고 잔소리 좀 줄이라고.」"
"src/data/quests.js","226","냉기의 숨결을 물려받았다. 카이론에게 스승의 말을 전하자.","냉기의 숨결을 물려받았다. 카이론에게 스승의 말을 전하자."
"src/data/quests.js","230","카이론에게 모르가스가 남긴 말을 전한다.","카이론에게 모르가스가 남긴 말을 전한다."
"src/data/quests.js","232","…끝났냐.","…끝났냐."
"src/data/quests.js","233","내 탓이 아니라고 하셨다고. (한참 말이 없다.) …그 양반은 끝까지 그런 소리만 하신다.","내 탓이 아니라고 하셨다고. (한참 말이 없다.) …그 양반은 끝까지 그런 소리만 하신다."
"src/data/quests.js","234","잔소리를 줄이라고 하셨다고? 허, 내 잔소리는 전부 그분한테 배운 건데 누가 누구한테 할 소린지 모르겠다.","잔소리를 줄이라고 하셨다고? 허, 내 잔소리는 전부 그분한테 배운 건데 누가 누구한테 할 소린지 모르겠다."
"src/data/quests.js","235","…잠깐, 불 뿜는 놈이 왜 입김이 허옇게 나오냐.","…잠깐, 불 뿜는 놈이 왜 입김이 허옇게 나오냐."
"src/data/quests.js","236","숨결이 둘이라고? (얼굴이 굳는다.) …그런 용은 내 평생 딱 하나 봤다.","숨결이 둘이라고? (얼굴이 굳는다.) …그런 용은 내 평생 딱 하나 봤다."
"src/data/quests.js","237","아니다, 그 얘기는 나중에 하자. 영감한테는 내가 먼저 말해 둘 테니까 너는 호수 북쪽으로 가서 폭포 길이 녹았는지나 보고 와라.","아니다, 그 얘기는 나중에 하자. 영감한테는 내가 먼저 말해 둘 테니까 너는 호수 북쪽으로 가서 폭포 길이 녹았는지나 보고 와라."
"src/data/quests.js","242","호수 북쪽, 얼어 있던 길을 지나 구름 폭포까지 가 본다.","호수 북쪽, 얼어 있던 길을 지나 구름 폭포까지 가 본다."
"src/data/quests.js","243","길이 녹아 있었다. 엘더에게 돌아가 알리자.","길이 녹아 있었다. 엘더에게 돌아가 알리자."
"src/data/quests.js","246","모르가스 어른을 보내 드렸다지… 고맙구나. 그건 우리 늙은이들이 진작에 했어야 할 일인데.","모르가스 어른을 보내 드렸다지… 고맙구나. 그건 우리 늙은이들이 진작에 했어야 할 일인데."
"src/data/quests.js","248","카이론한테 들었단다. 네 숨결이 둘이 되었다고.","카이론한테 들었단다. 네 숨결이 둘이 되었다고."
"src/data/quests.js","249","…드래곤은 말이다, 하나의 속성만 가지고 태어난단다. 내가 아는 한은 그랬지. 딱 한 번을 빼고는.","…드래곤은 말이다, 하나의 속성만 가지고 태어난단다. 내가 아는 한은 그랬지. 딱 한 번을 빼고는."
"src/data/quests.js","250","나","나"
"src/data/quests.js","250","(엘더의 얼굴이 아주 잠깐, 처음 보는 표정이 됐다.)","(엘더의 얼굴이 아주 잠깐, 처음 보는 표정이 됐다.)"
"src/data/quests.js","251","아니다, 아니야. 겁낼 것 없다. 네가 무엇이든 너는 우리 마을 아이란다. …다만 네가 어디서 왔는지는, 이제 정말 알아봐야겠구나.","아니다, 아니야. 겁낼 것 없다. 네가 무엇이든 너는 우리 마을 아이란다. …다만 네가 어디서 왔는지는, 이제 정말 알아봐야겠구나."
"src/data/quests.js","252","폭포의 세이란이라는 아이가 물에 비친 것을 읽는단다. 저쪽 마을 용이라 내가 부탁하기는 어렵다만… 너라면 말을 들어줄지도 모르지.","폭포의 세이란이라는 아이가 물에 비친 것을 읽는단다. 저쪽 마을 용이라 내가 부탁하기는 어렵다만… 너라면 말을 들어줄지도 모르지."
"src/data/quests.js","257","굶는 계절","굶는 계절"
"src/data/quests.js","258","요새 밥상이 부실하지? 미안하구나… 남쪽 사냥터에 못 들어간 지가 꽤 됐단다. 거기 자리를 잡은 놈이 있어서 말이다.

티아맷이 남쪽 길을 제일 잘 안단다. 가서 얘기를 들어 보려무나.","요새 밥상이 부실하지? 미안하구나… 남쪽 사냥터에 못 들어간 지가 꽤 됐단다. 거기 자리를 잡은 놈이 있어서 말이다.

티아맷이 남쪽 길을 제일 잘 안단다. 가서 얘기를 들어 보려무나."
"src/data/quests.js","259","마을의 고기가 떨어져 간다. 남쪽 밀림의 사냥터를 머리 둘 달린 용이 차지하고 있기 때문이다.","마을의 고기가 떨어져 간다. 남쪽 밀림의 사냥터를 머리 둘 달린 용이 차지하고 있기 때문이다."
"src/data/quests.js","263","티아맷에게 남쪽 사냥터 이야기를 듣는다.","티아맷에게 남쪽 사냥터 이야기를 듣는다."
"src/data/quests.js","265","남쪽? …잘고라 얘기구나.","남쪽? …잘고라 얘기구나."
"src/data/quests.js","266","원래는 우리 마을에 살던 형제였대. 예순 해 전에 '그 용'을 따라서 마을을 나갔다고 하더라.","원래는 우리 마을에 살던 형제였대. 예순 해 전에 '그 용'을 따라서 마을을 나갔다고 하더라."
"src/data/quests.js","267","몇 해 전에 돌아왔는데, 돌아온 게 저 꼴이야. 몸은 하나고 머리는 둘. 서로 자기가 왕이라고 싸우면서, 밀림에 들어오는 건 뭐든 쫓아내.","몇 해 전에 돌아왔는데, 돌아온 게 저 꼴이야. 몸은 하나고 머리는 둘. 서로 자기가 왕이라고 싸우면서, 밀림에 들어오는 건 뭐든 쫓아내."
"src/data/quests.js","268","나도 두 번 갔다가 두 번 다 쫓겨났어. 한쪽 머리를 보고 있으면 다른 쪽이 물어. 혼자서는 힘들어.","나도 두 번 갔다가 두 번 다 쫓겨났어. 한쪽 머리를 보고 있으면 다른 쪽이 물어. 혼자서는 힘들어."
"src/data/quests.js","269","가려면 단단히 먹고 가. …아, 먹을 게 없어서 가는 거지. 미안.","가려면 단단히 먹고 가. …아, 먹을 게 없어서 가는 거지. 미안."
"src/data/quests.js","274","남쪽 숲길을 지나 환영의 밀림 동쪽, 뿌리 미궁 너머 쌍두룡의 둥지로 간다.","남쪽 숲길을 지나 환영의 밀림 동쪽, 뿌리 미궁 너머 쌍두룡의 둥지로 간다."
"src/data/quests.js","276","(두 목이 같이 떨어진다. 떨어지기 직전에, 둘이 처음으로 같은 말을 했다.)","(두 목이 같이 떨어진다. 떨어지기 직전에, 둘이 처음으로 같은 말을 했다.)"
"src/data/quests.js","277","「형.」 「형.」","「형.」 「형.」"
"src/data/quests.js","278","나","나"
"src/data/quests.js","278","(둘 다 자기가 동생인 줄 알고 있었다.)","(둘 다 자기가 동생인 줄 알고 있었다.)"
"src/data/quests.js","279","「…따라가면 강해진댔어. 다시는 안 뺏긴댔어.」 「근데 제일 먼저 뺏긴 게 우리 숨이었어.」","「…따라가면 강해진댔어. 다시는 안 뺏긴댔어.」 「근데 제일 먼저 뺏긴 게 우리 숨이었어.」"
"src/data/quests.js","280","「이제 남은 건 이것뿐이니까 네가 가져가. 너는 달라고 한 적이 없잖아.」","「이제 남은 건 이것뿐이니까 네가 가져가. 너는 달라고 한 적이 없잖아.」"
"src/data/quests.js","281","나","나"
"src/data/quests.js","281","(발끝이 저릿하다. 비늘 사이로 작은 불꽃이 튀었다.)","(발끝이 저릿하다. 비늘 사이로 작은 불꽃이 튀었다.)"
"src/data/quests.js","283","번개의 숨결을 물려받았다. 티아맷에게 돌아가자.","번개의 숨결을 물려받았다. 티아맷에게 돌아가자."
"src/data/quests.js","287","티아맷에게 잘고라의 마지막을 이야기한다.","티아맷에게 잘고라의 마지막을 이야기한다."
"src/data/quests.js","289","둘 다 형을 불렀다고?","둘 다 형을 불렀다고?"
"src/data/quests.js","290","…이름을 알아야 하는데. 저렇게 가면 불러 줄 이름이 없잖아.","…이름을 알아야 하는데. 저렇게 가면 불러 줄 이름이 없잖아."
"src/data/quests.js","291","나는 우리 가족 여섯 명 이름을 다 외우고 있어. 안 잊어버리려고 밤마다 망루에서 순서대로 불러 보거든.","나는 우리 가족 여섯 명 이름을 다 외우고 있어. 안 잊어버리려고 밤마다 망루에서 순서대로 불러 보거든."
"src/data/quests.js","292","쟤네 이름은 촌장님이 아실 테니까 내가 여쭤볼게. 그러면 일곱 번째, 여덟 번째로 같이 불러 주면 되잖아.","쟤네 이름은 촌장님이 아실 테니까 내가 여쭤볼게. 그러면 일곱 번째, 여덟 번째로 같이 불러 주면 되잖아."
"src/data/quests.js","293","…그리고 고마워. 내일부터 남쪽으로 사냥 나갈 수 있겠다. 포코가 고기 타령을 좀 덜 하겠네.","…그리고 고마워. 내일부터 남쪽으로 사냥 나갈 수 있겠다. 포코가 고기 타령을 좀 덜 하겠네."
"src/data/quests.js","297","오… 번개까지 다루게 되었구나. 숨결이 셋이라… 허허, 이제는 놀라지도 않으마.

그 형제는 리크와 로크란다. 말썽은 부려도 착한 아이들이었지… 이름을 물어 준 건 티아맷이 처음이구나.","오… 번개까지 다루게 되었구나. 숨결이 셋이라… 허허, 이제는 놀라지도 않으마.

그 형제는 리크와 로크란다. 말썽은 부려도 착한 아이들이었지… 이름을 물어 준 건 티아맷이 처음이구나."
"src/data/quests.js","302","달이 가장 밝은 밤","달이 가장 밝은 밤"
"src/data/quests.js","304","폭포 길이 열렸다는 소식이 저쪽에도 갔던 모양이다. 구름마루에서 기별이 왔단다. 스무 해 만에 달맞이 모임을 다시 열자고.

달이 기울 때까지 밤마다 폭포 아래에 불을 피우기로 했단다. 해가 지거든 너도 오너라. 다들 너를 보고 싶어 한단다.","폭포 길이 열렸다는 소식이 저쪽에도 갔던 모양이다. 구름마루에서 기별이 왔단다. 스무 해 만에 달맞이 모임을 다시 열자고.

달이 기울 때까지 밤마다 폭포 아래에 불을 피우기로 했단다. 해가 지거든 너도 오너라. 다들 너를 보고 싶어 한단다."
"src/data/quests.js","305","두 마을은 스무 해 전까지 달이 밝은 밤마다 폭포 아래에 모였다고 한다. 그 모임이 다시 선다.","두 마을은 스무 해 전까지 달이 밝은 밤마다 폭포 아래에 모였다고 한다. 그 모임이 다시 선다."
"src/data/quests.js","307","해가 진 뒤(저녁 8시부터) 구름 폭포 아래로 간다.","해가 진 뒤(저녁 8시부터) 구름 폭포 아래로 간다."
"src/data/quests.js","308","리운이 올라와도 좋다고 했다. 폭포 위 구름마루 마을에 올라가 본다.","리운이 올라와도 좋다고 했다. 폭포 위 구름마루 마을에 올라가 본다."
"src/data/quests.js","310","왔구나. 물에 물어봐 주기로 약속했으니까 이리 와서 물가에 서 봐.","왔구나. 물에 물어봐 주기로 약속했으니까 이리 와서 물가에 서 봐."
"src/data/quests.js","312","(세이란이 물에 앞발을 담그고 한참 들여다본다.)","(세이란이 물에 앞발을 담그고 한참 들여다본다.)"
"src/data/quests.js","313","…구름보다도 높은 데가 보여. 돌로 지은 둥지가 잔뜩 있는데 전부 비어 있어.","…구름보다도 높은 데가 보여. 돌로 지은 둥지가 잔뜩 있는데 전부 비어 있어."
"src/data/quests.js","314","알 껍데기가 하나, 아니 둘 있네. 하나는 아주 오래됐고 하나는 깨진 지 얼마 안 된 거야.","알 껍데기가 하나, 아니 둘 있네. 하나는 아주 오래됐고 하나는 깨진 지 얼마 안 된 거야."
"src/data/quests.js","315","여기까지야. 물은 본 것만 말해 주지, 뜻은 안 알려 줘.","여기까지야. 물은 본 것만 말해 주지, 뜻은 안 알려 줘."
"src/data/quests.js","316","구름보다 위면 [구름 위] 말하는 거 아니에요? 우리 마을 북쪽 끝에서 더 올라가면 있다던데. 걸어서는 못 가고 날아야 된대!","구름보다 위면 [구름 위] 말하는 거 아니에요? 우리 마을 북쪽 끝에서 더 올라가면 있다던데. 걸어서는 못 가고 날아야 된대!"
"src/data/quests.js","317","하루, 넌 언제부터 듣고 있었니.","하루, 넌 언제부터 듣고 있었니."
"src/data/quests.js","322","맡긴 알","맡긴 알"
"src/data/quests.js","323","마을로 돌아가 본다. 무언가 이상하다","마을로 돌아가 본다. 무언가 이상하다"
"src/data/quests.js","324","예순 해 전에 두 마을이 알을 전부 글라시아에게 맡겼단다. 그 봉우리가 이제야 열리려나 보구나. 리운이 부른다니 가 보거라.","예순 해 전에 두 마을이 알을 전부 글라시아에게 맡겼단다. 그 봉우리가 이제야 열리려나 보구나. 리운이 부른다니 가 보거라."
"src/data/quests.js","325","예순 해 전 전쟁 때, 두 마을은 알을 전부 북쪽 봉우리의 글라시아에게 맡겼다. 봉우리는 그 뒤로 닫혔고, 이제 그 냉기가 두 마을까지 내려온다.","예순 해 전 전쟁 때, 두 마을은 알을 전부 북쪽 봉우리의 글라시아에게 맡겼다. 봉우리는 그 뒤로 닫혔고, 이제 그 냉기가 두 마을까지 내려온다."
"src/data/quests.js","329","폭포 위 구름마루의 어른, 리운을 찾아간다.","폭포 위 구름마루의 어른, 리운을 찾아간다."
"src/data/quests.js","331","왔는가. 앉게. …아니, 앉을 때가 아니지.","왔는가. 앉게. …아니, 앉을 때가 아니지."
"src/data/quests.js","332","봉우리의 냉기가 예순 해 만에 터져 나왔소. 글라시아가 버티다 못한 게요. 저 안에 우리 알이 있고, 그대들 알도 있소.","봉우리의 냉기가 예순 해 만에 터져 나왔소. 글라시아가 버티다 못한 게요. 저 안에 우리 알이 있고, 그대들 알도 있소."
"src/data/quests.js","333","어른. 아랫마을과 같이 움직이자는 말씀이십니까. 스무 해 전에 저들이—","어른. 아랫마을과 같이 움직이자는 말씀이십니까. 스무 해 전에 저들이—"
"src/data/quests.js","334","유안. 그 알 중에는 네 누이의 것도 있다.","유안. 그 알 중에는 네 누이의 것도 있다."
"src/data/quests.js","336","(뒤늦게 올라온 티아맷이 숨을 고른다.) 웨스턴에서는 제가 갑니다. 촌장님 대신이에요.","(뒤늦게 올라온 티아맷이 숨을 고른다.) 웨스턴에서는 제가 갑니다. 촌장님 대신이에요."
"src/data/quests.js","337","좋소. 구름마루에서는 유안이 가오. 허나 그 추위 속으로 먼저 들어갈 수 있는 건 이 아이뿐이오. 냉기를 품은 용이니.","좋소. 구름마루에서는 유안이 가오. 허나 그 추위 속으로 먼저 들어갈 수 있는 건 이 아이뿐이오. 냉기를 품은 용이니."
"src/data/quests.js","338","…유안이라고 했죠. 등 뒤에서 물지만 마요.","…유안이라고 했죠. 등 뒤에서 물지만 마요."
"src/data/quests.js","339","그건 내가 할 말이다.","그건 내가 할 말이다."
"src/data/quests.js","344","달빛 골짜기 북쪽의 서리 고개와 얼음 능선을 넘어, 봉우리의 결투장으로 간다. 탄막은 [Shift] 대시로 피한다.","달빛 골짜기 북쪽의 서리 고개와 얼음 능선을 넘어, 봉우리의 결투장으로 간다. 탄막은 [Shift] 대시로 피한다."
"src/data/quests.js","346","(얼음이 갈라지는 소리 사이로 여왕이 말한다.)","(얼음이 갈라지는 소리 사이로 여왕이 말한다.)"
"src/data/quests.js","347","「나는 숨어 있던 게 아니라 지키고 있었던 것이다.」","「나는 숨어 있던 게 아니라 지키고 있었던 것이다.」"
"src/data/quests.js","348","「예순 개였다. 너희 마을 것, 폭포 위 마을 것. 얼려 두면 아무도 못 깨뜨릴 줄 알았지.」","「예순 개였다. 너희 마을 것, 폭포 위 마을 것. 얼려 두면 아무도 못 깨뜨릴 줄 알았지.」"
"src/data/quests.js","349","「…첫 겨울을 못 넘기고 전부 얼어 죽었다. 지키겠다고 얼린 내 손에 죽은 것이다.」","「…첫 겨울을 못 넘기고 전부 얼어 죽었다. 지키겠다고 얼린 내 손에 죽은 것이다.」"
"src/data/quests.js","350","「그 말을 차마 할 수가 없어서 예순 해 동안 문을 닫고 있었다.」","「그 말을 차마 할 수가 없어서 예순 해 동안 문을 닫고 있었다.」"
"src/data/quests.js","351","나","나"
"src/data/quests.js","351","(산이 녹기 시작한다. 물 흐르는 소리가 아주 오래 났다. 얼음 밑으로 둥근 것들이 줄지어 드러난다.)","(산이 녹기 시작한다. 물 흐르는 소리가 아주 오래 났다. 얼음 밑으로 둥근 것들이 줄지어 드러난다.)"
"src/data/quests.js","352","(뒤따라 올라온 티아맷이 멈춰 선다.) …이게 다야? 하나도… 하나도 없어?","(뒤따라 올라온 티아맷이 멈춰 선다.) …이게 다야? 하나도… 하나도 없어?"
"src/data/quests.js","353","여기다 맡기자고 한 건 너희 촌장이었다.","여기다 맡기자고 한 건 너희 촌장이었다."
"src/data/quests.js","354","봉우리를 고른 건 그쪽 어른이잖아!","봉우리를 고른 건 그쪽 어른이잖아!"
"src/data/quests.js","355","(이를 드러낸다.) 다시 말해 봐라.","(이를 드러낸다.) 다시 말해 봐라."
"src/data/quests.js","356","나","나"
"src/data/quests.js","356","(둘 사이에 끼어들었다. 둘 다 물러서긴 했지만, 서로 눈을 떼지 않았다.)","(둘 사이에 끼어들었다. 둘 다 물러서긴 했지만, 서로 눈을 떼지 않았다.)"
"src/data/quests.js","358","눈이 그쳤다. 마을로 돌아가자. 포코가 광장에서 기다린다.","눈이 그쳤다. 마을로 돌아가자. 포코가 광장에서 기다린다."
"src/data/quests.js","362","마을 광장의 포코에게 돌아간다.","마을 광장의 포코에게 돌아간다."
"src/data/quests.js","364","눈 그쳤어! 네가 그친 거지? 그런 거지?!","눈 그쳤어! 네가 그친 거지? 그런 거지?!"
"src/data/quests.js","365","나 눈사람 만들었었는데. 봐, 이만큼 녹았어. 이제 머리만 남았어.","나 눈사람 만들었었는데. 봐, 이만큼 녹았어. 이제 머리만 남았어."
"src/data/quests.js","366","……근데 눈 내리게 한 용은 어떻게 됐어?","……근데 눈 내리게 한 용은 어떻게 됐어?"
"src/data/quests.js","367","나","나"
"src/data/quests.js","367","(뭐라고 해야 할지 몰라서 잠깐 가만히 있었다.)","(뭐라고 해야 할지 몰라서 잠깐 가만히 있었다.)"
"src/data/quests.js","368","……아, 알겠어. 안 물을게.","……아, 알겠어. 안 물을게."
"src/data/quests.js","369","그럼 이 눈사람은 그 용 거로 하자. 마지막 남은 거니까. 안 녹을 때까지 안 부술게.","그럼 이 눈사람은 그 용 거로 하자. 마지막 남은 거니까. 안 녹을 때까지 안 부술게."
"src/data/quests.js","373","…들었단다. 하나도 남지 않았다고.","…들었단다. 하나도 남지 않았다고."
"src/data/quests.js","375","그 알 중에 하나는 내 것이었단다. 살았으면 나라의 언니나 오라비가 되었을 아이지. 언젠가는 찾으러 가야지 하면서 예순 해를 보냈구나… 허허, 늙은이가 주책이다.","그 알 중에 하나는 내 것이었단다. 살았으면 나라의 언니나 오라비가 되었을 아이지. 언젠가는 찾으러 가야지 하면서 예순 해를 보냈구나… 허허, 늙은이가 주책이다."
"src/data/quests.js","376","(문을 박차고 들어온다.) 아빠! 폭포에서 싸움 났어! 위 마을 애들이랑 우리 쪽이랑! 티아맷 언니가 말리다가 다쳤어!","(문을 박차고 들어온다.) 아빠! 폭포에서 싸움 났어! 위 마을 애들이랑 우리 쪽이랑! 티아맷 언니가 말리다가 다쳤어!"
"src/data/quests.js","377","…기어이.","…기어이."
"src/data/quests.js","378","아이야, 오늘은 그만 쉬거라. 내일부터는… 마을이 시끄러워질 게다.","아이야, 오늘은 그만 쉬거라. 내일부터는… 마을이 시끄러워질 게다."
"src/data/quests.js","383","전쟁","전쟁"
"src/data/quests.js","384","티아맷이 다쳤단다. 깊지는 않다만… 저쪽에서도 어린것 하나가 날개를 다쳤다더구나. 서로 먼저 물었다고 하지.

미라가 티아맷을 보고 있단다. 가서 얼굴이라도 보고 오너라. 나는 리운에게 보낼 말을 골라야겠구나…","티아맷이 다쳤단다. 깊지는 않다만… 저쪽에서도 어린것 하나가 날개를 다쳤다더구나. 서로 먼저 물었다고 하지.

미라가 티아맷을 보고 있단다. 가서 얼굴이라도 보고 오너라. 나는 리운에게 보낼 말을 골라야겠구나…"
"src/data/quests.js","385","죽은 알 앞에서 시작된 말다툼이 폭포에서 피를 봤다. 스무 해 전에도 이렇게 시작했다고, 어른들은 말한다.","죽은 알 앞에서 시작된 말다툼이 폭포에서 피를 봤다. 스무 해 전에도 이렇게 시작했다고, 어른들은 말한다."
"src/data/quests.js","389","다친 티아맷을 보러 간다.","다친 티아맷을 보러 간다."
"src/data/quests.js","391","왔어? 그냥 좀 긁힌 건데 미라가 호들갑을 떠는 거야.","왔어? 그냥 좀 긁힌 건데 미라가 호들갑을 떠는 거야."
"src/data/quests.js","392","날개막이 찢어졌는데 긁힌 거라고? 사흘은 날지 마.","날개막이 찢어졌는데 긁힌 거라고? 사흘은 날지 마."
"src/data/quests.js","393","…내가 먼저 문 거 아니야. 진짜야. 우리 쪽 애들이 알 얘기를 꺼냈고, 저쪽 애가 발끈했고, 말리려고 들어갔는데 누가 뒤에서 물었어.","…내가 먼저 문 거 아니야. 진짜야. 우리 쪽 애들이 알 얘기를 꺼냈고, 저쪽 애가 발끈했고, 말리려고 들어갔는데 누가 뒤에서 물었어."
"src/data/quests.js","394","근데 웃긴 게 뭔지 알아? 저쪽도 똑같이 말할 거야. 자기들이 먼저 안 물었다고.","근데 웃긴 게 뭔지 알아? 저쪽도 똑같이 말할 거야. 자기들이 먼저 안 물었다고."
"src/data/quests.js","395","카이론 아저씨가 애들 데리고 폭포로 갔어. 말리러 간 건지 싸우러 간 건지 나도 모르겠어. 네가 좀 가 봐. 나는 사흘은 못 난대.","카이론 아저씨가 애들 데리고 폭포로 갔어. 말리러 간 건지 싸우러 간 건지 나도 모르겠어. 네가 좀 가 봐. 나는 사흘은 못 난대."
"src/data/quests.js","400","구름 폭포로 간다. 카이론과 마을 용들이 가 있다.","구름 폭포로 간다. 카이론과 마을 용들이 가 있다."
"src/data/quests.js","404","마을이 습격당하고 있다! 싸울 수 있는 용들은 전부 폭포에 가 있다.","마을이 습격당하고 있다! 싸울 수 있는 용들은 전부 폭포에 가 있다."
"src/data/quests.js","407","나","나"
"src/data/quests.js","407","(마지막 사냥꾼이 쓰러졌다. 광장이 조용하다. 너무 조용하다.)","(마지막 사냥꾼이 쓰러졌다. 광장이 조용하다. 너무 조용하다.)"
"src/data/quests.js","408","아저씨! 아저씨, 일어나 봐요! 아저씨!!","아저씨! 아저씨, 일어나 봐요! 아저씨!!"
"src/data/quests.js","409","나","나"
"src/data/quests.js","409","(대장간 앞에 그론이 엎드려 있다. 등에 화살이 여러 대 꽂혀 있고, 그 밑에서 뭔가 꿈틀거린다.)","(대장간 앞에 그론이 엎드려 있다. 등에 화살이 여러 대 꽂혀 있고, 그 밑에서 뭔가 꿈틀거린다.)"
"src/data/quests.js","410","(그론의 날개 밑에서 기어 나온다.) …아저씨가, 아저씨가 나 덮었어. 모루 밑에 있으랬는데 내가, 내가 무서워서 나왔는데…","(그론의 날개 밑에서 기어 나온다.) …아저씨가, 아저씨가 나 덮었어. 모루 밑에 있으랬는데 내가, 내가 무서워서 나왔는데…"
"src/data/quests.js","411","…시끄럽다. 안 죽었다, 아직.","…시끄럽다. 안 죽었다, 아직."
"src/data/quests.js","412","꼬맹이. 너 주려고 만들던 거… 화덕 옆에 있다. 아직 덜 됐어. 엠버 저놈이 마저 하면… 쓸 만은 할 거다.","꼬맹이. 너 주려고 만들던 거… 화덕 옆에 있다. 아직 덜 됐어. 엠버 저놈이 마저 하면… 쓸 만은 할 거다."
"src/data/quests.js","413","안 해요! 아저씨가 해요! 아저씨가 끝까지 하라고요!","안 해요! 아저씨가 해요! 아저씨가 끝까지 하라고요!"
"src/data/quests.js","414","…풀무나 밟아라, 이놈아.","…풀무나 밟아라, 이놈아."
"src/data/quests.js","415","나","나"
"src/data/quests.js","415","(그게 마지막이었다.)","(그게 마지막이었다.)"
"src/data/quests.js","420","…오늘은 아무것도 할 수 없다. 굴로 돌아가 눕는다.","…오늘은 아무것도 할 수 없다. 굴로 돌아가 눕는다."
"src/data/quests.js","422","나","나"
"src/data/quests.js","422","(아침. 마을 용들이 전부 대장간 앞에 모여 있다. 구름마루에서도 몇이 내려와, 멀찍이 서 있다.)","(아침. 마을 용들이 전부 대장간 앞에 모여 있다. 구름마루에서도 몇이 내려와, 멀찍이 서 있다.)"
"src/data/quests.js","423","그론은 말이다… 이 마을에 제일 먼저 굴을 판 용이었단다. 투덜대면서, 남의 굴까지 다 파 줬지.","그론은 말이다… 이 마을에 제일 먼저 굴을 판 용이었단다. 투덜대면서, 남의 굴까지 다 파 줬지."
"src/data/quests.js","424","영감. 어제 우리가 폭포에 안 갔으면—","영감. 어제 우리가 폭포에 안 갔으면—"
"src/data/quests.js","425","그만해라, 카이론. 그 말은 나도 밤새 했다.","그만해라, 카이론. 그 말은 나도 밤새 했다."
"src/data/quests.js","426","…우리가 그대들을 폭포에 묶어 두었소. 그 틈에 이리 되었으니, 구름마루도 빚을 졌소.","…우리가 그대들을 폭포에 묶어 두었소. 그 틈에 이리 되었으니, 구름마루도 빚을 졌소."
"src/data/quests.js","427","나","나"
"src/data/quests.js","427","(유안이 무리에서 나와 미라 옆에 가서 선다. 아무도 뭐라고 하지 않았다.)","(유안이 무리에서 나와 미라 옆에 가서 선다. 아무도 뭐라고 하지 않았다.)"
"src/data/quests.js","428","나","나"
"src/data/quests.js","428","(포코는 아무 말도 안 한다. 그론의 망치를 두 발로 꼭 쥐고 있다.)","(포코는 아무 말도 안 한다. 그론의 망치를 두 발로 꼭 쥐고 있다.)"
"src/data/quests.js","429","나","나"
"src/data/quests.js","429","(엠버는 화덕 앞에 쪼그리고 앉아 부싯돌만 치고 있다. 불이 안 붙는다.)","(엠버는 화덕 앞에 쪼그리고 앉아 부싯돌만 치고 있다. 불이 안 붙는다.)"
"src/data/quests.js","433","…와 주었구나. 앉거라.","…와 주었구나. 앉거라."
"src/data/quests.js","435","어제 온 놈들은 예전 사냥꾼들과 달랐단다. 우리가 폭포에 몰려가 있다는 걸 알고 온 게야. 길만 아는 게 아니라… 우리 사정까지 아는 누군가가 있다는 얘기지.","어제 온 놈들은 예전 사냥꾼들과 달랐단다. 우리가 폭포에 몰려가 있다는 걸 알고 온 게야. 길만 아는 게 아니라… 우리 사정까지 아는 누군가가 있다는 얘기지."
"src/data/quests.js","436","마을에서 수군대는 소리, 너도 들었을 게다. 숨결을 여럿 가진 아이가 온 뒤로 일이 터진다고. 예순 해 전에도 그랬다고.","마을에서 수군대는 소리, 너도 들었을 게다. 숨결을 여럿 가진 아이가 온 뒤로 일이 터진다고. 예순 해 전에도 그랬다고."
"src/data/quests.js","437","귀담아듣지 말거라. …허나 모른 척하라고는 못 하겠구나. 너도 알아야 하니. 그 용의 이름은 [이그나르]란다. 너처럼 하늘에서 떨어졌고, 우리가 거둬 길렀지.","귀담아듣지 말거라. …허나 모른 척하라고는 못 하겠구나. 너도 알아야 하니. 그 용의 이름은 [이그나르]란다. 너처럼 하늘에서 떨어졌고, 우리가 거둬 길렀지."
"src/data/quests.js","438","사막 너머에 그 아이가 태운 도시가 있단다. 가 보면… 우리가 누구와 싸우고 있는지 알게 될 게다.","사막 너머에 그 아이가 태운 도시가 있단다. 가 보면… 우리가 누구와 싸우고 있는지 알게 될 게다."
"src/data/quests.js","443","죽은 사구의 폭군","죽은 사구의 폭군"
"src/data/quests.js","444","엘더가 말한 사막 너머의 도시. 남쪽 숲길 서쪽 문으로 나가 죽은 사구로 간다","엘더가 말한 사막 너머의 도시. 남쪽 숲길 서쪽 문으로 나가 죽은 사구로 간다"
"src/data/quests.js","445","[남서쪽 끝] 사막의 모래 폭군 [바실]. 젊은 그론의 무릎을, 그리고 동료 셋을 앗아간 놈이다.","[남서쪽 끝] 사막의 모래 폭군 [바실]. 젊은 그론의 무릎을, 그리고 동료 셋을 앗아간 놈이다."
"src/data/quests.js","446","그론이 대장간 밖을 나가지 않던 이유. 젊은 그론은 동료 셋과 사막에 갔다가 혼자 기어 돌아왔다. 사막 너머로 가려면 그 길을 지나야 한다.","그론이 대장간 밖을 나가지 않던 이유. 젊은 그론은 동료 셋과 사막에 갔다가 혼자 기어 돌아왔다. 사막 너머로 가려면 그 길을 지나야 한다."
"src/data/quests.js","450","죽은 사구 남쪽의 세 깃발 사구를 지나 모래 폭군의 둥지로 간다. 붉은 예고선이 보이면 대시로 피한다.","죽은 사구 남쪽의 세 깃발 사구를 지나 모래 폭군의 둥지로 간다. 붉은 예고선이 보이면 대시로 피한다."
"src/data/quests.js","452","나","나"
"src/data/quests.js","452","(모래가 가라앉는다. 폭군이 지나다닌 길이 드러났다.)","(모래가 가라앉는다. 폭군이 지나다닌 길이 드러났다.)"
"src/data/quests.js","453","나","나"
"src/data/quests.js","453","(길 끝에 창이 셋 꽂혀 있다. 부러진 채로. 아주 오래전에 여기서 멈춘 것들이다.)","(길 끝에 창이 셋 꽂혀 있다. 부러진 채로. 아주 오래전에 여기서 멈춘 것들이다.)"
"src/data/quests.js","454","나","나"
"src/data/quests.js","454","(그론이 만든 창이다. 손잡이 감는 법이 대장간의 망치 자루와 똑같다.)","(그론이 만든 창이다. 손잡이 감는 법이 대장간의 망치 자루와 똑같다.)"
"src/data/quests.js","455","나","나"
"src/data/quests.js","455","(하나를 뽑아 들었다. 무겁다. …가져다줄 용은 이제 없는데.)","(하나를 뽑아 들었다. 무겁다. …가져다줄 용은 이제 없는데.)"
"src/data/quests.js","457","부러진 창을 들었다. 대장간으로 가져가자.","부러진 창을 들었다. 대장간으로 가져가자."
"src/data/quests.js","460","(엠버가 창을 받아 들고 손잡이를 한참 만진다.) …이거 아저씨가 감은 거네. 감는 법이 똑같아. 나한테도 이렇게 감으라고 백 번은 혼냈거든.","(엠버가 창을 받아 들고 손잡이를 한참 만진다.) …이거 아저씨가 감은 거네. 감는 법이 똑같아. 나한테도 이렇게 감으라고 백 번은 혼냈거든."
"src/data/quests.js","462","엠버가 창을 든 채로 나를 본다.","엠버가 창을 든 채로 나를 본다."
"src/data/quests.js","465","""아저씨 곁에 꽂아 두자""","""아저씨 곁에 꽂아 두자"""
"src/data/quests.js","467","…그래, 그게 맞겠다. 아저씨가 그 셋 얘기는 죽어도 안 했는데, 술만 마시면 루반, 미아, 도르그 하고 이름을 부르곤 했거든.","…그래, 그게 맞겠다. 아저씨가 그 셋 얘기는 죽어도 안 했는데, 술만 마시면 루반, 미아, 도르그 하고 이름을 부르곤 했거든."
"src/data/quests.js","468","나","나"
"src/data/quests.js","468","(그론이 묻힌 자리 옆에 창 세 자루를 나란히 꽂았다. 넷이 갔고, 이제 넷이 다 돌아왔다.)","(그론이 묻힌 자리 옆에 창 세 자루를 나란히 꽂았다. 넷이 갔고, 이제 넷이 다 돌아왔다.)"
"src/data/quests.js","469","(언제 왔는지 포코가 옆에 서 있다.) …나 이제 모루 밑에 안 숨을 거야. 거기는 아저씨 자리였으니까.","(언제 왔는지 포코가 옆에 서 있다.) …나 이제 모루 밑에 안 숨을 거야. 거기는 아저씨 자리였으니까."
"src/data/quests.js","473","""대장간 벽에 걸어 두자""","""대장간 벽에 걸어 두자"""
"src/data/quests.js","475","벽에? …아, 아저씨가 비워 둔 저 못 세 개 말이구나. 나 저게 뭔지도 모르고 뭘 걸었다가 엄청 혼났었는데.","벽에? …아, 아저씨가 비워 둔 저 못 세 개 말이구나. 나 저게 뭔지도 모르고 뭘 걸었다가 엄청 혼났었는데."
"src/data/quests.js","476","나","나"
"src/data/quests.js","476","(창 세 자루가 벽에 걸렸다. 못은 처음부터 그 자리에, 그 간격으로 박혀 있었다.)","(창 세 자루가 벽에 걸렸다. 못은 처음부터 그 자리에, 그 간격으로 박혀 있었다.)"
"src/data/quests.js","477","예순 해 동안 이걸 기다렸던 거네. …아저씨도 참.","예순 해 동안 이걸 기다렸던 거네. …아저씨도 참."
"src/data/quests.js","486","불탄 도시","불탄 도시"
"src/data/quests.js","488","바실이 길을 비켰으니 이제 사막 너머까지 갈 수 있겠구나. 모래 폭군의 둥지에서 남쪽으로 더 내려가면 된단다.

…가서 보고 오너라. 나는 예순 해 동안 한 번도 못 가 봤단다. 볼 자신이 없어서.","바실이 길을 비켰으니 이제 사막 너머까지 갈 수 있겠구나. 모래 폭군의 둥지에서 남쪽으로 더 내려가면 된단다.

…가서 보고 오너라. 나는 예순 해 동안 한 번도 못 가 봤단다. 볼 자신이 없어서."
"src/data/quests.js","489","사막 너머에는 예순 해 전 이그나르가 하룻밤에 태운 인간의 도시가 있다. 사냥꾼들은 거기서 온다.","사막 너머에는 예순 해 전 이그나르가 하룻밤에 태운 인간의 도시가 있다. 사냥꾼들은 거기서 온다."
"src/data/quests.js","491","죽은 사구 남쪽, 모래 폭군의 둥지를 지나 더 남쪽으로 내려간다.","죽은 사구 남쪽, 모래 폭군의 둥지를 지나 더 남쪽으로 내려간다."
"src/data/quests.js","494","카이론에게 불탄 도시에서 본 그림 이야기를 한다.","카이론에게 불탄 도시에서 본 그림 이야기를 한다."
"src/data/quests.js","496","…목에 같은 무늬가 있더라고? 그래, 있다. 나는 그 무늬를 이백 년 동안 옆에서 보고 살았으니까.","…목에 같은 무늬가 있더라고? 그래, 있다. 나는 그 무늬를 이백 년 동안 옆에서 보고 살았으니까."
"src/data/quests.js","497","이그나르는 피는 안 섞였어도 내 형이다. 그놈이 하늘에서 떨어졌을 때 우리 부모님이 거둬서, 너처럼 남의 둥지에서 나랑 같이 컸지.","이그나르는 피는 안 섞였어도 내 형이다. 그놈이 하늘에서 떨어졌을 때 우리 부모님이 거둬서, 너처럼 남의 둥지에서 나랑 같이 컸지."
"src/data/quests.js","498","너처럼 숨결이 늘었고, 너처럼 빨리 컸다. 인간들이 쳐들어왔을 때 다들 그놈만 쳐다봤지. 그리고 그놈은 그 기대를 다 들어줬다. 도시 하나를 통째로 태워서.","너처럼 숨결이 늘었고, 너처럼 빨리 컸다. 인간들이 쳐들어왔을 때 다들 그놈만 쳐다봤지. 그리고 그놈은 그 기대를 다 들어줬다. 도시 하나를 통째로 태워서."
"src/data/quests.js","499","돌아와서 그러더라. '흩어져 살면 또 당한다. 용의 마을은 하나여야 한다. 내 밑으로.' 틀린 말은 아니었어. 그래서 더 무서웠다.","돌아와서 그러더라. '흩어져 살면 또 당한다. 용의 마을은 하나여야 한다. 내 밑으로.' 틀린 말은 아니었어. 그래서 더 무서웠다."
"src/data/quests.js","500","사냥꾼한테 지도를 흘리는 것도 그놈이다. 우리를 죽이려는 게 아니야. 몰아붙이는 거다. 못 버티고 제 발로 기어들어 오라고.","사냥꾼한테 지도를 흘리는 것도 그놈이다. 우리를 죽이려는 게 아니야. 몰아붙이는 거다. 못 버티고 제 발로 기어들어 오라고."
"src/data/quests.js","501","…너를 처음 봤을 때 솔직히 겁이 났다. 또 그렇게 될까 봐. 근데 너는 달라고 한 적이 없더라. 다 받은 거지. 그게 다른 거다, 너랑 그놈은.","…너를 처음 봤을 때 솔직히 겁이 났다. 또 그렇게 될까 봐. 근데 너는 달라고 한 적이 없더라. 다 받은 거지. 그게 다른 거다, 너랑 그놈은."
"src/data/quests.js","506","구름마루의 리운에게 가서, 본 것을 전한다.","구름마루의 리운에게 가서, 본 것을 전한다."
"src/data/quests.js","508","…그랬소. 우리를 서로 물어뜯게 두고, 그 틈에 인간을 들이고. 예순 해 전 그 아이가 하던 말 그대로 되어 가는구려. 흩어져 있으니 당한다고.","…그랬소. 우리를 서로 물어뜯게 두고, 그 틈에 인간을 들이고. 예순 해 전 그 아이가 하던 말 그대로 되어 가는구려. 흩어져 있으니 당한다고."
"src/data/quests.js","509","어른. 폭포 아래 망루를 다시 세우겠습니다. 아랫마을 망루지기와… 같이 서겠습니다.","어른. 폭포 아래 망루를 다시 세우겠습니다. 아랫마을 망루지기와… 같이 서겠습니다."
"src/data/quests.js","510","네 입에서 그 말이 나올 줄은 몰랐구나.","네 입에서 그 말이 나올 줄은 몰랐구나."
"src/data/quests.js","511","저도 몰랐습니다.","저도 몰랐습니다."
"src/data/quests.js","512","떨어진 아이야. 그대의 촌장에게 전하시오. 구름마루는 스무 해 전의 일을 잊지 않았소. 허나 그 아이 밑으로 들어가느니, 그대들과 나란히 서겠다고.","떨어진 아이야. 그대의 촌장에게 전하시오. 구름마루는 스무 해 전의 일을 잊지 않았소. 허나 그 아이 밑으로 들어가느니, 그대들과 나란히 서겠다고."
"src/data/quests.js","516","…다녀왔구나. 얼굴을 보니 다 보고 온 게로구나.","…다녀왔구나. 얼굴을 보니 다 보고 온 게로구나."
"src/data/quests.js","518","리운이 나란히 서겠다고 하더냐. …허허, 스무 해를 기다린 말이로구나. 나라 어미가 들었으면 참 좋아했을 텐데.","리운이 나란히 서겠다고 하더냐. …허허, 스무 해를 기다린 말이로구나. 나라 어미가 들었으면 참 좋아했을 텐데."
"src/data/quests.js","519","그 아이를, 이그나르를 말이다. 우리가 그리 만들었단다. 어린것한테 마을을 통째로 얹어 놓고, 이겨 오라고만 했지. 이기고 돌아온 아이 얼굴을 아무도 안 들여다봤어.","그 아이를, 이그나르를 말이다. 우리가 그리 만들었단다. 어린것한테 마을을 통째로 얹어 놓고, 이겨 오라고만 했지. 이기고 돌아온 아이 얼굴을 아무도 안 들여다봤어."
"src/data/quests.js","520","너한테는 그러지 않으려고 했다만… 돌아보니 똑같이 하고 있었구나. 미안하다.","너한테는 그러지 않으려고 했다만… 돌아보니 똑같이 하고 있었구나. 미안하다."
"src/data/quests.js","521","화산으로 가는 길은 단풍 골 너머란다. 가라고는 않으마. 네가 정하거라. 이번에는 정말로, 네가.","화산으로 가는 길은 단풍 골 너머란다. 가라고는 않으마. 네가 정하거라. 이번에는 정말로, 네가."
"src/data/quests.js","528","잿마루","잿마루"
"src/data/quests.js","529","남동쪽 끝 잿빛 화산에 이그나르와 그를 따라간 용들이 산단다. 가라고는 않으마. 네가 정하거라.","남동쪽 끝 잿빛 화산에 이그나르와 그를 따라간 용들이 산단다. 가라고는 않으마. 네가 정하거라."
"src/data/quests.js","530","단풍 골 너머 화산 기슭에 이그나르를 따라간 용들의 마을이 있다. 거기서는 예순 해 동안 아무도 습격당하지 않았다고 한다.","단풍 골 너머 화산 기슭에 이그나르를 따라간 용들의 마을이 있다. 거기서는 예순 해 동안 아무도 습격당하지 않았다고 한다."
"src/data/quests.js","532","남쪽 숲길에서 밀림과 단풍 골을 지나, 동쪽의 잿빛 화산으로 간다.","남쪽 숲길에서 밀림과 단풍 골을 지나, 동쪽의 잿빛 화산으로 간다."
"src/data/quests.js","535","잿마루의 문지기 베스나와 이야기한다.","잿마루의 문지기 베스나와 이야기한다."
"src/data/quests.js","537","한 바퀴 둘러봤나. 조용하지. 여기서는 예순 해 동안 나팔이 한 번도 울린 적이 없다.","한 바퀴 둘러봤나. 조용하지. 여기서는 예순 해 동안 나팔이 한 번도 울린 적이 없다."
"src/data/quests.js","538","인간들은 여기에 누가 사는지 알기 때문에 얼씬도 하지 않는다. 너희 마을은 어떻지? 얼마 전에도 장례를 치렀다고 들었는데.","인간들은 여기에 누가 사는지 알기 때문에 얼씬도 하지 않는다. 너희 마을은 어떻지? 얼마 전에도 장례를 치렀다고 들었는데."
"src/data/quests.js","539","나도 웨스턴에서 난 용이라서 네 촌장이 어떤 용인지는 안다. 나쁜 용은 아니지만, 늘 아직 이르다고 미루다가 때를 놓치는 용이지.","나도 웨스턴에서 난 용이라서 네 촌장이 어떤 용인지는 안다. 나쁜 용은 아니지만, 늘 아직 이르다고 미루다가 때를 놓치는 용이지."
"src/data/quests.js","540","그분은 산 위에 계신다. 네가 싸우러 왔든 물으러 왔든 그분은 오래 너를 기다리셨으니까 올라가 봐라.","그분은 산 위에 계신다. 네가 싸우러 왔든 물으러 왔든 그분은 오래 너를 기다리셨으니까 올라가 봐라."
"src/data/quests.js","546","정상의 바람은 성체 날개로는 못 버틴다. 구름 위 폐허의 빈 둥지에 서 보자. 숨결 셋을 품고 레벨 14가 되어야 한다.","정상의 바람은 성체 날개로는 못 버틴다. 구름 위 폐허의 빈 둥지에 서 보자. 숨결 셋을 품고 레벨 14가 되어야 한다."
"src/data/quests.js","548","…고룡이라. 나는 시험을 낸 적이 없는데 네가 혼자 거기까지 갔구나. 하늘에서 온 것은 결국 하늘에서 자라는 모양이다.","…고룡이라. 나는 시험을 낸 적이 없는데 네가 혼자 거기까지 갔구나. 하늘에서 온 것은 결국 하늘에서 자라는 모양이다."
"src/data/quests.js","549","형도 그랬다. 어느 날 아침에 보니 날개가 달라져 있더구나. 그때 나는 그게 무서웠는데, 지금 너를 보니 그냥 부럽다.","형도 그랬다. 어느 날 아침에 보니 날개가 달라져 있더구나. 그때 나는 그게 무서웠는데, 지금 너를 보니 그냥 부럽다."
"src/data/quests.js","550","가서 뭘 하든 네가 정해라. 다만 돌아는 와라. 그건 스승으로서가 아니라 그냥 하는 부탁이다.","가서 뭘 하든 네가 정해라. 다만 돌아는 와라. 그건 스승으로서가 아니라 그냥 하는 부탁이다."
"src/data/quests.js","555","잿마루 동쪽의 잿길을 지나 화산 정상으로 올라가, 이그나르를 만난다.","잿마루 동쪽의 잿길을 지나 화산 정상으로 올라가, 이그나르를 만난다."
"src/data/quests.js","557","나","나"
"src/data/quests.js","557","(이그나르가 천천히 무릎을 접는다. 쓰러지지 않으려고 한참을 버티다가 끝내 앞발을 땅에 짚었다.)","(이그나르가 천천히 무릎을 접는다. 쓰러지지 않으려고 한참을 버티다가 끝내 앞발을 땅에 짚었다.)"
"src/data/quests.js","562","마을로 돌아가 카이론에게 화산에서 있었던 일을 전한다.","마을로 돌아가 카이론에게 화산에서 있었던 일을 전한다."
"src/data/quests.js","564","…돌아왔구나. 네 얼굴을 보니 끝났다는 건 알겠다.","…돌아왔구나. 네 얼굴을 보니 끝났다는 건 알겠다."
"src/data/quests.js","565","형이 마지막에 뭐라고 하더냐. 아니다, 천천히 말해라. 나는 예순 해를 기다린 놈이라서 조금 더 기다리는 건 아무것도 아니다.","형이 마지막에 뭐라고 하더냐. 아니다, 천천히 말해라. 나는 예순 해를 기다린 놈이라서 조금 더 기다리는 건 아무것도 아니다."
"src/data/quests.js","569","그래, 다 들었다. 오늘은 들어가서 푹 자라. 나머지 얘기는 내일 하자.","그래, 다 들었다. 오늘은 들어가서 푹 자라. 나머지 얘기는 내일 하자."
"src/data/quests.js","574","잿빛 날개","잿빛 날개"
"src/data/quests.js","576","이그나르의 말이 틀리지 않았다고 생각했다. 흩어져 있어서 당하는 거라면, 하나로 묶으면 된다. 내가 자란 마을의 문을 내 손으로 열러 간다.","이그나르의 말이 틀리지 않았다고 생각했다. 흩어져 있어서 당하는 거라면, 하나로 묶으면 된다. 내가 자란 마을의 문을 내 손으로 열러 간다."
"src/data/quests.js","580","잿마루로 내려가 베스나를 만난다.","잿마루로 내려가 베스나를 만난다."
"src/data/quests.js","582","그분 곁에 서기로 했다고 들었다. 오늘 밤은 여기서 묵어라. 그분이 불가에서 기다리신다.","그분 곁에 서기로 했다고 들었다. 오늘 밤은 여기서 묵어라. 그분이 불가에서 기다리신다."
"src/data/quests.js","583","이리 와서 앉아라. 잿마루 용들은 내 앞에서 말을 아끼는데, 너까지 그럴 필요는 없다.","이리 와서 앉아라. 잿마루 용들은 내 앞에서 말을 아끼는데, 너까지 그럴 필요는 없다."
"src/data/quests.js","584","나는 삼백 년을 살면서 나 같은 것을 한 번도 보지 못했다. 목에 같은 무늬가 있고, 남의 숨결을 품을 수 있고, 제가 어디서 왔는지도 모르는 것을 말이다.","나는 삼백 년을 살면서 나 같은 것을 한 번도 보지 못했다. 목에 같은 무늬가 있고, 남의 숨결을 품을 수 있고, 제가 어디서 왔는지도 모르는 것을 말이다."
"src/data/quests.js","585","네가 떨어지던 밤에 나는 그 냄새를 맡고 날아갔었다. 그런데 광장에 누운 너를 어린 용 하나가 먼저 찾아내더구나. 나보다는 그 마을이 너를 더 잘 키울 거라고 생각해서 그냥 돌아왔지.","네가 떨어지던 밤에 나는 그 냄새를 맡고 날아갔었다. 그런데 광장에 누운 너를 어린 용 하나가 먼저 찾아내더구나. 나보다는 그 마을이 너를 더 잘 키울 거라고 생각해서 그냥 돌아왔지."
"src/data/quests.js","586","그 생각이 틀렸다는 걸 아는 데는 오래 걸리지 않았다. 저들은 나한테 했던 일을 너한테도 똑같이 하고 있더구나. 어린것한테 마을을 통째로 얹어 놓고서 말이다.","그 생각이 틀렸다는 걸 아는 데는 오래 걸리지 않았다. 저들은 나한테 했던 일을 너한테도 똑같이 하고 있더구나. 어린것한테 마을을 통째로 얹어 놓고서 말이다."
"src/data/quests.js","587","나","나"
"src/data/quests.js","587","(불 너머로 보이는 이그나르의 얼굴은 괴물처럼 보이지 않았다. 그냥 아주 오랫동안 혼자 지낸 용의 얼굴이었다.)","(불 너머로 보이는 이그나르의 얼굴은 괴물처럼 보이지 않았다. 그냥 아주 오랫동안 혼자 지낸 용의 얼굴이었다.)"
"src/data/quests.js","588","내일 나와 같이 가자. 싸우러 가는 게 아니라 문을 열라고 말하러 가는 거다. 그 말은 내가 하면 아무도 듣지 않지만, 네가 하면 저들이 들을 거다.","내일 나와 같이 가자. 싸우러 가는 게 아니라 문을 열라고 말하러 가는 거다. 그 말은 내가 하면 아무도 듣지 않지만, 네가 하면 저들이 들을 거다."
"src/data/quests.js","591","이그나르와 함께 웨스턴 마을로 돌아간다.","이그나르와 함께 웨스턴 마을로 돌아간다."
"src/data/quests.js","592","마을 어귀를 스승이 막아서고 있다.","마을 어귀를 스승이 막아서고 있다."
"src/data/quests.js","594","…네가 그렇게 정한 게로구나. 내가 너한테 네가 정하라고 했지. 그래, 분명히 그렇게 말했단다.","…네가 그렇게 정한 게로구나. 내가 너한테 네가 정하라고 했지. 그래, 분명히 그렇게 말했단다."
"src/data/quests.js","596","마을은 내어 주마. 다만 아이들만은 건드리지 말아 다오. 늙은이가 너한테 하는 마지막 부탁이란다.","마을은 내어 주마. 다만 아이들만은 건드리지 말아 다오. 늙은이가 너한테 하는 마지막 부탁이란다."
"src/data/quests.js","597","나","나"
"src/data/quests.js","597","(그날 웨스턴 마을은 잿마루의 일부가 되었고, 그 뒤로 나팔은 한 번도 울리지 않았다.)","(그날 웨스턴 마을은 잿마루의 일부가 되었고, 그 뒤로 나팔은 한 번도 울리지 않았다.)"
"src/data/quests.js","598","나","나"
"src/data/quests.js","598","(포코는 이제 나를 보면 티아맷 뒤로 숨는다. 나라는 다음 날 아무 말도 없이 마을을 떠나서 구름마루 쪽으로 갔다고 한다.)","(포코는 이제 나를 보면 티아맷 뒤로 숨는다. 나라는 다음 날 아무 말도 없이 마을을 떠나서 구름마루 쪽으로 갔다고 한다.)"
"src/data/quests.js","599","잘했다. 이제 아무도 너희 마을을 건드리지 못할 거다.","잘했다. 이제 아무도 너희 마을을 건드리지 못할 거다."
"src/data/quests.js","600","나","나"
"src/data/quests.js","600","(내가 듣고 싶었던 말이 정말 그 말이었는지, 이제는 나도 잘 모르겠다.)","(내가 듣고 싶었던 말이 정말 그 말이었는지, 이제는 나도 잘 모르겠다.)"
"src/data/quests.js","607","별을 봤다는 아이","별을 봤다는 아이"
"src/data/quests.js","608","배고파아. [고기 3개]만 주면 내가 엄청난 얘기 해 줄게. 네가 떨어지던 날 밤 얘긴데, 너도 모르는 거야!","배고파아. [고기 3개]만 주면 내가 엄청난 얘기 해 줄게. 네가 떨어지던 날 밤 얘긴데, 너도 모르는 거야!"
"src/data/quests.js","609","나를 처음 발견한 건 포코였다. 그날 밤 포코가 본 것을 어른들은 잠결에 헛것을 본 거라고 넘겼다고 한다.","나를 처음 발견한 건 포코였다. 그날 밤 포코가 본 것을 어른들은 잠결에 헛것을 본 거라고 넘겼다고 한다."
"src/data/quests.js","613","포코에게 고기 세 개를 가져다준다. 고기는 몬스터를 잡거나 물가에서 낚으면 나온다.","포코에게 고기 세 개를 가져다준다. 고기는 몬스터를 잡거나 물가에서 낚으면 나온다."
"src/data/quests.js","615","(입에 가득 물고) 으음, 맛있다! 자, 약속대로 그날 밤 얘기 해 줄게.","(입에 가득 물고) 으음, 맛있다! 자, 약속대로 그날 밤 얘기 해 줄게."
"src/data/quests.js","616","나 그날 잠이 안 와서 밖에 나와 있었거든. 그런데 하늘이 갑자기 빨개지더니 네가 별처럼 뚝 떨어진 거야.","나 그날 잠이 안 와서 밖에 나와 있었거든. 그런데 하늘이 갑자기 빨개지더니 네가 별처럼 뚝 떨어진 거야."
"src/data/quests.js","617","근데 있잖아, 하늘이 빨개진 게 한 번이 아니라 두 번이었어. 네가 떨어지고 나서 조금 있다가 한 번 더 빨개졌다니까.","근데 있잖아, 하늘이 빨개진 게 한 번이 아니라 두 번이었어. 네가 떨어지고 나서 조금 있다가 한 번 더 빨개졌다니까."
"src/data/quests.js","618","엘더 할아버지한테 말했더니 잠결에 잘못 본 거래. 아닌데, 나 손가락으로 세면서 봤는데. 네가 할아버지한테 좀 물어봐 줘.","엘더 할아버지한테 말했더니 잠결에 잘못 본 거래. 아닌데, 나 손가락으로 세면서 봤는데. 네가 할아버지한테 좀 물어봐 줘."
"src/data/quests.js","623","엘더에게 그날 밤 하늘이 두 번 붉어졌는지 묻는다.","엘더에게 그날 밤 하늘이 두 번 붉어졌는지 묻는다."
"src/data/quests.js","625","포코가 두 번이라고 하더냐.","포코가 두 번이라고 하더냐."
"src/data/quests.js","626","…내가 본 건 한 번이란다. 포코가 울면서 깨우러 왔을 때는 이미 네가 광장에 누워 있었으니, 그 뒤의 일은 나도 보지 못했지.","…내가 본 건 한 번이란다. 포코가 울면서 깨우러 왔을 때는 이미 네가 광장에 누워 있었으니, 그 뒤의 일은 나도 보지 못했지."
"src/data/quests.js","627","그 아이가 겁은 많아도 없는 말을 지어내는 아이는 아니란다. 다만… 두 번째가 정말 있었다면 그게 무엇이었을지, 나는 생각하고 싶지가 않구나.","그 아이가 겁은 많아도 없는 말을 지어내는 아이는 아니란다. 다만… 두 번째가 정말 있었다면 그게 무엇이었을지, 나는 생각하고 싶지가 않구나."
"src/data/quests.js","631","어때, 엄청난 얘기였지? 할아버지는 뭐라셔? 나 거짓말한 거 아니지?!","어때, 엄청난 얘기였지? 할아버지는 뭐라셔? 나 거짓말한 거 아니지?!"
"src/data/quests.js","633","포코가 눈을 동그랗게 뜨고 대답을 기다린다.","포코가 눈을 동그랗게 뜨고 대답을 기다린다."
"src/data/quests.js","636","""네가 본 게 맞을 거야""","""네가 본 게 맞을 거야"""
"src/data/quests.js","638","그치! 내가 두 번이라고 했잖아!","그치! 내가 두 번이라고 했잖아!"
"src/data/quests.js","639","내가 맨날 떠들고 다니니까 아무도 내 말을 안 믿어 주거든. 근데 그날은 진짜로 봤단 말이야.","내가 맨날 떠들고 다니니까 아무도 내 말을 안 믿어 주거든. 근데 그날은 진짜로 봤단 말이야."
"src/data/quests.js","640","너는 믿어 주는구나. 야, 우리 이제 진짜 절친이다? 나중에 취소하기 없기야.","너는 믿어 주는구나. 야, 우리 이제 진짜 절친이다? 나중에 취소하기 없기야."
"src/data/quests.js","644","""엘더는 한 번만 봤대""","""엘더는 한 번만 봤대"""
"src/data/quests.js","646","아닌데, 진짜 두 번이었는데. 내가 손가락으로 세면서 봤는데…","아닌데, 진짜 두 번이었는데. 내가 손가락으로 세면서 봤는데…"
"src/data/quests.js","647","…알았어. 그래도 너는 물어봐 주기라도 했잖아. 다른 애들은 듣지도 않았어.","…알았어. 그래도 너는 물어봐 주기라도 했잖아. 다른 애들은 듣지도 않았어."
"src/data/quests.js","655","마을 최고의 술래","마을 최고의 술래"
"src/data/quests.js","656","나 술래잡기에서 한 번도 안 잡혀 봤다? 네가 나를 [두 번] 잡으면 내 보물을 줄게. 진짜야, 진짜 보물이야!","나 술래잡기에서 한 번도 안 잡혀 봤다? 네가 나를 [두 번] 잡으면 내 보물을 줄게. 진짜야, 진짜 보물이야!"
"src/data/quests.js","657","포코는 마을에서 제일 빨리 달린다. 왜 그렇게 빠른지는 본인도 별로 자랑스러워하지 않는 눈치다.","포코는 마을에서 제일 빨리 달린다. 왜 그렇게 빠른지는 본인도 별로 자랑스러워하지 않는 눈치다."
"src/data/quests.js","661","포코에게 말을 걸어 술래잡기를 하고, 두 번 이긴다.","포코에게 말을 걸어 술래잡기를 하고, 두 번 이긴다."
"src/data/quests.js","663","헉, 헉… 두 번이나 잡혔어. 나 진짜 안 잡히는데, 너 엄청 빠르다.","헉, 헉… 두 번이나 잡혔어. 나 진짜 안 잡히는데, 너 엄청 빠르다."
"src/data/quests.js","668","숨을 고르고 있는 포코와 이야기한다.","숨을 고르고 있는 포코와 이야기한다."
"src/data/quests.js","670","나 왜 이렇게 빠른지 알아? 맨날 도망치니까 그래. 나팔만 울리면 제일 먼저 뛰는 게 나거든.","나 왜 이렇게 빠른지 알아? 맨날 도망치니까 그래. 나팔만 울리면 제일 먼저 뛰는 게 나거든."
"src/data/quests.js","671","딱히 무서운 일을 당한 적이 있는 건 아니야. 그냥 나팔이 자꾸 울리니까, 이제는 소리만 들어도 다리가 먼저 나가.","딱히 무서운 일을 당한 적이 있는 건 아니야. 그냥 나팔이 자꾸 울리니까, 이제는 소리만 들어도 다리가 먼저 나가."
"src/data/quests.js","672","티아맷 누나나 나라 누나는 나팔이 울리면 앞으로 뛰어가잖아. 나는 그게 좀 부러워. 나는 맨날 뒤로만 뛰니까.","티아맷 누나나 나라 누나는 나팔이 울리면 앞으로 뛰어가잖아. 나는 그게 좀 부러워. 나는 맨날 뒤로만 뛰니까."
"src/data/quests.js","673","그래도 너랑 놀 때는 도망치는 게 재밌어. 쫓아오는 게 사냥꾼이 아니라 너니까.","그래도 너랑 놀 때는 도망치는 게 재밌어. 쫓아오는 게 사냥꾼이 아니라 너니까."
"src/data/quests.js","677","자, 약속한 보물이야! 반짝반짝하지? …있잖아, 내일도 나랑 놀아 줄 거지? 모레도?","자, 약속한 보물이야! 반짝반짝하지? …있잖아, 내일도 나랑 놀아 줄 거지? 모레도?"
"src/data/quests.js","683","망루의 밤","망루의 밤"
"src/data/quests.js","684","그날 밤 같이 막아 준 거, 고마웠어. 오늘 밤에 망루에 올라와 볼래? 습격 없는 밤에 위에서 마을을 보는 게 어떤지 보여 주고 싶어.","그날 밤 같이 막아 준 거, 고마웠어. 오늘 밤에 망루에 올라와 볼래? 습격 없는 밤에 위에서 마을을 보는 게 어떤지 보여 주고 싶어."
"src/data/quests.js","685","티아맷은 습격이 없는 밤에도 망루에서 내려오지 않는다. 위에서 보는 마을이 어떤지 보여 주겠다고 했다.","티아맷은 습격이 없는 밤에도 망루에서 내려오지 않는다. 위에서 보는 마을이 어떤지 보여 주겠다고 했다."
"src/data/quests.js","690","밤(20시 무렵)이 되면 웨스턴 마을 동쪽의 망루 아래로 간다. 티아맷이 그 앞에 서 있다.","밤(20시 무렵)이 되면 웨스턴 마을 동쪽의 망루 아래로 간다. 티아맷이 그 앞에 서 있다."
"src/data/quests.js","691","망루","망루"
"src/data/quests.js","695","망루에 앉아 있는 티아맷과 이야기한다.","망루에 앉아 있는 티아맷과 이야기한다."
"src/data/quests.js","697","아, 미안. 습격이 끝나면 혼자 세는 게 있어서 말을 못 들었어.","아, 미안. 습격이 끝나면 혼자 세는 게 있어서 말을 못 들었어."
"src/data/quests.js","698","우리 가족이 여섯이었거든. 내가 어릴 때 사냥꾼한테 다 잃었는데, 이름을 잊어버릴까 봐 습격이 끝날 때마다 순서대로 불러 봐.","우리 가족이 여섯이었거든. 내가 어릴 때 사냥꾼한테 다 잃었는데, 이름을 잊어버릴까 봐 습격이 끝날 때마다 순서대로 불러 봐."
"src/data/quests.js","699","이상하게 들리지? 아무한테도 말한 적 없어서 카이론 아저씨도 모르는 얘기야.","이상하게 들리지? 아무한테도 말한 적 없어서 카이론 아저씨도 모르는 얘기야."
"src/data/quests.js","703","…그래서 내가 망루에 사는 거야. 위에 있으면 누가 오는지 제일 먼저 보이니까, 다시는 늦지 않으려고.","…그래서 내가 망루에 사는 거야. 위에 있으면 누가 오는지 제일 먼저 보이니까, 다시는 늦지 않으려고."
"src/data/quests.js","705","티아맷은 마을 쪽을 내려다보며 작게 이름을 부르고 있다.","티아맷은 마을 쪽을 내려다보며 작게 이름을 부르고 있다."
"src/data/quests.js","708","""나도 같이 불러 줄게. 이름 알려 줘.""","""나도 같이 불러 줄게. 이름 알려 줘."""
"src/data/quests.js","710","…네가 왜 우리 가족 이름을 불러.","…네가 왜 우리 가족 이름을 불러."
"src/data/quests.js","711","(티아맷이 웃다가 코를 훔친다.) 바보 같은 소리네. 근데 싫지는 않다. 알았어, 하나씩 알려 줄게.","(티아맷이 웃다가 코를 훔친다.) 바보 같은 소리네. 근데 싫지는 않다. 알았어, 하나씩 알려 줄게."
"src/data/quests.js","715","아무 말 없이 옆에 앉아 있는다","아무 말 없이 옆에 앉아 있는다"
"src/data/quests.js","717","(한참 뒤에) 아무 말도 안 해 줘서 고마워.","(한참 뒤에) 아무 말도 안 해 줘서 고마워."
"src/data/quests.js","718","다들 뭔가 위로를 해 주려고 하는데 나는 그게 더 힘들더라. 너는 그냥 옆에 있어 주네.","다들 뭔가 위로를 해 주려고 하는데 나는 그게 더 힘들더라. 너는 그냥 옆에 있어 주네."
"src/data/quests.js","726","번개보다 빠르게","번개보다 빠르게"
"src/data/quests.js","727","나랑 [대련]해서 한 번이라도 이기면 내 기술을 하나 알려 줄게. 못 이겨도 괜찮으니까 이길 때까지 계속 와.","나랑 [대련]해서 한 번이라도 이기면 내 기술을 하나 알려 줄게. 못 이겨도 괜찮으니까 이길 때까지 계속 와."
"src/data/quests.js","728","티아맷의 속도는 누구한테 배운 게 아니다. 스승이 있는 마을에서 왜 혼자 익혔는지는 말해 주지 않는다.","티아맷의 속도는 누구한테 배운 게 아니다. 스승이 있는 마을에서 왜 혼자 익혔는지는 말해 주지 않는다."
"src/data/quests.js","732","티아맷에게 대련을 신청해서 이긴다.","티아맷에게 대련을 신청해서 이긴다."
"src/data/quests.js","734","졌네. 약속대로 [번개 질주]를 알려 줄게. 누구한테 배운 게 아니라 나 혼자 만든 기술이라 좀 거칠 거야.","졌네. 약속대로 [번개 질주]를 알려 줄게. 누구한테 배운 게 아니라 나 혼자 만든 기술이라 좀 거칠 거야."
"src/data/quests.js","735","부탁 하나만 하자. 카이론 아저씨한테 왜 나를 안 가르쳐 줬는지 좀 물어봐 줘. 나는 십 년을 궁금해하면서도 직접은 못 물어보겠더라.","부탁 하나만 하자. 카이론 아저씨한테 왜 나를 안 가르쳐 줬는지 좀 물어봐 줘. 나는 십 년을 궁금해하면서도 직접은 못 물어보겠더라."
"src/data/quests.js","740","카이론에게 왜 티아맷을 가르치지 않았는지 묻는다.","카이론에게 왜 티아맷을 가르치지 않았는지 묻는다."
"src/data/quests.js","742","티아맷이 그걸 물어보라고 하더냐. …그 아이가 열 살쯤에 나를 찾아왔었다. 가족을 다 잃고 얼마 안 됐을 때였지.","티아맷이 그걸 물어보라고 하더냐. …그 아이가 열 살쯤에 나를 찾아왔었다. 가족을 다 잃고 얼마 안 됐을 때였지."
"src/data/quests.js","743","복수하게 가르쳐 달라고 하더구나. 그때 나는 제자를 안 받겠다고 마음먹은 지 십 년째였고, 복수하겠다는 아이한테 싸우는 법을 가르치는 건 더 겁이 났다.","복수하게 가르쳐 달라고 하더구나. 그때 나는 제자를 안 받겠다고 마음먹은 지 십 년째였고, 복수하겠다는 아이한테 싸우는 법을 가르치는 건 더 겁이 났다."
"src/data/quests.js","744","그래서 돌려보냈는데, 그 아이는 그날부터 혼자 연습을 하더라. 저 속도는 내가 못 가르친 것이고, 못 말린 것이기도 하다.","그래서 돌려보냈는데, 그 아이는 그날부터 혼자 연습을 하더라. 저 속도는 내가 못 가르친 것이고, 못 말린 것이기도 하다."
"src/data/quests.js","745","지금 그 아이는 복수하려고 싸우는 게 아니라 지키려고 싸우지. 이제는 가르쳐도 되겠다 싶은데, 십 년이나 지나서 무슨 낯으로 그 말을 꺼내겠냐.","지금 그 아이는 복수하려고 싸우는 게 아니라 지키려고 싸우지. 이제는 가르쳐도 되겠다 싶은데, 십 년이나 지나서 무슨 낯으로 그 말을 꺼내겠냐."
"src/data/quests.js","749","……물어봤어? 아저씨가 뭐래? (티아맷은 발톱을 다듬는 척하면서 눈은 딴 데를 보고 있다.)","……물어봤어? 아저씨가 뭐래? (티아맷은 발톱을 다듬는 척하면서 눈은 딴 데를 보고 있다.)"
"src/data/quests.js","751","들은 말을 어디까지 전할까.","들은 말을 어디까지 전할까."
"src/data/quests.js","754","""이제는 가르쳐도 되겠다고 하셨어""","""이제는 가르쳐도 되겠다고 하셨어"""
"src/data/quests.js","756","십 년을 기다리고 십 년을 혼자 굴렀는데, 이제 와서 그런 말을 한다고?","십 년을 기다리고 십 년을 혼자 굴렀는데, 이제 와서 그런 말을 한다고?"
"src/data/quests.js","757","(발톱 다듬던 걸 내려놓는다.) …나 지금 당장 수련장에 갈 거야. 가서 뭐라고 할지는 가면서 생각할래.","(발톱 다듬던 걸 내려놓는다.) …나 지금 당장 수련장에 갈 거야. 가서 뭐라고 할지는 가면서 생각할래."
"src/data/quests.js","761","""그때는 복수하겠다는 아이라서 겁이 나셨대""","""그때는 복수하겠다는 아이라서 겁이 나셨대"""
"src/data/quests.js","763","…그랬구나. 나는 내가 모자라서 안 받아 주신 줄 알았어.","…그랬구나. 나는 내가 모자라서 안 받아 주신 줄 알았어."
"src/data/quests.js","764","내일쯤 찾아가 볼게. 오늘은 아직 좀 무섭네. 십 년 동안 원망한 걸 다 사과해야 될 것 같아서.","내일쯤 찾아가 볼게. 오늘은 아직 좀 무섭네. 십 년 동안 원망한 걸 다 사과해야 될 것 같아서."
"src/data/quests.js","775","벽에 걸린 못 세 개","벽에 걸린 못 세 개"
"src/data/quests.js","776","구경만 하는 놈은 손님이 아니다. 내 모루에서 [비늘을 한 번] 단련해라. 풀무는 네가 밟고. 그럼 말 상대는 해 주지.","구경만 하는 놈은 손님이 아니다. 내 모루에서 [비늘을 한 번] 단련해라. 풀무는 네가 밟고. 그럼 말 상대는 해 주지."
"src/data/quests.js","777","그론의 대장간 벽에는 빈 못이 세 개 박혀 있다. 뭘 걸려던 자리인지는 아무도 말해 주지 않는다.","그론의 대장간 벽에는 빈 못이 세 개 박혀 있다. 뭘 걸려던 자리인지는 아무도 말해 주지 않는다."
"src/data/quests.js","781","그론에게 말을 걸어 [모루 앞에 선다]에서 단련을 한 번 한다. 소재는 몬스터를 잡으면 나온다.","그론에게 말을 걸어 [모루 앞에 선다]에서 단련을 한 번 한다. 소재는 몬스터를 잡으면 나온다."
"src/data/quests.js","783","풀무를 그렇게 밟으면 불이 죽는다. 세 번 밟고 한 번 쉬어. 세 번, 한 번.","풀무를 그렇게 밟으면 불이 죽는다. 세 번 밟고 한 번 쉬어. 세 번, 한 번."
"src/data/quests.js","784","아저씨 저한테는 그거 한 달 걸려서 알려 줬잖아요! 얘는 왜 첫날에 알려 줘요?","아저씨 저한테는 그거 한 달 걸려서 알려 줬잖아요! 얘는 왜 첫날에 알려 줘요?"
"src/data/quests.js","785","너는 한 달을 물어보지도 않고 네 멋대로 밟았으니까 그렇지.","너는 한 달을 물어보지도 않고 네 멋대로 밟았으니까 그렇지."
"src/data/quests.js","786","나","나"
"src/data/quests.js","786","(벽에 못이 세 개 박혀 있다. 나란히, 같은 간격으로. 걸린 건 아무것도 없다.)","(벽에 못이 세 개 박혀 있다. 나란히, 같은 간격으로. 걸린 건 아무것도 없다.)"
"src/data/quests.js","787","(귓속말) 저거 묻지 마. 나 저기 앞치마 걸었다가 진짜 쫓겨날 뻔했어. 궁금하면 카이론 아저씨한테 물어봐.","(귓속말) 저거 묻지 마. 나 저기 앞치마 걸었다가 진짜 쫓겨날 뻔했어. 궁금하면 카이론 아저씨한테 물어봐."
"src/data/quests.js","792","카이론에게 그론의 대장간 벽에 박힌 못 세 개에 대해 묻는다.","카이론에게 그론의 대장간 벽에 박힌 못 세 개에 대해 묻는다."
"src/data/quests.js","794","그론네 벽의 못? …그걸 봤냐.","그론네 벽의 못? …그걸 봤냐."
"src/data/quests.js","795","그놈이 젊을 땐 대장장이가 아니었다. 돌아다니는 걸 좋아했지. 넷이 같이 다녔다. 루반, 미아, 도르그, 그리고 그론.","그놈이 젊을 땐 대장장이가 아니었다. 돌아다니는 걸 좋아했지. 넷이 같이 다녔다. 루반, 미아, 도르그, 그리고 그론."
"src/data/quests.js","796","넷이 사막 너머를 보겠다고 나갔다가 모래 폭군을 만났다. 돌아온 건 그론 하나였고, 그것도 기어서 왔어. 무릎이 그때 나간 거다.","넷이 사막 너머를 보겠다고 나갔다가 모래 폭군을 만났다. 돌아온 건 그론 하나였고, 그것도 기어서 왔어. 무릎이 그때 나간 거다."
"src/data/quests.js","797","그 셋이 들고 나간 창을 그론이 만들었다. 그 뒤로 그놈은 무기를 안 만든다. 비늘만 두드려. 비늘은 도망칠 때도 쓰는 거라면서.","그 셋이 들고 나간 창을 그론이 만들었다. 그 뒤로 그놈은 무기를 안 만든다. 비늘만 두드려. 비늘은 도망칠 때도 쓰는 거라면서."
"src/data/quests.js","798","못 세 개는 그 창 걸 자리다. 언젠가 누가 찾아다 주면 걸겠다는 건데… 예순 해째 비어 있지. 이 얘기, 내가 했다고는 하지 마라.","못 세 개는 그 창 걸 자리다. 언젠가 누가 찾아다 주면 걸겠다는 건데… 예순 해째 비어 있지. 이 얘기, 내가 했다고는 하지 마라."
"src/data/quests.js","803","포코에게 대장간 얘기를 꺼내 본다.","포코에게 대장간 얘기를 꺼내 본다."
"src/data/quests.js","805","그론 아저씨? 무섭지. 근데 있잖아, 이리 와 봐. 비밀인데.","그론 아저씨? 무섭지. 근데 있잖아, 이리 와 봐. 비밀인데."
"src/data/quests.js","806","모루 밑에 내 자리 있다고 했지. 처음엔 되게 좁았거든? 근데 어느 날 가 보니까 넓어져 있었어. 바닥에 마른풀도 깔려 있고.","모루 밑에 내 자리 있다고 했지. 처음엔 되게 좁았거든? 근데 어느 날 가 보니까 넓어져 있었어. 바닥에 마른풀도 깔려 있고."
"src/data/quests.js","807","아저씨한테 물어봤더니 '쥐가 팠나 보지' 그래. 쥐가 풀을 깔아? 쥐가 돌을 깎아?","아저씨한테 물어봤더니 '쥐가 팠나 보지' 그래. 쥐가 풀을 깔아? 쥐가 돌을 깎아?"
"src/data/quests.js","808","나 그래서 나팔 울려도 거기만 가면 좀 덜 무서워. …아저씨한테는 말하지 마. 말하면 도로 좁혀 놓을 것 같아.","나 그래서 나팔 울려도 거기만 가면 좀 덜 무서워. …아저씨한테는 말하지 마. 말하면 도로 좁혀 놓을 것 같아."
"src/data/quests.js","812","그 얼굴은 또 뭐냐. 카이론 그 영감탱이가 쓸데없는 소리를 했구나.","그 얼굴은 또 뭐냐. 카이론 그 영감탱이가 쓸데없는 소리를 했구나."
"src/data/quests.js","814","그론은 망치를 든 채로 나를 본다.","그론은 망치를 든 채로 나를 본다."
"src/data/quests.js","817","""그 창, 제가 찾아올게요""","""그 창, 제가 찾아올게요"""
"src/data/quests.js","819","……건방진 소리 마라. 거기가 어디라고.","……건방진 소리 마라. 거기가 어디라고."
"src/data/quests.js","820","네 비늘로는 사막 바람도 못 버틴다. 더 크고 나서, 더 단단해지고 나서 그런 소리를 해라.","네 비늘로는 사막 바람도 못 버틴다. 더 크고 나서, 더 단단해지고 나서 그런 소리를 해라."
"src/data/quests.js","821","…그래도 말은 고맙게 받으마. 말만 받는 거다.","…그래도 말은 고맙게 받으마. 말만 받는 거다."
"src/data/quests.js","825","아무 말 없이 풀무를 밟는다","아무 말 없이 풀무를 밟는다"
"src/data/quests.js","827","나","나"
"src/data/quests.js","827","(세 번 밟고, 한 번 쉬고. 세 번 밟고, 한 번 쉬고.)","(세 번 밟고, 한 번 쉬고. 세 번 밟고, 한 번 쉬고.)"
"src/data/quests.js","829","박자는 맞네. 엠버보다 낫다.","박자는 맞네. 엠버보다 낫다."
"src/data/quests.js","830","다 들려요, 아저씨!","다 들려요, 아저씨!"
"src/data/quests.js","841","언니한테 한 번만","언니한테 한 번만"
"src/data/quests.js","842","야, 너 입 무겁지? 무겁다고 해. 나 부탁 하나만 하자.

나 티아맷 언니한테 백 번은 졌거든. 진짜 백 번. 근데 왜 지는지를 모르겠어. 네가 가서 슬쩍 물어봐 줘. 내가 시켰다고는 절대 말하지 말고!","야, 너 입 무겁지? 무겁다고 해. 나 부탁 하나만 하자.

나 티아맷 언니한테 백 번은 졌거든. 진짜 백 번. 근데 왜 지는지를 모르겠어. 네가 가서 슬쩍 물어봐 줘. 내가 시켰다고는 절대 말하지 말고!"
"src/data/quests.js","843","나라는 티아맷에게 한 번도 못 이겼다. 왜 지는지 몰래 알아봐 달라고 한다.","나라는 티아맷에게 한 번도 못 이겼다. 왜 지는지 몰래 알아봐 달라고 한다."
"src/data/quests.js","847","티아맷에게 나라가 왜 지는지 슬쩍 물어본다.","티아맷에게 나라가 왜 지는지 슬쩍 물어본다."
"src/data/quests.js","849","나라가 시켰지.","나라가 시켰지."
"src/data/quests.js","850","나","나"
"src/data/quests.js","850","(…슬쩍 물어본다고 물어봤는데.)","(…슬쩍 물어본다고 물어봤는데.)"
"src/data/quests.js","851","(웃는다.) 걔가 그런 거 시킬 애가 너밖에 더 있어? 됐어, 모른 척해 줄게.","(웃는다.) 걔가 그런 거 시킬 애가 너밖에 더 있어? 됐어, 모른 척해 줄게."
"src/data/quests.js","852","나라는 나보다도 빨라. 근데 내가 뭘 할지 보기도 전에 늘 먼저 들어오니까, 나는 기다리고만 있으면 되는 거야.","나라는 나보다도 빨라. 근데 내가 뭘 할지 보기도 전에 늘 먼저 들어오니까, 나는 기다리고만 있으면 되는 거야."
"src/data/quests.js","853","이건 말로 해 줘 봐야 모르니까 네가 나랑 한번 붙어 봐. 직접 맞아 보고 가서 알려 주는 게 제일 빨라.","이건 말로 해 줘 봐야 모르니까 네가 나랑 한번 붙어 봐. 직접 맞아 보고 가서 알려 주는 게 제일 빨라."
"src/data/quests.js","858","티아맷에게 대련을 신청해서 이긴다. (티아맷과 대화 → 함께 하자고 한다)","티아맷에게 대련을 신청해서 이긴다. (티아맷과 대화 → 함께 하자고 한다)"
"src/data/quests.js","860","…허. 졌네. 너는 기다릴 줄 아는구나.","…허. 졌네. 너는 기다릴 줄 아는구나."
"src/data/quests.js","861","나라한테 가서 그대로 말해 줘. 한 박자만 늦게 들어오라고. 그거 하나면 돼.","나라한테 가서 그대로 말해 줘. 한 박자만 늦게 들어오라고. 그거 하나면 돼."
"src/data/quests.js","862","촌장님이 그러시는데 걔 엄마가 딱 저랬대. 생각보다 몸이 먼저 나가는 용. …그러니까 못 고칠 수도 있어. 그래도 말은 해 줘.","촌장님이 그러시는데 걔 엄마가 딱 저랬대. 생각보다 몸이 먼저 나가는 용. …그러니까 못 고칠 수도 있어. 그래도 말은 해 줘."
"src/data/quests.js","864","나라에게 돌아가자.","나라에게 돌아가자."
"src/data/quests.js","867","어, 왔어? 뭐래, 뭐래? 언니가 뭐래? 아니 잠깐, 너 설마 언니랑 붙었어? 이겼어?! …아 진짜 짜증 나. 그래서 뭐래.","어, 왔어? 뭐래, 뭐래? 언니가 뭐래? 아니 잠깐, 너 설마 언니랑 붙었어? 이겼어?! …아 진짜 짜증 나. 그래서 뭐래."
"src/data/quests.js","869","나라가 눈을 반짝이며 기다리고 있다.","나라가 눈을 반짝이며 기다리고 있다."
"src/data/quests.js","872","""한 박자만 늦게 들어가래""","""한 박자만 늦게 들어가래"""
"src/data/quests.js","874","한 박자 늦게? …그게 다야? 그게 돼? 몸이 먼저 나가는데 어떡해.","한 박자 늦게? …그게 다야? 그게 돼? 몸이 먼저 나가는데 어떡해."
"src/data/quests.js","875","알았어, 해 볼게. 하나 세고 들어가기. 하나… 세고… 아 벌써 답답해!","알았어, 해 볼게. 하나 세고 들어가기. 하나… 세고… 아 벌써 답답해!"
"src/data/quests.js","876","…고마워. 언니한테는 내가 시킨 거 안 들켰지? 안 들켰다고 해.","…고마워. 언니한테는 내가 시킨 거 안 들켰지? 안 들켰다고 해."
"src/data/quests.js","880","""너희 엄마도 그랬대""","""너희 엄마도 그랬대"""
"src/data/quests.js","882","…엄마가?","…엄마가?"
"src/data/quests.js","883","나 엄마 기억 하나도 없거든. 다들 닮았다, 닮았다 하는데 뭐가 닮았는지는 아무도 말을 안 해 줬어.","나 엄마 기억 하나도 없거든. 다들 닮았다, 닮았다 하는데 뭐가 닮았는지는 아무도 말을 안 해 줬어."
"src/data/quests.js","884","몸이 먼저 나가는 게 엄마를 닮은 거였구나. …에이, 그럼 못 고치겠네. 안 고칠래.","몸이 먼저 나가는 게 엄마를 닮은 거였구나. …에이, 그럼 못 고치겠네. 안 고칠래."
"src/data/quests.js","885","대신 언니가 기다릴 틈도 없을 만큼 더 빨라질 거야. 두고 봐.","대신 언니가 기다릴 틈도 없을 만큼 더 빨라질 거야. 두고 봐."
"src/data/quests.js","893","어두운 데까지","어두운 데까지"
"src/data/quests.js","894","너 동쪽 숲길 나무뿌리 구멍 알지. 거기 [지하 세 층]까지 내려가 보고 뭐가 있는지 말해 줘.

나? 나는… 바빠. 허수아비 쳐야 돼. 진짜야. 무서워서 그러는 거 아니거든?","너 동쪽 숲길 나무뿌리 구멍 알지. 거기 [지하 세 층]까지 내려가 보고 뭐가 있는지 말해 줘.

나? 나는… 바빠. 허수아비 쳐야 돼. 진짜야. 무서워서 그러는 거 아니거든?"
"src/data/quests.js","895","밖에서는 누구보다 앞서 뛰는 나라가, 굴 앞에서는 맨날 기웃거리기만 한다.","밖에서는 누구보다 앞서 뛰는 나라가, 굴 앞에서는 맨날 기웃거리기만 한다."
"src/data/quests.js","899","굴에 들어가 지하 3층까지 내려간다. 각 층의 파수꾼을 잡아야 아래로 갈 수 있다.","굴에 들어가 지하 3층까지 내려간다. 각 층의 파수꾼을 잡아야 아래로 갈 수 있다."
"src/data/quests.js","901","나","나"
"src/data/quests.js","901","(세 층 밑은 조용하다. 내 숨소리가 벽에 부딪혔다 돌아온다.)","(세 층 밑은 조용하다. 내 숨소리가 벽에 부딪혔다 돌아온다.)"
"src/data/quests.js","902","나","나"
"src/data/quests.js","902","(좁고, 어둡고, 뛸 데가 없다. 나라가 제일 싫어할 만한 곳이다.)","(좁고, 어둡고, 뛸 데가 없다. 나라가 제일 싫어할 만한 곳이다.)"
"src/data/quests.js","904","나라에게 이야기해 주자.","나라에게 이야기해 주자."
"src/data/quests.js","908","나라에게 굴 아래가 어땠는지 이야기한다.","나라에게 굴 아래가 어땠는지 이야기한다."
"src/data/quests.js","910","세 층을 진짜 갔어? 안 무서웠어? 아니 나는 안 무서운데, 네가 무서웠을까 봐.","세 층을 진짜 갔어? 안 무서웠어? 아니 나는 안 무서운데, 네가 무서웠을까 봐."
"src/data/quests.js","911","……알았어, 말할게. 나 어릴 때 숨바꼭질하다가 저런 구멍에 끼인 적이 있어.","……알았어, 말할게. 나 어릴 때 숨바꼭질하다가 저런 구멍에 끼인 적이 있어."
"src/data/quests.js","912","아무도 못 찾아서 밤까지 있었어. 아빠가 온 마을을 뒤집어 놨대. 나는 깜깜한 데서 울다가 목이 쉬어서 소리도 안 나오고.","아무도 못 찾아서 밤까지 있었어. 아빠가 온 마을을 뒤집어 놨대. 나는 깜깜한 데서 울다가 목이 쉬어서 소리도 안 나오고."
"src/data/quests.js","913","그 뒤로 좁고 어두운 데만 가면 다리가 안 움직여. 사냥꾼 앞에서는 제일 먼저 뛰어나가는 애가 그런다니까 웃기지.","그 뒤로 좁고 어두운 데만 가면 다리가 안 움직여. 사냥꾼 앞에서는 제일 먼저 뛰어나가는 애가 그런다니까 웃기지."
"src/data/quests.js","914","이거 스승님한테 말하면 죽는다. 포코한테는 더더욱.","이거 스승님한테 말하면 죽는다. 포코한테는 더더욱."
"src/data/quests.js","916","오늘은 여기까지. 자고 나서 다시 만나자.","오늘은 여기까지. 자고 나서 다시 만나자."
"src/data/quests.js","920","둥지에서 하룻밤 잔다.","둥지에서 하룻밤 잔다."
"src/data/quests.js","922","나","나"
"src/data/quests.js","922","(아침에 나와 보니 굴 입구에 나라가 서 있다. 안에는 안 들어오고, 입구에만.)","(아침에 나와 보니 굴 입구에 나라가 서 있다. 안에는 안 들어오고, 입구에만.)"
"src/data/quests.js","923","나 네 굴 입구까지 왔다? 봐, 발 한 짝은 안에 들어갔어.","나 네 굴 입구까지 왔다? 봐, 발 한 짝은 안에 들어갔어."
"src/data/quests.js","924","…오는 데 엄청 오래 걸렸어. 세 번 돌아갔다가 다시 왔어. 그래도 왔잖아.","…오는 데 엄청 오래 걸렸어. 세 번 돌아갔다가 다시 왔어. 그래도 왔잖아."
"src/data/quests.js","925","내일은 두 짝 다 넣을 거야. 너 그거 보러 나와야 돼. 증인이 있어야 되니까.","내일은 두 짝 다 넣을 거야. 너 그거 보러 나와야 돼. 증인이 있어야 되니까."
"src/data/quests.js","929","다음엔 나도 내려갈래. 너랑 같이. 네가 앞에 서고. …손은 안 잡아! 그냥 꼬리만 좀 잡을게.","다음엔 나도 내려갈래. 너랑 같이. 네가 앞에 서고. …손은 안 잡아! 그냥 꼬리만 좀 잡을게."
"src/data/quests.js","936","폭포의 두 그림자","폭포의 두 그림자"
"src/data/quests.js","938","해 질 녘 폭포에서 미라와 유안이 만나는 걸 봤다. 두 마을은 스무 해째 등을 돌리고 사는데.","해 질 녘 폭포에서 미라와 유안이 만나는 걸 봤다. 두 마을은 스무 해째 등을 돌리고 사는데."
"src/data/quests.js","942","마을로 돌아온 미라와 이야기한다. (해 질 녘에는 폭포에 가 있다)","마을로 돌아온 미라와 이야기한다. (해 질 녘에는 폭포에 가 있다)"
"src/data/quests.js","944","…봤지. 다 봤지.","…봤지. 다 봤지."
"src/data/quests.js","945","스무 해 전 싸움 때, 다친 용들이 줄줄이 실려 왔다고 했잖아. 그중에 저쪽 마을 용이 하나 섞여 있었어. 우리 쪽인 줄 알고 실어 온 거지.","스무 해 전 싸움 때, 다친 용들이 줄줄이 실려 왔다고 했잖아. 그중에 저쪽 마을 용이 하나 섞여 있었어. 우리 쪽인 줄 알고 실어 온 거지."
"src/data/quests.js","946","다들 내다 버리라고 했는데, 아프다고 하니까 나는 그냥… 보름 동안 몰래 약을 발라 줬어.","다들 내다 버리라고 했는데, 아프다고 하니까 나는 그냥… 보름 동안 몰래 약을 발라 줬어."
"src/data/quests.js","947","그게 유안이야. 나아서 돌아갔고, 그러고는 길이 얼었어. 스무 해 동안 나는 그 길 끝까지 가서 올려다보기만 했고.","그게 유안이야. 나아서 돌아갔고, 그러고는 길이 얼었어. 스무 해 동안 나는 그 길 끝까지 가서 올려다보기만 했고."
"src/data/quests.js","948","그 사람이 아랫마을 용만 보면 으르렁대는 건, 누가 눈치챌까 봐 바보같이 일부러 그러는 거야.","그 사람이 아랫마을 용만 보면 으르렁대는 건, 누가 눈치챌까 봐 바보같이 일부러 그러는 거야."
"src/data/quests.js","952","…그래서, 어쩔 거야? 촌장님한테 말할 거야?","…그래서, 어쩔 거야? 촌장님한테 말할 거야?"
"src/data/quests.js","954","미라는 약초 바구니를 꼭 쥐고 있다.","미라는 약초 바구니를 꼭 쥐고 있다."
"src/data/quests.js","957","""난 아무것도 못 봤어""","""난 아무것도 못 봤어"""
"src/data/quests.js","959","…고마워. 진짜 고마워.","…고마워. 진짜 고마워."
"src/data/quests.js","960","언젠가는 말해야겠지. 나도 알아. 근데 지금은… 이제 겨우 길이 녹았잖아.","언젠가는 말해야겠지. 나도 알아. 근데 지금은… 이제 겨우 길이 녹았잖아."
"src/data/quests.js","964","""들키면 둘 다 위험해""","""들키면 둘 다 위험해"""
"src/data/quests.js","966","알아. 아는데…","알아. 아는데…"
"src/data/quests.js","967","위험한 건 스무 해 전에도 마찬가지였고, 나는 그 스무 해를 기다렸어. …그래도 네 말은 새겨듣고 조심할게.","위험한 건 스무 해 전에도 마찬가지였고, 나는 그 스무 해를 기다렸어. …그래도 네 말은 새겨듣고 조심할게."
"src/data/quests.js","971","""촌장님은 아셔야 해""","""촌장님은 아셔야 해"""
"src/data/quests.js","973","…그래. 네 말이 맞을지도 몰라.","…그래. 네 말이 맞을지도 몰라."
"src/data/quests.js","974","하루만 줘. 내 입으로 말씀드릴게. 네가 말하면 고자질이지만 내가 말하면 고백이니까.","하루만 줘. 내 입으로 말씀드릴게. 네가 말하면 고자질이지만 내가 말하면 고백이니까."
"src/data/quests.js","985","뿌리골의 가시","뿌리골의 가시"
"src/data/quests.js","986","쌍두룡을 보내 준 게 너라고 들었단다. 덕분에 우리 아이들이 다시 땅에 내려와서 잠을 잔단다.

고맙다는 말만으로는 모자라서 하나 맡기고 싶은 게 있는데, 그 전에 펀이 너한테 보여 주고 싶은 게 있다더구나.","쌍두룡을 보내 준 게 너라고 들었단다. 덕분에 우리 아이들이 다시 땅에 내려와서 잠을 잔단다.

고맙다는 말만으로는 모자라서 하나 맡기고 싶은 게 있는데, 그 전에 펀이 너한테 보여 주고 싶은 게 있다더구나."
"src/data/quests.js","987","밀림 깊은 곳의 뿌리골도 잘고라 때문에 굶고 있었다. 마을의 어른 모스가 무언가를 맡기고 싶어 한다.","밀림 깊은 곳의 뿌리골도 잘고라 때문에 굶고 있었다. 마을의 어른 모스가 무언가를 맡기고 싶어 한다."
"src/data/quests.js","991","뿌리골의 아이 펀과 이야기한다.","뿌리골의 아이 펀과 이야기한다."
"src/data/quests.js","993","이리 와 봐! 이 그루터기 보여? 여기가 예전에 우리 어른이 앉아 계시던 자리래.","이리 와 봐! 이 그루터기 보여? 여기가 예전에 우리 어른이 앉아 계시던 자리래."
"src/data/quests.js","994","검은 용이 와서 숨결을 빼앗아 간 뒤로 어른은 가시를 하나도 못 쏘게 됐대. 그래서 그해 겨울에 돌아가셨다고 모스 할머니가 그랬어.","검은 용이 와서 숨결을 빼앗아 간 뒤로 어른은 가시를 하나도 못 쏘게 됐대. 그래서 그해 겨울에 돌아가셨다고 모스 할머니가 그랬어."
"src/data/quests.js","995","근데 할머니가 너한테는 우리 숨결을 그냥 준대. 뺏기는 거랑 주는 건 다르다면서. 나는 아직 무슨 말인지 잘 모르겠어.","근데 할머니가 너한테는 우리 숨결을 그냥 준대. 뺏기는 거랑 주는 건 다르다면서. 나는 아직 무슨 말인지 잘 모르겠어."
"src/data/quests.js","999","펀이 다 말했나 보구나. 그래, 빼앗긴 숨결은 주인을 죽이지만 건네준 숨결은 양쪽을 다 살린단다. 자, 받으렴.","펀이 다 말했나 보구나. 그래, 빼앗긴 숨결은 주인을 죽이지만 건네준 숨결은 양쪽을 다 살린단다. 자, 받으렴."
"src/data/quests.js","1003","바윗골의 무게","바윗골의 무게"
"src/data/quests.js","1004","모래 폭군이 사라져서 예순 해 만에 길이 열렸다. 바윗골은 빚을 지고는 못 사는 마을이다.

갚을 게 있는데, 그 전에 돌이 너를 데려가서 보여 줄 데가 있다고 한다.","모래 폭군이 사라져서 예순 해 만에 길이 열렸다. 바윗골은 빚을 지고는 못 사는 마을이다.

갚을 게 있는데, 그 전에 돌이 너를 데려가서 보여 줄 데가 있다고 한다."
"src/data/quests.js","1005","사막 서쪽 고원의 바윗골은 바실 때문에 예순 해 동안 갇혀 있었다. 어른 가람이 빚을 갚겠다고 한다.","사막 서쪽 고원의 바윗골은 바실 때문에 예순 해 동안 갇혀 있었다. 어른 가람이 빚을 갚겠다고 한다."
"src/data/quests.js","1009","바윗골의 아이 돌과 이야기한다.","바윗골의 아이 돌과 이야기한다."
"src/data/quests.js","1011","여기 바위에 금 간 거 보이지? 예순 해 전에 가람 어른이 검은 용이랑 싸우다가 난 자국이래.","여기 바위에 금 간 거 보이지? 예순 해 전에 가람 어른이 검은 용이랑 싸우다가 난 자국이래."
"src/data/quests.js","1012","어른은 그때 뿔이 부러지고도 끝까지 안 비켰대. 그래도 결국 숨결은 뺏겼고, 바윗골에 남은 땅의 숨결은 그 뒤로 절반이 됐다고 하더라.","어른은 그때 뿔이 부러지고도 끝까지 안 비켰대. 그래도 결국 숨결은 뺏겼고, 바윗골에 남은 땅의 숨결은 그 뒤로 절반이 됐다고 하더라."
"src/data/quests.js","1013","그 남은 절반에서 또 나눠 준다는 거야, 너한테. 어른이 누구한테 뭘 주는 건 나 태어나서 처음 봐.","그 남은 절반에서 또 나눠 준다는 거야, 너한테. 어른이 누구한테 뭘 주는 건 나 태어나서 처음 봐."
"src/data/quests.js","1017","돌이 쓸데없는 말까지 다 했군. …빼앗겼을 때는 절반이 없어졌는데, 내가 주겠다고 마음먹으니 이상하게 줄어드는 느낌이 없다. 받아라.","돌이 쓸데없는 말까지 다 했군. …빼앗겼을 때는 절반이 없어졌는데, 내가 주겠다고 마음먹으니 이상하게 줄어드는 느낌이 없다. 받아라."
"src/data/quests.js","1021","물을 맡기다","물을 맡기다"
"src/data/quests.js","1022","구름마루는 그대들과 나란히 서기로 했소. 말로만 하는 약속은 물에 쓴 글씨와 같으니, 우리 숨결을 그대에게 맡겨 두겠소.

세이란이 샘에서 기다리고 있을 것이오.","구름마루는 그대들과 나란히 서기로 했소. 말로만 하는 약속은 물에 쓴 글씨와 같으니, 우리 숨결을 그대에게 맡겨 두겠소.

세이란이 샘에서 기다리고 있을 것이오."
"src/data/quests.js","1023","구름마루의 어른 리운이 두 마을이 나란히 서겠다는 약속의 표시로 물의 숨결을 맡기겠다고 한다.","구름마루의 어른 리운이 두 마을이 나란히 서겠다는 약속의 표시로 물의 숨결을 맡기겠다고 한다."
"src/data/quests.js","1027","구름마루의 세이란을 찾아간다.","구름마루의 세이란을 찾아간다."
"src/data/quests.js","1029","어른께 들었어. 샘에 앞발을 담그고 가만히 있어 봐. 물은 억지로 끌어가려고 하면 빠져나가니까 그냥 들어오게 두면 돼.","어른께 들었어. 샘에 앞발을 담그고 가만히 있어 봐. 물은 억지로 끌어가려고 하면 빠져나가니까 그냥 들어오게 두면 돼."
"src/data/quests.js","1030","…신기하네. 물이 너한테는 하나도 버티지 않고 그냥 들어가. 이런 걸 받으려고 태어난 몸 같아.","…신기하네. 물이 너한테는 하나도 버티지 않고 그냥 들어가. 이런 걸 받으려고 태어난 몸 같아."
"src/data/quests.js","1031","네가 뭔지 물에 물어봤을 때 보였던 빈 둥지들 말이야. 어쩌면 거기는 이렇게 받은 숨결을 품고 돌아가는 곳이었는지도 모르겠어.","네가 뭔지 물에 물어봤을 때 보였던 빈 둥지들 말이야. 어쩌면 거기는 이렇게 받은 숨결을 품고 돌아가는 곳이었는지도 모르겠어."
"src/data/quests.js","1035","받았는가. 그 숨결은 우리가 그대를 믿는다는 표시요. 아랫마을 촌장에게도 그리 전해 주시오.","받았는가. 그 숨결은 우리가 그대를 믿는다는 표시요. 아랫마을 촌장에게도 그리 전해 주시오."
"src/data/quests.js","1041","금빛 사냥감","금빛 사냥감"
"src/data/quests.js","1042","숲에서 금빛으로 빛나는 [정예] 몬스터를 본 적 있냐. 무리를 이끄는 우두머리인데, 그런 놈을 하나 잡아 와 봐라. 잡는 걸 보려는 게 아니라 네가 거기서 뭘 보고 오는지가 궁금해서 그런다.","숲에서 금빛으로 빛나는 [정예] 몬스터를 본 적 있냐. 무리를 이끄는 우두머리인데, 그런 놈을 하나 잡아 와 봐라. 잡는 걸 보려는 게 아니라 네가 거기서 뭘 보고 오는지가 궁금해서 그런다."
"src/data/quests.js","1043","정예는 무리를 이끄는 개체다. 스승은 잡는 법보다 다른 걸 보고 오길 바라는 눈치다.","정예는 무리를 이끄는 개체다. 스승은 잡는 법보다 다른 걸 보고 오길 바라는 눈치다."
"src/data/quests.js","1047","금빛으로 빛나는 정예 몬스터를 하나 잡는다. 어느 지역에서나 드물게 나온다.","금빛으로 빛나는 정예 몬스터를 하나 잡는다. 어느 지역에서나 드물게 나온다."
"src/data/quests.js","1049","나","나"
"src/data/quests.js","1049","(무리가 흩어져 도망가는데, 금빛으로 빛나던 그놈만 끝까지 제자리에서 버티다가 쓰러졌다.)","(무리가 흩어져 도망가는데, 금빛으로 빛나던 그놈만 끝까지 제자리에서 버티다가 쓰러졌다.)"
"src/data/quests.js","1054","카이론에게 돌아가 본 것을 이야기한다.","카이론에게 돌아가 본 것을 이야기한다."
"src/data/quests.js","1056","다른 놈들은 다 도망가는데 그놈 하나만 안 도망가더라고? 그래, 그걸 보고 오라고 보낸 거다.","다른 놈들은 다 도망가는데 그놈 하나만 안 도망가더라고? 그래, 그걸 보고 오라고 보낸 거다."
"src/data/quests.js","1057","우두머리라는 게 그런 자리다. 제일 세서 앞에 서는 게 아니라, 뒤에 있는 것들 때문에 도망을 못 가는 자리지.","우두머리라는 게 그런 자리다. 제일 세서 앞에 서는 게 아니라, 뒤에 있는 것들 때문에 도망을 못 가는 자리지."
"src/data/quests.js","1058","…나도 예전에 그런 자리에 서 본 적이 있는데, 나는 끝까지 못 버텼다. 그 얘기는 나중에 기회가 되면 하자.","…나도 예전에 그런 자리에 서 본 적이 있는데, 나는 끝까지 못 버텼다. 그 얘기는 나중에 기회가 되면 하자."
"src/data/quests.js","1062","수고했다. 가서 씻고 밥 먹어라. 오늘 내가 한 말은 늙은이 넋두리니까 너무 담아 두지는 말고.","수고했다. 가서 씻고 밥 먹어라. 오늘 내가 한 말은 늙은이 넋두리니까 너무 담아 두지는 말고."
"src/data/quests.js","1067","형의 발자취","형의 발자취"
"src/data/quests.js","1068","화산에 가거든 부탁이 하나 있다. 기슭 어딘가에 형이랑 내가 어릴 때 키를 재면서 금을 그어 놓은 바위가 있을 거다. 그게 아직 남아 있는지만 보고 와 다오.","화산에 가거든 부탁이 하나 있다. 기슭 어딘가에 형이랑 내가 어릴 때 키를 재면서 금을 그어 놓은 바위가 있을 거다. 그게 아직 남아 있는지만 보고 와 다오."
"src/data/quests.js","1069","카이론과 이그나르는 어릴 때 화산 기슭까지 날아가서 놀곤 했다고 한다. 그때 키를 재던 바위가 아직 있는지 봐 달라는 부탁이다.","카이론과 이그나르는 어릴 때 화산 기슭까지 날아가서 놀곤 했다고 한다. 그때 키를 재던 바위가 아직 있는지 봐 달라는 부탁이다."
"src/data/quests.js","1073","잿빛 화산 기슭에 가 본다.","잿빛 화산 기슭에 가 본다."
"src/data/quests.js","1075","나","나"
"src/data/quests.js","1075","(기슭의 넓적한 바위에 금이 여러 줄 그어져 있다. 한쪽 금은 늘 다른 쪽보다 한 뼘씩 높다.)","(기슭의 넓적한 바위에 금이 여러 줄 그어져 있다. 한쪽 금은 늘 다른 쪽보다 한 뼘씩 높다.)"
"src/data/quests.js","1076","나","나"
"src/data/quests.js","1076","(그런데 제일 아래쪽에 새로 그은 금이 하나 더 있다. 돌가루가 아직 하얗고, 높이가 딱 내 키다.)","(그런데 제일 아래쪽에 새로 그은 금이 하나 더 있다. 돌가루가 아직 하얗고, 높이가 딱 내 키다.)"
"src/data/quests.js","1081","카이론에게 바위에서 본 것을 이야기한다.","카이론에게 바위에서 본 것을 이야기한다."
"src/data/quests.js","1083","아직 남아 있더냐. …네 키만 한 금이 새로 그어져 있었다고?","아직 남아 있더냐. …네 키만 한 금이 새로 그어져 있었다고?"
"src/data/quests.js","1084","(한참 말이 없다.) 형이 그은 거다. 그놈은 멀리서도 네가 얼마나 컸는지 보고 있었던 거야. 나한테 그랬던 것처럼.","(한참 말이 없다.) 형이 그은 거다. 그놈은 멀리서도 네가 얼마나 컸는지 보고 있었던 거야. 나한테 그랬던 것처럼."
"src/data/quests.js","1085","어릴 때는 내가 늘 한 뼘이 모자랐다. 형은 그게 분하면 빨리 크라고 놀렸지. 그 바위 앞에서는 우리 둘 다 그냥 애들이었는데 말이다.","어릴 때는 내가 늘 한 뼘이 모자랐다. 형은 그게 분하면 빨리 크라고 놀렸지. 그 바위 앞에서는 우리 둘 다 그냥 애들이었는데 말이다."
"src/data/quests.js","1089","…다녀와 줘서 고맙다. 나는 예순 해 동안 그 바위 앞까지도 못 갔다.","…다녀와 줘서 고맙다. 나는 예순 해 동안 그 바위 앞까지도 못 갔다."
"src/data/quests.js","1091","카이론은 수련장 바닥에 발톱으로 금을 하나 긋고 있다.","카이론은 수련장 바닥에 발톱으로 금을 하나 긋고 있다."
"src/data/quests.js","1094","""왜 직접 안 가 보셨어요?""","""왜 직접 안 가 보셨어요?"""
"src/data/quests.js","1096","가면 형을 만나게 될 텐데, 만나서 무슨 말을 해야 할지를 모르겠더라.","가면 형을 만나게 될 텐데, 만나서 무슨 말을 해야 할지를 모르겠더라."
"src/data/quests.js","1097","말리지 못한 게 미안하다고 해야 할지, 그래도 네가 틀렸다고 해야 할지. 예순 해를 고민했는데 아직도 못 정했다.","말리지 못한 게 미안하다고 해야 할지, 그래도 네가 틀렸다고 해야 할지. 예순 해를 고민했는데 아직도 못 정했다."
"src/data/quests.js","1101","""뒤에서 보는 하늘도 넓던데요""","""뒤에서 보는 하늘도 넓던데요"""
"src/data/quests.js","1103","…그 말을 네가 어떻게 아냐. 형이 떠나던 날 나한테 물었던 말인데. 뒤에서 보는 하늘은 좁지 않으냐고.","…그 말을 네가 어떻게 아냐. 형이 떠나던 날 나한테 물었던 말인데. 뒤에서 보는 하늘은 좁지 않으냐고."
"src/data/quests.js","1104","그때는 대답을 못 했다. 지금이라면 넓더라고 말해 줄 수 있을 텐데. 뒤에서 봤으니까 너 같은 놈도 보였던 거라고.","그때는 대답을 못 했다. 지금이라면 넓더라고 말해 줄 수 있을 텐데. 뒤에서 봤으니까 너 같은 놈도 보였던 거라고."
"src/data/quests.js","1115","본 이야기","본 이야기"
"src/data/quests.js","1116","스승 카이론","스승 카이론"
"src/data/quests.js","1117","또래 나라","또래 나라"
"src/data/quests.js","1118","티아맷","티아맷"
"src/data/quests.js","1119","포코","포코"
"src/data/quests.js","1120","그론","그론"
"src/data/quests.js","1121","미라","미라"
"src/data/quests.js","1122","맡겨 받은 숨결","맡겨 받은 숨결"
"src/systems/tour.js","23","안녕! 나 포코야! 너 내가 발견했어, 내가! 별인 줄 알았는데 용이더라. 근데 용이 더 좋아, 별은 말을 못 하잖아.","안녕! 나 포코야! 너 내가 발견했어, 내가! 별인 줄 알았는데 용이더라. 근데 용이 더 좋아, 별은 말을 못 하잖아."
"src/systems/tour.js","24","여기가 광장이야. 네가 떨어진 데가 딱 저기거든. 봐 봐, 돌 깨진 거 보이지? 그론 아저씨가 그것 때문에 사흘째 투덜대고 있어.","여기가 광장이야. 네가 떨어진 데가 딱 저기거든. 봐 봐, 돌 깨진 거 보이지? 그론 아저씨가 그것 때문에 사흘째 투덜대고 있어."
"src/systems/tour.js","25","샘물은 아무나 마셔도 돼. 나는 여기서 물장난 치다가 맨날 혼나지만.","샘물은 아무나 마셔도 돼. 나는 여기서 물장난 치다가 맨날 혼나지만."
"src/systems/tour.js","25","광장의 샘","광장의 샘"
"src/systems/tour.js","26","저 판때기는 게시판이야. 어른들이 심부름을 쪽지로 붙여 놓는 덴데, 하고 싶은 것만 떼어 가면 된대.","저 판때기는 게시판이야. 어른들이 심부름을 쪽지로 붙여 놓는 덴데, 하고 싶은 것만 떼어 가면 된대."
"src/systems/tour.js","26","게시판","게시판"
"src/systems/tour.js","29","여긴 그론 아저씨 대장간! 숲에서 주운 걸 갖다주면 아저씨가 비늘을 단단하게 해 줘.","여긴 그론 아저씨 대장간! 숲에서 주운 걸 갖다주면 아저씨가 비늘을 단단하게 해 줘."
"src/systems/tour.js","29","대장간 · 그론","대장간 · 그론"
"src/systems/tour.js","30","옆에 있는 누나는 엠버 누나야. 아저씨 조수인데 맨날 혼나.","옆에 있는 누나는 엠버 누나야. 아저씨 조수인데 맨날 혼나."
"src/systems/tour.js","30","조수 · 엠버","조수 · 엠버"
"src/systems/tour.js","31","뭘 봐. 살 거 아니면 가라.","뭘 봐. 살 거 아니면 가라."
"src/systems/tour.js","32","(작게) 무섭게 생겼지? 근데 있잖아, 나 나팔 소리 나면 맨날 여기 와서 숨거든. 아저씨가 나가라고 한 적 한 번도 없어.","(작게) 무섭게 생겼지? 근데 있잖아, 나 나팔 소리 나면 맨날 여기 와서 숨거든. 아저씨가 나가라고 한 적 한 번도 없어."
"src/systems/tour.js","33","다 들린다.","다 들린다."
"src/systems/tour.js","36","이 돌은 옛날 용들이 세운 거래. 손을 얹으면 막 빛나는데, 밖에 있는 똑같은 돌들도 깨워 놓으면 돌에서 돌로 슝 하고 갈 수 있대.","이 돌은 옛날 용들이 세운 거래. 손을 얹으면 막 빛나는데, 밖에 있는 똑같은 돌들도 깨워 놓으면 돌에서 돌로 슝 하고 갈 수 있대."
"src/systems/tour.js","36","이동 석비","이동 석비"
"src/systems/tour.js","37","난 안 써 봤어. 밖에 안 나가거든. …밖은 좀, 그래. 무서운 거 많아.","난 안 써 봤어. 밖에 안 나가거든. …밖은 좀, 그래. 무서운 거 많아."
"src/systems/tour.js","40","짜잔! 여기가 네 굴이야! 비어 있던 덴데 엘더 할아버지가 너한테 주래.","짜잔! 여기가 네 굴이야! 비어 있던 덴데 엘더 할아버지가 너한테 주래."
"src/systems/tour.js","40","나의 굴","나의 굴"
"src/systems/tour.js","41","안에는 마른 풀 잠자리 하나밖에 없긴 한데, 그건 내가 깔아 놓은 거다? 나도 처음엔 풀 한 줌으로 시작했어.","안에는 마른 풀 잠자리 하나밖에 없긴 한데, 그건 내가 깔아 놓은 거다? 나도 처음엔 풀 한 줌으로 시작했어."
"src/systems/tour.js","41","나의 굴","나의 굴"
"src/systems/tour.js","42","밤 되면 안에 있는 둥지에서 자면 돼. 애들은 밤에 돌아다니면 안 된대. 티아맷 누나한테 걸리면 진짜 무서워.","밤 되면 안에 있는 둥지에서 자면 돼. 애들은 밤에 돌아다니면 안 된대. 티아맷 누나한테 걸리면 진짜 무서워."
"src/systems/tour.js","43","다 봤다! 이제 할아버지한테 가 봐. 너 다 나으면 시킬 일 있다고 하셨거든.","다 봤다! 이제 할아버지한테 가 봐. 너 다 나으면 시킬 일 있다고 하셨거든."
"src/systems/tour.js","55","포코를 따라가자.","포코를 따라가자."
"src/systems/tour.js","78","이쪽이야, 이쪽!","이쪽이야, 이쪽!"
"src/systems/tour.js","99","포코가 광장 한쪽의 허수아비를 가리킨다. 마우스로 겨누고 클릭해서 부숴 보자.","포코가 광장 한쪽의 허수아비를 가리킨다. 마우스로 겨누고 클릭해서 부숴 보자."
"src/data/routines.js","20","촌장","촌장"
"src/data/routines.js","22","제 굴에서 잠들어 있다","제 굴에서 잠들어 있다"
"src/data/routines.js","23","분수 앞에서 아침 바람을 쐰다","분수 앞에서 아침 바람을 쐰다"
"src/data/routines.js","24","마을 일을 보며 오가는 이를 맞는다","마을 일을 보며 오가는 이를 맞는다"
"src/data/routines.js","25","호숫가에 앉아 오래된 것들을 헤아린다","호숫가에 앉아 오래된 것들을 헤아린다"
"src/data/routines.js","26","마을로 돌아와 하루를 마무리한다","마을로 돌아와 하루를 마무리한다"
"src/data/routines.js","27","모닥불 앞에서 옛이야기를 들려준다","모닥불 앞에서 옛이야기를 들려준다"
"src/data/routines.js","28","제 굴로 들어간다","제 굴로 들어간다"
"src/data/routines.js","30","처마 밑에서 비를 바라보고 있다","처마 밑에서 비를 바라보고 있다"
"src/data/routines.js","31","분수 앞에서 마을을 지휘한다","분수 앞에서 마을을 지휘한다"
"src/data/routines.js","36","수련장 사범","수련장 사범"
"src/data/routines.js","38","제 굴에서 잠들어 있다","제 굴에서 잠들어 있다"
"src/data/routines.js","39","해 뜨기 전부터 혼자 창을 휘두른다","해 뜨기 전부터 혼자 창을 휘두른다"
"src/data/routines.js","40","제자들의 자세를 하나씩 고쳐 준다","제자들의 자세를 하나씩 고쳐 준다"
"src/data/routines.js","41","숲길을 돌며 이상한 기척이 없는지 살핀다","숲길을 돌며 이상한 기척이 없는지 살핀다"
"src/data/routines.js","42","허수아비를 손보고 있다","허수아비를 손보고 있다"
"src/data/routines.js","43","모닥불 앞에서 엘더와 술잔을 기울인다","모닥불 앞에서 엘더와 술잔을 기울인다"
"src/data/routines.js","44","제 굴로 돌아간다","제 굴로 돌아간다"
"src/data/routines.js","46","처마 밑에서 비 긋는 김에 창날을 갈고 있다","처마 밑에서 비 긋는 김에 창날을 갈고 있다"
"src/data/routines.js","47","수련장을 비우지 않고 버티고 서 있다","수련장을 비우지 않고 버티고 서 있다"
"src/data/routines.js","52","수련생","수련생"
"src/data/routines.js","54","제 굴에 웅크려 자고 있다","제 굴에 웅크려 자고 있다"
"src/data/routines.js","55","아무도 없을 때 혼자 허수아비를 두들긴다","아무도 없을 때 혼자 허수아비를 두들긴다"
"src/data/routines.js","56","스승 앞에서 자세를 잡는다","스승 앞에서 자세를 잡는다"
"src/data/routines.js","57","굴 앞을 기웃거리며 들어갈까 망설인다","굴 앞을 기웃거리며 들어갈까 망설인다"
"src/data/routines.js","58","골짜기 안쪽을 혼자 정찰하고 있다","골짜기 안쪽을 혼자 정찰하고 있다"
"src/data/routines.js","59","모닥불 앞에서 오늘 배운 것을 되짚는다","모닥불 앞에서 오늘 배운 것을 되짚는다"
"src/data/routines.js","60","제 굴로 돌아가 눕는다","제 굴로 돌아가 눕는다"
"src/data/routines.js","62","비를 맞으면서도 허수아비를 놓지 않는다","비를 맞으면서도 허수아비를 놓지 않는다"
"src/data/routines.js","63","제일 앞에 나가 사냥꾼과 맞선다","제일 앞에 나가 사냥꾼과 맞선다"
"src/data/routines.js","66","구름마루에서 얻은 잠자리에 누워 있다","구름마루에서 얻은 잠자리에 누워 있다"
"src/data/routines.js","67","물가에서 혼자 자세를 잡고 있다","물가에서 혼자 자세를 잡고 있다"
"src/data/routines.js","68","폭포 아래에 서서 마을 쪽을 한참 보고 있다","폭포 아래에 서서 마을 쪽을 한참 보고 있다"
"src/data/routines.js","69","물가에서 해가 질 때까지 수련한다","물가에서 해가 질 때까지 수련한다"
"src/data/routines.js","70","구름마루에서 얻은 잠자리로 돌아간다","구름마루에서 얻은 잠자리로 돌아간다"
"src/data/routines.js","76","망루지기","망루지기"
"src/data/routines.js","78","망루 앞에서 밤을 지새운다","망루 앞에서 밤을 지새운다"
"src/data/routines.js","79","교대하고 내려와 날개를 편다","교대하고 내려와 날개를 편다"
"src/data/routines.js","80","동쪽 길목을 순찰한다","동쪽 길목을 순찰한다"
"src/data/routines.js","81","남쪽 길목까지 훑고 온다","남쪽 길목까지 훑고 온다"
"src/data/routines.js","82","모닥불 곁에서 날개를 말린다","모닥불 곁에서 날개를 말린다"
"src/data/routines.js","83","망루 앞에 서서 밤을 맡는다","망루 앞에 서서 밤을 맡는다"
"src/data/routines.js","85","비를 맞으며 망루를 지키고 있다","비를 맞으며 망루를 지키고 있다"
"src/data/routines.js","86","하늘로 올라 사냥꾼의 수를 세고 있다","하늘로 올라 사냥꾼의 수를 세고 있다"
"src/data/routines.js","91","대장장이","대장장이"
"src/data/routines.js","93","제 굴에서 코를 골고 있다","제 굴에서 코를 골고 있다"
"src/data/routines.js","94","화덕에 불을 지피고 있다","화덕에 불을 지피고 있다"
"src/data/routines.js","95","모루 앞에서 쇠를 두드린다","모루 앞에서 쇠를 두드린다"
"src/data/routines.js","96","물가에서 달군 쇠를 식히고 있다","물가에서 달군 쇠를 식히고 있다"
"src/data/routines.js","97","주문 받은 것을 마저 벼르고 있다","주문 받은 것을 마저 벼르고 있다"
"src/data/routines.js","98","모닥불 앞에서 손을 쉰다","모닥불 앞에서 손을 쉰다"
"src/data/routines.js","99","대장간 문을 닫고 굴로 들어간다","대장간 문을 닫고 굴로 들어간다"
"src/data/routines.js","101","비가 오면 화덕이 더 잘 산다며 신이 났다","비가 오면 화덕이 더 잘 산다며 신이 났다"
"src/data/routines.js","102","대장간 앞을 지키고 서 있다","대장간 앞을 지키고 서 있다"
"src/data/routines.js","107","돌아온 용","돌아온 용"
"src/data/routines.js","110","호숫가 빈 굴 앞에서 눈을 붙이고 있다","호숫가 빈 굴 앞에서 눈을 붙이고 있다"
"src/data/routines.js","111","호숫가 바위에 앉아 물을 내려다보고 있다","호숫가 바위에 앉아 물을 내려다보고 있다"
"src/data/routines.js","112","수련장 구석에서 카이론이 가르치는 걸 말없이 보고 있다","수련장 구석에서 카이론이 가르치는 걸 말없이 보고 있다"
"src/data/routines.js","113","모닥불에서 조금 떨어진 자리에 앉아 있다","모닥불에서 조금 떨어진 자리에 앉아 있다"
"src/data/routines.js","114","호숫가 빈 굴로 돌아간다","호숫가 빈 굴로 돌아간다"
"src/data/routines.js","118","잿마루의 불가에 앉아 있다","잿마루의 불가에 앉아 있다"
"src/data/routines.js","119","잿마루의 용들이 하는 보고를 듣고 있다","잿마루의 용들이 하는 보고를 듣고 있다"
"src/data/routines.js","120","불가에서 혼자 불을 보고 있다","불가에서 혼자 불을 보고 있다"
"src/data/routines.js","126","낚시꾼","낚시꾼"
"src/data/routines.js","128","집 앞 평상에서 코를 골고 있다","집 앞 평상에서 코를 골고 있다"
"src/data/routines.js","129","호숫가에 낚싯줄을 드리우고 꾸벅꾸벅 존다","호숫가에 낚싯줄을 드리우고 꾸벅꾸벅 존다"
"src/data/routines.js","130","잡은 고기를 세어 보고 다시 낚싯줄을 던진다","잡은 고기를 세어 보고 다시 낚싯줄을 던진다"
"src/data/routines.js","131","고기 꾸러미를 들고 집으로 돌아왔다","고기 꾸러미를 들고 집으로 돌아왔다"
"src/data/routines.js","132","모닥불 곁에서 미루와 나란히 앉아 있다","모닥불 곁에서 미루와 나란히 앉아 있다"
"src/data/routines.js","133","집 앞 평상에서 코를 골고 있다","집 앞 평상에서 코를 골고 있다"
"src/data/routines.js","135","비 오는 날은 낚시가 안 된다며 처마 밑에 앉아 있다","비 오는 날은 낚시가 안 된다며 처마 밑에 앉아 있다"
"src/data/routines.js","136","미루 앞을 막고 서 있다","미루 앞을 막고 서 있다"
"src/data/routines.js","139","알 옆에서 코를 골다가 자꾸 깬다","알 옆에서 코를 골다가 자꾸 깬다"
"src/data/routines.js","140","낚싯줄을 던져 놓고 자꾸 마을 쪽을 돌아본다","낚싯줄을 던져 놓고 자꾸 마을 쪽을 돌아본다"
"src/data/routines.js","141","집 앞을 서성이며 알을 들여다본다","집 앞을 서성이며 알을 들여다본다"
"src/data/routines.js","142","알 옆에서 코를 골다가 자꾸 깬다","알 옆에서 코를 골다가 자꾸 깬다"
"src/data/routines.js","146","살림","살림"
"src/data/routines.js","148","집 안에서 자고 있다","집 안에서 자고 있다"
"src/data/routines.js","149","집 앞에 고기를 널어 말리고 있다","집 앞에 고기를 널어 말리고 있다"
"src/data/routines.js","150","분수에서 물을 긷고 있다","분수에서 물을 긷고 있다"
"src/data/routines.js","151","널어 둔 고기를 뒤집으며 호수 쪽을 본다","널어 둔 고기를 뒤집으며 호수 쪽을 본다"
"src/data/routines.js","152","모닥불 곁에서 도란과 나란히 앉아 있다","모닥불 곁에서 도란과 나란히 앉아 있다"
"src/data/routines.js","153","집 안으로 들어간다","집 안으로 들어간다"
"src/data/routines.js","155","젖기 전에 널어 둔 고기를 걷고 있다","젖기 전에 널어 둔 고기를 걷고 있다"
"src/data/routines.js","156","도란 뒤에서 돌멩이를 골라 쥐고 있다","도란 뒤에서 돌멩이를 골라 쥐고 있다"
"src/data/routines.js","159","집 안에서 알을 품고 있다","집 안에서 알을 품고 있다"
"src/data/routines.js","160","집 앞에 알을 내놓고 햇볕을 쬐어 주고 있다","집 앞에 알을 내놓고 햇볕을 쬐어 주고 있다"
"src/data/routines.js","161","알을 안고 집으로 들어간다","알을 안고 집으로 들어간다"
"src/data/routines.js","166","아이","아이"
"src/data/routines.js","169","엄마 품에서 자고 있다","엄마 품에서 자고 있다"
"src/data/routines.js","170","집 앞에서 도란이 놓고 간 고기를 툭툭 건드리고 있다","집 앞에서 도란이 놓고 간 고기를 툭툭 건드리고 있다"
"src/data/routines.js","171","누리 뒤를 아장아장 따라다닌다","누리 뒤를 아장아장 따라다닌다"
"src/data/routines.js","172","집 앞 그늘에서 낮잠을 잔다","집 앞 그늘에서 낮잠을 잔다"
"src/data/routines.js","173","모닥불 곁에서 도란 무릎에 앉아 있다","모닥불 곁에서 도란 무릎에 앉아 있다"
"src/data/routines.js","174","미루한테 안겨 집으로 들어간다","미루한테 안겨 집으로 들어간다"
"src/data/routines.js","176","문틈으로 빗방울을 세고 있다","문틈으로 빗방울을 세고 있다"
"src/data/routines.js","177","미루 품에 안겨 있다","미루 품에 안겨 있다"
"src/data/routines.js","182","나무꾼","나무꾼"
"src/data/routines.js","184","집 안에서 자고 있다","집 안에서 자고 있다"
"src/data/routines.js","185","숲 어귀에서 나무를 하고 있다","숲 어귀에서 나무를 하고 있다"
"src/data/routines.js","186","그루터기에 앉아 도시락을 먹는다","그루터기에 앉아 도시락을 먹는다"
"src/data/routines.js","187","장작을 집 옆에 쌓고 있다","장작을 집 옆에 쌓고 있다"
"src/data/routines.js","188","모닥불 곁에서 누리를 무릎에 앉히고 있다","모닥불 곁에서 누리를 무릎에 앉히고 있다"
"src/data/routines.js","189","집 안으로 들어간다","집 안으로 들어간다"
"src/data/routines.js","191","비 오는 날은 집 앞에서 도끼를 손질한다","비 오는 날은 집 앞에서 도끼를 손질한다"
"src/data/routines.js","192","집 앞을 도끼를 들고 막아섰다","집 앞을 도끼를 들고 막아섰다"
"src/data/routines.js","195","살림","살림"
"src/data/routines.js","197","집 안에서 누리를 안고 자고 있다","집 안에서 누리를 안고 자고 있다"
"src/data/routines.js","198","집 앞에서 누리 비늘을 닦아 주고 있다","집 앞에서 누리 비늘을 닦아 주고 있다"
"src/data/routines.js","199","분수에서 물을 긷는다","분수에서 물을 긷는다"
"src/data/routines.js","200","집 앞에서 바느질을 하며 광장 쪽을 본다","집 앞에서 바느질을 하며 광장 쪽을 본다"
"src/data/routines.js","201","모닥불 곁에서 단과 누리 옆에 앉아 있다","모닥불 곁에서 단과 누리 옆에 앉아 있다"
"src/data/routines.js","202","누리를 데리고 집으로 들어간다","누리를 데리고 집으로 들어간다"
"src/data/routines.js","204","누리가 비 맞으러 나갈까 봐 문 앞을 지킨다","누리가 비 맞으러 나갈까 봐 문 앞을 지킨다"
"src/data/routines.js","205","누리를 품에 안고 집 안에 있다","누리를 품에 안고 집 안에 있다"
"src/data/routines.js","208","아이","아이"
"src/data/routines.js","210","엄마 품에서 자고 있다","엄마 품에서 자고 있다"
"src/data/routines.js","211","포코 굴 앞에서 포코를 부르고 있다","포코 굴 앞에서 포코를 부르고 있다"
"src/data/routines.js","212","분수 둘레를 뱅뱅 돌고 있다","분수 둘레를 뱅뱅 돌고 있다"
"src/data/routines.js","213","집 앞에서 작대기로 땅에 그림을 그린다","집 앞에서 작대기로 땅에 그림을 그린다"
"src/data/routines.js","214","모닥불 곁에서 아빠 무릎에 앉아 졸고 있다","모닥불 곁에서 아빠 무릎에 앉아 졸고 있다"
"src/data/routines.js","215","엄마한테 끌려 집으로 들어간다","엄마한테 끌려 집으로 들어간다"
"src/data/routines.js","217","문틈으로 비를 구경한다","문틈으로 비를 구경한다"
"src/data/routines.js","218","엄마 품에 안겨 있다","엄마 품에 안겨 있다"
"src/data/routines.js","223","대장간 조수","대장간 조수"
"src/data/routines.js","225","대장간 구석 화덕 옆에 웅크려 자고 있다","대장간 구석 화덕 옆에 웅크려 자고 있다"
"src/data/routines.js","226","하품을 하며 풀무를 밟고 있다","하품을 하며 풀무를 밟고 있다"
"src/data/routines.js","227","그론한테 혼나면서 쇠를 나르고 있다","그론한테 혼나면서 쇠를 나르고 있다"
"src/data/routines.js","228","그론이 없는 틈에 게으름을 피우고 있다","그론이 없는 틈에 게으름을 피우고 있다"
"src/data/routines.js","229","휘어진 못을 몰래 펴고 있다","휘어진 못을 몰래 펴고 있다"
"src/data/routines.js","230","모닥불 앞에서 제일 크게 떠들고 있다","모닥불 앞에서 제일 크게 떠들고 있다"
"src/data/routines.js","231","대장간 구석으로 자러 간다","대장간 구석으로 자러 간다"
"src/data/routines.js","233","비 새는 데를 찾아 양동이를 받치고 있다","비 새는 데를 찾아 양동이를 받치고 있다"
"src/data/routines.js","234","망치를 들고 대장간 앞에 서 있다","망치를 들고 대장간 앞에 서 있다"
"src/data/routines.js","237","대장간 구석 화덕 옆에 웅크려 자고 있다","대장간 구석 화덕 옆에 웅크려 자고 있다"
"src/data/routines.js","238","누가 깨우지 않아도 일어나 화덕에 불을 지피고 있다","누가 깨우지 않아도 일어나 화덕에 불을 지피고 있다"
"src/data/routines.js","239","그론의 모루 앞에서 혼자 쇠를 두드린다","그론의 모루 앞에서 혼자 쇠를 두드린다"
"src/data/routines.js","240","휘어진 못을 펴고 있다. 이제는 몰래가 아니다","휘어진 못을 펴고 있다. 이제는 몰래가 아니다"
"src/data/routines.js","241","모닥불 앞에 앉아 있다. 예전만큼 떠들지는 않는다","모닥불 앞에 앉아 있다. 예전만큼 떠들지는 않는다"
"src/data/routines.js","242","대장간 구석으로 자러 간다","대장간 구석으로 자러 간다"
"src/data/routines.js","248","약초꾼","약초꾼"
"src/data/routines.js","250","약초 말리는 시렁 옆에서 자고 있다","약초 말리는 시렁 옆에서 자고 있다"
"src/data/routines.js","251","말린 약초를 하나하나 뒤집고 있다","말린 약초를 하나하나 뒤집고 있다"
"src/data/routines.js","252","물가에서 약초를 캐고 있다","물가에서 약초를 캐고 있다"
"src/data/routines.js","253","엘더의 무릎약을 달이고 있다","엘더의 무릎약을 달이고 있다"
"src/data/routines.js","254","약초를 캔다며 폭포 쪽을 서성이고 있다","약초를 캔다며 폭포 쪽을 서성이고 있다"
"src/data/routines.js","255","모닥불 곁에서 말없이 웃고 있다","모닥불 곁에서 말없이 웃고 있다"
"src/data/routines.js","256","시렁 옆 잠자리로 돌아간다","시렁 옆 잠자리로 돌아간다"
"src/data/routines.js","258","젖기 전에 약초를 걷어 들이고 있다","젖기 전에 약초를 걷어 들이고 있다"
"src/data/routines.js","259","다친 용을 뒤로 끌어내고 있다","다친 용을 뒤로 끌어내고 있다"
"src/data/routines.js","264","심부름꾼","심부름꾼"
"src/data/routines.js","266","배를 하늘로 하고 자고 있다","배를 하늘로 하고 자고 있다"
"src/data/routines.js","267","아침부터 배가 고프다고 돌아다닌다","아침부터 배가 고프다고 돌아다닌다"
"src/data/routines.js","268","분수 가에서 물장난을 치고 있다","분수 가에서 물장난을 치고 있다"
"src/data/routines.js","269","호수에서 물고기를 노려보고 있다","호수에서 물고기를 노려보고 있다"
"src/data/routines.js","270","남의 굴 앞에서 마음대로 놀고 있다","남의 굴 앞에서 마음대로 놀고 있다"
"src/data/routines.js","271","모닥불 앞에서 고기 냄새를 맡고 있다","모닥불 앞에서 고기 냄새를 맡고 있다"
"src/data/routines.js","272","하품을 하며 제 굴로 간다","하품을 하며 제 굴로 간다"
"src/data/routines.js","274","비 오는 게 신나서 웅덩이를 밟고 다닌다","비 오는 게 신나서 웅덩이를 밟고 다닌다"
"src/data/routines.js","275","어른들 뒤에 숨어 덜덜 떨고 있다","어른들 뒤에 숨어 덜덜 떨고 있다"
"src/data/routines.js","281","구름마루의 어른","구름마루의 어른"
"src/data/routines.js","283","제 굴에서 물소리를 들으며 자고 있다","제 굴에서 물소리를 들으며 자고 있다"
"src/data/routines.js","284","샘 앞에서 물이 하는 말을 듣는다","샘 앞에서 물이 하는 말을 듣는다"
"src/data/routines.js","285","마을 일을 보며 오가는 이를 맞는다","마을 일을 보며 오가는 이를 맞는다"
"src/data/routines.js","286","물가에 앉아 오래된 것들을 헤아린다","물가에 앉아 오래된 것들을 헤아린다"
"src/data/routines.js","287","모닥불 앞에서 옛이야기를 들려준다","모닥불 앞에서 옛이야기를 들려준다"
"src/data/routines.js","288","제 굴로 들어간다","제 굴로 들어간다"
"src/data/routines.js","290","비 오는 날의 물소리가 제일 맑다며 샘 앞에 서 있다","비 오는 날의 물소리가 제일 맑다며 샘 앞에 서 있다"
"src/data/routines.js","293","물을 읽는 자","물을 읽는 자"
"src/data/routines.js","295","제 굴에서 자고 있다","제 굴에서 자고 있다"
"src/data/routines.js","296","폭포에 비친 것을 읽고 있다","폭포에 비친 것을 읽고 있다"
"src/data/routines.js","297","이끼와 약초를 말리고 있다","이끼와 약초를 말리고 있다"
"src/data/routines.js","298","고인 물을 들여다보며 무언가를 세고 있다","고인 물을 들여다보며 무언가를 세고 있다"
"src/data/routines.js","299","모닥불 곁에서 오늘 본 것을 적는다","모닥불 곁에서 오늘 본 것을 적는다"
"src/data/routines.js","300","제 굴로 돌아간다","제 굴로 돌아간다"
"src/data/routines.js","302","비 오는 날엔 물이 말이 많다며 폭포 앞에 서 있다","비 오는 날엔 물이 말이 많다며 폭포 앞에 서 있다"
"src/data/routines.js","305","구름마루의 수련생","구름마루의 수련생"
"src/data/routines.js","307","제 굴에 웅크려 자고 있다","제 굴에 웅크려 자고 있다"
"src/data/routines.js","308","혼자 물수제비를 뜨고 있다","혼자 물수제비를 뜨고 있다"
"src/data/routines.js","309","물속에 들어가 숨 참기를 연습한다","물속에 들어가 숨 참기를 연습한다"
"src/data/routines.js","310","폭포 끝까지 내려와 아래를 기웃거린다","폭포 끝까지 내려와 아래를 기웃거린다"
"src/data/routines.js","311","모닥불 앞에서 바깥 이야기를 조른다","모닥불 앞에서 바깥 이야기를 조른다"
"src/data/routines.js","312","제 굴로 들어가 눕는다","제 굴로 들어가 눕는다"
"src/data/routines.js","314","비가 오면 물이 불어서 더 재밌다며 뛰어다닌다","비가 오면 물이 불어서 더 재밌다며 뛰어다닌다"
"src/data/routines.js","317","경계를 도는 자","경계를 도는 자"
"src/data/routines.js","319","마을 초입에서 밤을 지새운다","마을 초입에서 밤을 지새운다"
"src/data/routines.js","320","폭포 위 경계를 돌고 있다","폭포 위 경계를 돌고 있다"
"src/data/routines.js","321","마을로 들어오는 길목을 지킨다","마을로 들어오는 길목을 지킨다"
"src/data/routines.js","322","경계 아래쪽까지 내려와 발자국을 세고 있다","경계 아래쪽까지 내려와 발자국을 세고 있다"
"src/data/routines.js","323","제 굴에서 창을 손질한다","제 굴에서 창을 손질한다"
"src/data/routines.js","324","다시 초입으로 나선다","다시 초입으로 나선다"
"src/data/routines.js","326","비를 맞으며 길목에 버티고 서 있다","비를 맞으며 길목에 버티고 서 있다"
"src/data/enemies.js","9","허수아비","허수아비"
"src/data/enemies.js","10","들쥐","들쥐"
"src/data/enemies.js","11","슬라임","슬라임"
"src/data/enemies.js","12","고블린","고블린"
"src/data/enemies.js","13","밀림쥐","밀림쥐"
"src/data/enemies.js","14","붉은 게","붉은 게"
"src/data/enemies.js","15","독거미","독거미"
"src/data/enemies.js","16","흡혈박쥐","흡혈박쥐"
"src/data/enemies.js","17","도적","도적"
"src/data/enemies.js","18","광신도","광신도"
"src/data/enemies.js","19","방패 고블린","방패 고블린"
"src/data/enemies.js","20","서리 슬라임","서리 슬라임"
"src/data/enemies.js","21","눈박쥐","눈박쥐"
"src/data/enemies.js","22","서리 주술사","서리 주술사"
"src/data/enemies.js","23","용암 슬라임","용암 슬라임"
"src/data/enemies.js","24","불씨 거미","불씨 거미"
"src/data/enemies.js","25","모래 게","모래 게"
"src/data/enemies.js","26","망령","망령"
"src/data/enemies.js","48","옛 수호룡 모르가스","옛 수호룡 모르가스"
"src/data/enemies.js","48","달빛 골짜기의 주인","달빛 골짜기의 주인"
"src/data/enemies.js","52","뼈의 울음","뼈의 울음"
"src/data/enemies.js","53","부르는 소리","부르는 소리"
"src/data/enemies.js","53","「아직… 아직은 갈 수가 없다.」","「아직… 아직은 갈 수가 없다.」"
"src/data/enemies.js","58","쌍두룡 잘고라","쌍두룡 잘고라"
"src/data/enemies.js","58","환영의 밀림의 폭군","환영의 밀림의 폭군"
"src/data/enemies.js","62","오른쪽 머리","오른쪽 머리"
"src/data/enemies.js","63","왼쪽 머리","왼쪽 머리"
"src/data/enemies.js","63","「비켜, 이번에는 내 차례다!」","「비켜, 이번에는 내 차례다!」"
"src/data/enemies.js","64","두 머리","두 머리"
"src/data/enemies.js","64","「내가 왕이다!」 「아니, 내가!」","「내가 왕이다!」 「아니, 내가!」"
"src/data/enemies.js","69","서리 여왕 글라시아","서리 여왕 글라시아"
"src/data/enemies.js","69","얼어붙은 봉우리의 지배자","얼어붙은 봉우리의 지배자"
"src/data/enemies.js","73","서리","서리"
"src/data/enemies.js","74","얼어붙는 바닥","얼어붙는 바닥"
"src/data/enemies.js","74","「이 산에는 아무도 들이지 않는다.」","「이 산에는 아무도 들이지 않는다.」"
"src/data/enemies.js","75","눈보라","눈보라"
"src/data/enemies.js","75","「예순 개였다… 예순 개를 내가…」","「예순 개였다… 예순 개를 내가…」"
"src/data/enemies.js","80","모래 폭군 바실","모래 폭군 바실"
"src/data/enemies.js","80","죽은 사구의 포식자","죽은 사구의 포식자"
"src/data/enemies.js","84","모래 위","모래 위"
"src/data/enemies.js","85","모래 밑","모래 밑"
"src/data/enemies.js","86","폭주","폭주"
"src/data/enemies.js","91","고룡 이그나르","고룡 이그나르"
"src/data/enemies.js","91","하늘에서 떨어진 재앙","하늘에서 떨어진 재앙"
"src/data/enemies.js","95","제 숨결","제 숨결"
"src/data/enemies.js","96","빼앗은 숨결","빼앗은 숨결"
"src/data/enemies.js","96","「네가 받았다는 그 숨결들이 나한테는 하나도 주어지지 않았다.」","「네가 받았다는 그 숨결들이 나한테는 하나도 주어지지 않았다.」"
"src/data/enemies.js","97","하늘에서 떨어진 것","하늘에서 떨어진 것"
"src/data/enemies.js","97","「좋다, 그렇다면 끝까지 와 봐라.」","「좋다, 그렇다면 끝까지 와 봐라.」"
"src/data/enemies.js","104","기사","기사"
"src/data/enemies.js","105","궁수","궁수"
"src/data/enemies.js","106","마법사","마법사"
"src/data/enemies.js","107","그물꾼","그물꾼"
"src/data/enemies.js","108","중갑 기사","중갑 기사"
"src/data/enemies.js","109","사냥꾼 대장","사냥꾼 대장"
"src/data/skills.js","17","육체","육체"
"src/data/skills.js","17","꼬리와 날개, 몸으로 치고 파고드는 기술","꼬리와 날개, 몸으로 치고 파고드는 기술"
"src/data/skills.js","18","숨결","숨결"
"src/data/skills.js","18","숨결을 쏟아내 넓은 땅을 지배하는 기술","숨결을 쏟아내 넓은 땅을 지배하는 기술"
"src/data/skills.js","19","혼","혼"
"src/data/skills.js","19","자신과 무리를 일으켜 세우는 기술","자신과 무리를 일으켜 세우는 기술"
"src/data/skills.js","32","덮치기","덮치기"
"src/data/skills.js","32","짧게 도약해 앞의 적을 물어뜯는다","짧게 도약해 앞의 적을 물어뜯는다"
"src/data/skills.js","33","숲에서 적 25마리를 쓰러뜨리면 몸이 먼저 기억한다","숲에서 적 25마리를 쓰러뜨리면 몸이 먼저 기억한다"
"src/data/skills.js","34","꼬리 후려치기","꼬리 후려치기"
"src/data/skills.js","34","몸을 돌려 주변을 크게 후려친다. 밀쳐낸다","몸을 돌려 주변을 크게 후려친다. 밀쳐낸다"
"src/data/skills.js","36","날개 돌풍","날개 돌풍"
"src/data/skills.js","36","앞의 적을 날려 보내고 날아오는 탄을 지운다","앞의 적을 날려 보내고 날아오는 탄을 지운다"
"src/data/skills.js","38","번개 질주","번개 질주"
"src/data/skills.js","38","번개가 되어 앞으로 순간이동. 지나간 길의 적을 지진다","번개가 되어 앞으로 순간이동. 지나간 길의 적을 지진다"
"src/data/skills.js","39","티아맷과의 대련에서 처음 이기면 그 몸놀림을 훔칠 수 있다","티아맷과의 대련에서 처음 이기면 그 몸놀림을 훔칠 수 있다"
"src/data/skills.js","40","급강하","급강하"
"src/data/skills.js","40","겨눈 곳으로 날아올라 내리꽂는다. 나는 동안 무적","겨눈 곳으로 날아올라 내리꽂는다. 나는 동안 무적"
"src/data/skills.js","42","폭풍의 춤","폭풍의 춤"
"src/data/skills.js","42","2초 동안 회전하며 주변을 계속 베고 날아오는 탄을 지운다. 움직이며 쓸 수 있다","2초 동안 회전하며 주변을 계속 베고 날아오는 탄을 지운다. 움직이며 쓸 수 있다"
"src/data/skills.js","43","꼬리와 날개를 함께 갈고닦으면 한 동작으로 이어진다","꼬리와 날개를 함께 갈고닦으면 한 동작으로 이어진다"
"src/data/skills.js","46","운석 낙하","운석 낙하"
"src/data/skills.js","46","겨눈 자리에 운석을 떨어뜨린다. 넓은 범위, 화상","겨눈 자리에 운석을 떨어뜨린다. 넓은 범위, 화상"
"src/data/skills.js","48","빙결 파동","빙결 파동"
"src/data/skills.js","48","주변의 모든 적을 2.5초 동안 얼린다","주변의 모든 적을 2.5초 동안 얼린다"
"src/data/skills.js","50","해일","해일"
"src/data/skills.js","50","앞쪽의 적을 멀리 쓸어 내고 흠뻑 적신다. 젖은 적은 번개와 냉기에 약하다","앞쪽의 적을 멀리 쓸어 내고 흠뻑 적신다. 젖은 적은 번개와 냉기에 약하다"
"src/data/skills.js","51","구름마루에서 물의 숨결을 맡겨 받으면","구름마루에서 물의 숨결을 맡겨 받으면"
"src/data/skills.js","52","지각 융기","지각 융기"
"src/data/skills.js","52","내 둘레로 바위가 솟아올라 닿은 적을 기절시킨다","내 둘레로 바위가 솟아올라 닿은 적을 기절시킨다"
"src/data/skills.js","53","바윗골에서 땅의 숨결을 맡겨 받으면","바윗골에서 땅의 숨결을 맡겨 받으면"
"src/data/skills.js","54","가시덤불","가시덤불"
"src/data/skills.js","54","겨눈 자리에 가시덤불이 자라 5초 동안 적을 붙들고 독을 묻힌다","겨눈 자리에 가시덤불이 자라 5초 동안 적을 붙들고 독을 묻힌다"
"src/data/skills.js","55","뿌리골에서 풀의 숨결을 맡겨 받으면","뿌리골에서 풀의 숨결을 맡겨 받으면"
"src/data/skills.js","56","화염 방사","화염 방사"
"src/data/skills.js","56","1.8초 동안 앞쪽 부채꼴을 불태운다. 움직이며 쓸 수 있다","1.8초 동안 앞쪽 부채꼴을 불태운다. 움직이며 쓸 수 있다"
"src/data/skills.js","58","번개 폭풍","번개 폭풍"
"src/data/skills.js","58","3초 동안 주변 적에게 벼락이 쏟아진다","3초 동안 주변 적에게 벼락이 쏟아진다"
"src/data/skills.js","60","서릿발","서릿발"
"src/data/skills.js","60","앞으로 얼음 기둥이 줄지어 솟는다. 맞은 적은 언다","앞으로 얼음 기둥이 줄지어 솟는다. 맞은 적은 언다"
"src/data/skills.js","62","오로라 숨결","오로라 숨결"
"src/data/skills.js","62","불·얼음·번개가 뒤엉킨 빛의 띠를 앞으로 길게 토해낸다. 화상·빙결·감전","불·얼음·번개가 뒤엉킨 빛의 띠를 앞으로 길게 토해낸다. 화상·빙결·감전"
"src/data/skills.js","63","세 보스의 숨결을 모두 2단까지 익히면 하나로 엮인다","세 보스의 숨결을 모두 2단까지 익히면 하나로 엮인다"
"src/data/skills.js","66","포효","포효"
"src/data/skills.js","66","주변 적을 기절시키고 6초간 분노(피해·연사 증가)","주변 적을 기절시키고 6초간 분노(피해·연사 증가)"
"src/data/skills.js","68","허물 벗기","허물 벗기"
"src/data/skills.js","68","느려진 몸을 털어내고 1.2초 무적. 체력 20% 회복하며 주변을 밀쳐낸다","느려진 몸을 털어내고 1.2초 무적. 체력 20% 회복하며 주변을 밀쳐낸다"
"src/data/skills.js","69","체력이 20% 아래로 떨어진 위기를 세 번 넘기면 몸이 스스로 껍질을 벗는다","체력이 20% 아래로 떨어진 위기를 세 번 넘기면 몸이 스스로 껍질을 벗는다"
"src/data/skills.js","70","재생의 숨결","재생의 숨결"
"src/data/skills.js","70","4초에 걸쳐 체력 35% 회복. 곁의 가족·동료도 회복","4초에 걸쳐 체력 35% 회복. 곁의 가족·동료도 회복"
"src/data/skills.js","72","강철 비늘","강철 비늘"
"src/data/skills.js","72","5초 동안 받는 피해 70% 감소","5초 동안 받는 피해 70% 감소"
"src/data/skills.js","74","용의 함성","용의 함성"
"src/data/skills.js","74","가족·동료·마을 용을 회복시키고 10초간 공격력 +50%","가족·동료·마을 용을 회복시키고 10초간 공격력 +50%"
"src/data/furniture.js","17","마른 풀 잠자리","마른 풀 잠자리"
"src/data/furniture.js","17","깔고 자면 등이 배기지 않는다.","깔고 자면 등이 배기지 않는다."
"src/data/furniture.js","18","나무 걸상","나무 걸상"
"src/data/furniture.js","18","앉을 자리 하나쯤은 있어야지.","앉을 자리 하나쯤은 있어야지."
"src/data/furniture.js","19","작은 탁자","작은 탁자"
"src/data/furniture.js","19","올려놓을 데가 생겼다.","올려놓을 데가 생겼다."
"src/data/furniture.js","20","모아 둔 돌","모아 둔 돌"
"src/data/furniture.js","20","주워 온 돌을 쌓아 두었다.","주워 온 돌을 쌓아 두었다."
"src/data/furniture.js","21","나무 울타리","나무 울타리"
"src/data/furniture.js","21","구석을 나눠 놓는다.","구석을 나눠 놓는다."
"src/data/furniture.js","22","보물함","보물함"
"src/data/furniture.js","22","모은 것을 넣어 둔다.","모은 것을 넣어 둔다."
"src/data/furniture.js","23","책 선반","책 선반"
"src/data/furniture.js","23","엘더가 빌려준 두루마리들.","엘더가 빌려준 두루마리들."
"src/data/furniture.js","24","작은 모루","작은 모루"
"src/data/furniture.js","24","그론에게 얻어 온 것.","그론에게 얻어 온 것."
"src/data/furniture.js","25","나무 방패","나무 방패"
"src/data/furniture.js","25","벽에 걸어 둔다.","벽에 걸어 둔다."
"src/data/furniture.js","26","걸어 둔 검","걸어 둔 검"
"src/data/furniture.js","26","쓸 일이 없기를.","쓸 일이 없기를."
"src/data/furniture.js","27","걸어 둔 망치","걸어 둔 망치"
"src/data/furniture.js","27","무겁다.","무겁다."
"src/data/furniture.js","28","걸어 둔 지팡이","걸어 둔 지팡이"
"src/data/furniture.js","28","무엇에 쓰는지는 모른다.","무엇에 쓰는지는 모른다."
"src/data/furniture.js","29","붉은 깃발","붉은 깃발"
"src/data/furniture.js","29","제 표식을 내건다.","제 표식을 내건다."
"src/data/furniture.js","30","액자","액자"
"src/data/furniture.js","30","마을이 내려다보이는 그림.","마을이 내려다보이는 그림."
"src/data/furniture.js","31","돌기둥","돌기둥"
"src/data/furniture.js","31","천장을 받쳐 준다. 사실은 멋으로.","천장을 받쳐 준다. 사실은 멋으로."
"src/data/furniture.js","32","약병 선반","약병 선반"
"src/data/furniture.js","32","무슨 맛인지는 모르겠다.","무슨 맛인지는 모르겠다."
"src/data/furniture.js","33","빛나는 구슬","빛나는 구슬"
"src/data/furniture.js","33","밤에도 굴이 환하다.","밤에도 굴이 환하다."
"src/data/furniture.js","34","화로","화로"
"src/data/furniture.js","34","불을 피워 두면 겨울에도 따뜻하다.","불을 피워 두면 겨울에도 따뜻하다."
"src/data/furniture.js","38","푹신한 잠자리","푹신한 잠자리"
"src/data/furniture.js","38","마른 풀보다야 낫다.","마른 풀보다야 낫다."
"src/data/furniture.js","39","등받이 의자","등받이 의자"
"src/data/furniture.js","39","기대앉으면 꼬리가 편하다.","기대앉으면 꼬리가 편하다."
"src/data/furniture.js","40","긴 탁자","긴 탁자"
"src/data/furniture.js","40","여럿이 둘러앉을 수 있다.","여럿이 둘러앉을 수 있다."
"src/data/furniture.js","41","찬장","찬장"
"src/data/furniture.js","41","넣어 둘 데가 넉넉하다.","넣어 둘 데가 넉넉하다."
"src/data/furniture.js","42","서랍장","서랍장"
"src/data/furniture.js","42","뭘 넣었는지는 잊었다.","뭘 넣었는지는 잊었다."
"src/data/furniture.js","43","벽난로","벽난로"
"src/data/furniture.js","43","굴 전체가 따뜻해진다.","굴 전체가 따뜻해진다."
"src/data/furniture.js","44","화분 나무","화분 나무"
"src/data/furniture.js","44","굴 안에서도 잘 자란다.","굴 안에서도 잘 자란다."
"src/data/furniture.js","45","창","창"
"src/data/furniture.js","45","바위를 뚫어 바깥을 냈다.","바위를 뚫어 바깥을 냈다."
"src/data/furniture.js","46","밤하늘 그림","밤하늘 그림"
"src/data/furniture.js","46","떨어지던 날의 하늘.","떨어지던 날의 하늘."
"src/data/furniture.js","56","휑하다","휑하다"
"src/data/furniture.js","56","아직 돌바닥뿐이다.","아직 돌바닥뿐이다."
"src/data/furniture.js","57","살 만하다","살 만하다"
"src/data/furniture.js","57","조금씩 굴 같아진다.","조금씩 굴 같아진다."
"src/data/furniture.js","58","아늑하다","아늑하다"
"src/data/furniture.js","58","들어서면 마음이 놓인다.","들어서면 마음이 놓인다."
"src/data/furniture.js","59","포근하다","포근하다"
"src/data/furniture.js","59","누구라도 눌러앉고 싶어진다.","누구라도 눌러앉고 싶어진다."
"src/data/furniture.js","60","누구의 집","누구의 집"
"src/data/furniture.js","60","이제 여기는 분명히 네 집이다.","이제 여기는 분명히 네 집이다."
"src/data/maps.js","28","웨스턴 마을","웨스턴 마을"
"src/data/maps.js","32","동쪽 숲길","동쪽 숲길"
"src/data/maps.js","33","남쪽 숲길","남쪽 숲길"
"src/data/maps.js","34","신비의 호수","신비의 호수"
"src/data/maps.js","54","신비의 호수","신비의 호수"
"src/data/maps.js","58","웨스턴 마을","웨스턴 마을"
"src/data/maps.js","59","구름 폭포","구름 폭포"
"src/data/maps.js","71","구름 폭포","구름 폭포"
"src/data/maps.js","77","신비의 호수","신비의 호수"
"src/data/maps.js","78","구름마루 마을","구름마루 마을"
"src/data/maps.js","90","구름마루 마을","구름마루 마을"
"src/data/maps.js","95","구름 폭포","구름 폭포"
"src/data/maps.js","96","구름 위","구름 위"
"src/data/maps.js","113","구름 위 폐허","구름 위 폐허"
"src/data/maps.js","115","구름마루 마을","구름마루 마을"
"src/data/maps.js","127","동쪽 숲길","동쪽 숲길"
"src/data/maps.js","131","웨스턴 마을","웨스턴 마을"
"src/data/maps.js","132","카이론의 수련장","카이론의 수련장"
"src/data/maps.js","133","달빛 골짜기","달빛 골짜기"
"src/data/maps.js","143","카이론의 수련장","카이론의 수련장"
"src/data/maps.js","146","동쪽 숲길","동쪽 숲길"
"src/data/maps.js","159","달빛 골짜기","달빛 골짜기"
"src/data/maps.js","163","동쪽 숲길","동쪽 숲길"
"src/data/maps.js","164","서리 고개","서리 고개"
"src/data/maps.js","165","잊힌 골짜기","잊힌 골짜기"
"src/data/maps.js","175","잊힌 골짜기","잊힌 골짜기"
"src/data/maps.js","179","달빛 골짜기","달빛 골짜기"
"src/data/maps.js","180","옛 수호룡의 무덤","옛 수호룡의 무덤"
"src/data/maps.js","190","옛 수호룡의 무덤","옛 수호룡의 무덤"
"src/data/maps.js","193","잊힌 골짜기","잊힌 골짜기"
"src/data/maps.js","200","서리 고개","서리 고개"
"src/data/maps.js","204","달빛 골짜기","달빛 골짜기"
"src/data/maps.js","205","얼음 능선","얼음 능선"
"src/data/maps.js","211","얼음 능선","얼음 능선"
"src/data/maps.js","215","서리 고개","서리 고개"
"src/data/maps.js","216","얼어붙은 봉우리","얼어붙은 봉우리"
"src/data/maps.js","225","얼어붙은 봉우리","얼어붙은 봉우리"
"src/data/maps.js","228","얼음 능선","얼음 능선"
"src/data/maps.js","237","남쪽 숲길","남쪽 숲길"
"src/data/maps.js","241","웨스턴 마을","웨스턴 마을"
"src/data/maps.js","242","환영의 밀림","환영의 밀림"
"src/data/maps.js","243","죽은 사구","죽은 사구"
"src/data/maps.js","249","환영의 밀림","환영의 밀림"
"src/data/maps.js","253","남쪽 숲길","남쪽 숲길"
"src/data/maps.js","254","뿌리 미궁","뿌리 미궁"
"src/data/maps.js","255","뿌리골","뿌리골"
"src/data/maps.js","256","단풍 골","단풍 골"
"src/data/maps.js","266","뿌리 미궁","뿌리 미궁"
"src/data/maps.js","270","환영의 밀림","환영의 밀림"
"src/data/maps.js","271","쌍두룡의 둥지","쌍두룡의 둥지"
"src/data/maps.js","281","쌍두룡의 둥지","쌍두룡의 둥지"
"src/data/maps.js","284","뿌리 미궁","뿌리 미궁"
"src/data/maps.js","291","죽은 사구","죽은 사구"
"src/data/maps.js","294","남쪽 숲길","남쪽 숲길"
"src/data/maps.js","295","세 깃발 사구","세 깃발 사구"
"src/data/maps.js","296","바윗골","바윗골"
"src/data/maps.js","302","세 깃발 사구","세 깃발 사구"
"src/data/maps.js","305","죽은 사구","죽은 사구"
"src/data/maps.js","306","모래 폭군의 둥지","모래 폭군의 둥지"
"src/data/maps.js","316","모래 폭군의 둥지","모래 폭군의 둥지"
"src/data/maps.js","319","세 깃발 사구","세 깃발 사구"
"src/data/maps.js","319","불탄 도시","불탄 도시"
"src/data/maps.js","328","뿌리골","뿌리골"
"src/data/maps.js","331","환영의 밀림","환영의 밀림"
"src/data/maps.js","340","바윗골","바윗골"
"src/data/maps.js","343","죽은 사구","죽은 사구"
"src/data/maps.js","354","불탄 도시","불탄 도시"
"src/data/maps.js","356","모래 폭군의 둥지","모래 폭군의 둥지"
"src/data/maps.js","368","단풍 골","단풍 골"
"src/data/maps.js","372","환영의 밀림","환영의 밀림"
"src/data/maps.js","373","잿빛 화산","잿빛 화산"
"src/data/maps.js","378","잿빛 화산","잿빛 화산"
"src/data/maps.js","381","단풍 골","단풍 골"
"src/data/maps.js","382","잿길","잿길"
"src/data/maps.js","397","잿길","잿길"
"src/data/maps.js","400","잿빛 화산","잿빛 화산"
"src/data/maps.js","401","화산 정상","화산 정상"
"src/data/maps.js","410","화산 정상","화산 정상"
"src/data/maps.js","413","잿길","잿길"
"src/data/maps.js","421","가 볼 곳","가 볼 곳"
"src/data/npcs.js","4","엘더","엘더"
"src/data/npcs.js","4","티아맷","티아맷"
"src/data/npcs.js","4","포코","포코"
"src/data/npcs.js","4","그론","그론"
"src/data/npcs.js","4","나라","나라"
"src/data/npcs.js","4","카이론","카이론"
"src/data/npcs.js","5","리운","리운"
"src/data/npcs.js","5","세이란","세이란"
"src/data/npcs.js","5","하루","하루"
"src/data/npcs.js","5","유안","유안"
"src/data/npcs.js","6","키린","키린"
"src/data/npcs.js","6","레이즈","레이즈"
"src/data/npcs.js","6","미라","미라"
"src/data/npcs.js","6","더스크","더스크"
"src/data/npcs.js","7","이로","이로"
"src/data/npcs.js","7","소라","소라"
"src/data/npcs.js","7","플린트","플린트"
"src/data/npcs.js","7","엠버","엠버"
"src/data/npcs.js","8","베스나","베스나"
"src/data/npcs.js","8","이그나르","이그나르"
"src/data/npcs.js","8","이그나르","이그나르"
"src/data/npcs.js","8","도란","도란"
"src/data/npcs.js","8","미루","미루"
"src/data/npcs.js","8","단","단"
"src/data/npcs.js","8","소이","소이"
"src/data/npcs.js","8","누리","누리"
"src/data/npcs.js","8","온","온"
"src/data/npcs.js","8","비류","비류"
"src/data/npcs.js","8","버들","버들"
"src/data/npcs.js","8","자갈","자갈"
"src/data/npcs.js","8","흑단","흑단"
"src/data/npcs.js","8","잿별","잿별"
"src/data/npcs.js","8","이슬","이슬"
"src/data/npcs.js","9","모스","모스"
"src/data/npcs.js","9","펀","펀"
"src/data/npcs.js","9","가람","가람"
"src/data/npcs.js","9","돌","돌"
"src/data/npcs.js","19","레미","레미"
"src/data/npcs.js","19","카일","카일"
"src/data/npcs.js","19","세라","세라"
"src/data/npcs.js","19","루카","루카"
"src/data/npcs.js","19","에리스","에리스"
"src/data/npcs.js","19","비안","비안"
"src/data/npcs.js","19","테오","테오"
"src/data/npcs.js","19","아렌","아렌"
"src/data/npcs.js","20","셀렌","셀렌"
"src/data/npcs.js","20","쥬드","쥬드"
"src/data/npcs.js","20","파렌","파렌"
"src/data/npcs.js","20","리코","리코"
"src/data/npcs.js","20","베릴","베릴"
"src/data/npcs.js","20","신델","신델"
"src/data/npcs.js","20","카논","카논"
"src/data/npcs.js","20","드렌","드렌"
"src/data/npcs.js","21","리라","리라"
"src/data/npcs.js","21","아셀","아셀"
"src/data/npcs.js","21","로엔","로엔"
"src/data/npcs.js","21","베인","베인"
"src/data/npcs.js","21","미카","미카"
"src/data/npcs.js","21","노이","노이"
"src/data/npcs.js","21","실바","실바"
"src/data/npcs.js","21","쿠엔","쿠엔"
